Txn_ID,Date,Bank,Account,Sort_Code,Account_Name,Type,Description,Reference,Money_In,Money_Out,Amount_Signed,Balance,Counterparty_Raw,Counterparty_Norm,Counterparty_Sort_Code,Counterparty_Account,Is_Own_Account_Transfer,Source_File,Source_Row
BARCLAYS-Barclays_90311276_export-3,2024-10-01,Barclays,90311276,20-45-18,Northbridge Trading Ltd,,CASH WDL 01OCT,,0.0,150.0,-150.0,9300.0,CASH,CASH,,,False,Barclays_90311276_export.csv,3
LLOYDS-Lloyds_41283719_Oct24-Mar26-2,2024-10-01,Lloyds,41283719,,Northbridge Trading Ltd Current,BGC,BGC DENBY GARDEN CENTRES INV13278,,6484.09,-0.0,6484.09,190804.64,Denby Garden Centres,DENBY GARDEN CENTRES,,,False,Lloyds_41283719_Oct24-Mar26.csv,2
LLOYDS-Lloyds_41283719_Oct24-Mar26-3,2024-10-01,Lloyds,41283719,,Northbridge Trading Ltd Current,BGC,BGC DENBY GARDEN CENTRES INV98696,,6477.21,-0.0,6477.21,197281.85,Denby Garden Centres,DENBY GARDEN CENTRES,,,False,Lloyds_41283719_Oct24-Mar26.csv,3
LLOYDS-Lloyds_41283719_Oct24-Mar26-4,2024-10-01,Lloyds,41283719,,Northbridge Trading Ltd Current,BGC,BGC HEXHAM SUPPLIES LTD INV39256,,1788.4,-0.0,1788.4,199070.25,Hexham Supplies Ltd,HEXHAM SUPPLIES LTD,,,False,Lloyds_41283719_Oct24-Mar26.csv,4
LLOYDS-Lloyds_41283719_Oct24-Mar26-5,2024-10-01,Lloyds,41283719,,Northbridge Trading Ltd Current,BGC,BGC RAVENSCOURT LTD INV21395,,5305.84,-0.0,5305.84,204376.09,Ravenscourt Ltd,RAVENSCOURT LTD,,,False,Lloyds_41283719_Oct24-Mar26.csv,5
LLOYDS-Lloyds_41283719_Oct24-Mar26-6,2024-10-01,Lloyds,41283719,,Northbridge Trading Ltd Current,DD,DD HARTWELL FINANCE PLC,,0.0,3180.4,-3180.4,201195.69,Hartwell Finance plc,HARTWELL FINANCE PLC,,,False,Lloyds_41283719_Oct24-Mar26.csv,6
LLOYDS-Lloyds_41283719_Oct24-Mar26-7,2024-10-01,Lloyds,41283719,,Northbridge Trading Ltd Current,FPO,FPO MERIDIAN PACKAGING LTD REF 2535,2535,0.0,1429.03,-1429.03,199766.66,Meridian Packaging Ltd,MERIDIAN PACKAGING LTD,,,False,Lloyds_41283719_Oct24-Mar26.csv,7
LLOYDS-Lloyds_41283719_Oct24-Mar26-8,2024-10-01,Lloyds,41283719,,Northbridge Trading Ltd Current,SO,SO ASHCOMBE ESTATES RENT,,0.0,6250.0,-6250.0,193516.66,Ashcombe Estates,ASHCOMBE ESTATES,,,False,Lloyds_41283719_Oct24-Mar26.csv,8
LLOYDS-Lloyds_41283719_Oct24-Mar26-9,2024-10-02,Lloyds,41283719,,Northbridge Trading Ltd Current,BGC,BGC ALDERTON RETAIL LTD INV30926,,6145.49,-0.0,6145.49,199662.15,Alderton Retail Ltd,ALDERTON RETAIL LTD,,,False,Lloyds_41283719_Oct24-Mar26.csv,9
LLOYDS-Lloyds_41283719_Oct24-Mar26-10,2024-10-02,Lloyds,41283719,,Northbridge Trading Ltd Current,BGC,BGC KINGSMEAD DISTRIBUTION INV46421,,1912.74,-0.0,1912.74,201574.89,Kingsmead Distribution,KINGSMEAD DISTRIBUTION,,,False,Lloyds_41283719_Oct24-Mar26.csv,10
LLOYDS-Lloyds_41283719_Oct24-Mar26-11,2024-10-02,Lloyds,41283719,,Northbridge Trading Ltd Current,BGC,BGC RAVENSCOURT LTD INV64987,,2419.44,-0.0,2419.44,203994.33,Ravenscourt Ltd,RAVENSCOURT LTD,,,False,Lloyds_41283719_Oct24-Mar26.csv,11
LLOYDS-Lloyds_41283719_Oct24-Mar26-12,2024-10-02,Lloyds,41283719,,Northbridge Trading Ltd Current,BGC,BGC SELBY HOME STORES INV46463,,7013.56,-0.0,7013.56,211007.89,Selby Home Stores,SELBY HOME STORES,,,False,Lloyds_41283719_Oct24-Mar26.csv,12
LLOYDS-Lloyds_41283719_Oct24-Mar26-13,2024-10-02,Lloyds,41283719,,Northbridge Trading Ltd Current,FPO,FPO BRIGHTPATH PRINT LTD REF 2519,2519,0.0,2372.57,-2372.57,208635.32,Brightpath Print Ltd,BRIGHTPATH PRINT LTD,,,False,Lloyds_41283719_Oct24-Mar26.csv,13
LLOYDS-Lloyds_41283719_Oct24-Mar26-14,2024-10-02,Lloyds,41283719,,Northbridge Trading Ltd Current,FPO,FPO LUMEN ENERGY LTD REF 6635,6635,0.0,3681.8,-3681.8,204953.52,Lumen Energy Ltd,LUMEN ENERGY LTD,,,False,Lloyds_41283719_Oct24-Mar26.csv,14
LLOYDS-Lloyds_41283719_Oct24-Mar26-15,2024-10-03,Lloyds,41283719,,Northbridge Trading Ltd Current,BGC,BGC DENBY GARDEN CENTRES INV59615,,1314.64,-0.0,1314.64,206268.16,Denby Garden Centres,DENBY GARDEN CENTRES,,,False,Lloyds_41283719_Oct24-Mar26.csv,15
LLOYDS-Lloyds_41283719_Oct24-Mar26-16,2024-10-03,Lloyds,41283719,,Northbridge Trading Ltd Current,BGC,BGC JARROW BUILDERS MERCHANTS INV92397,,5524.45,-0.0,5524.45,211792.61,Jarrow Builders Merchants,JARROW BUILDERS MERCHANTS,,,False,Lloyds_41283719_Oct24-Mar26.csv,16
LLOYDS-Lloyds_41283719_Oct24-Mar26-17,2024-10-03,Lloyds,41283719,,Northbridge Trading Ltd Current,BGC,BGC LARKHILL LTD INV85674,,2199.85,-0.0,2199.85,213992.46,Larkhill Ltd,LARKHILL LTD,,,False,Lloyds_41283719_Oct24-Mar26.csv,17
LLOYDS-Lloyds_41283719_Oct24-Mar26-18,2024-10-03,Lloyds,41283719,,Northbridge Trading Ltd Current,FPO,FPO COASTLINE LOGISTICS LTD REF 4733,4733,0.0,4672.45,-4672.45,209320.01,Coastline Logistics Ltd,COASTLINE LOGISTICS LTD,,,False,Lloyds_41283719_Oct24-Mar26.csv,18
LLOYDS-Lloyds_41283719_Oct24-Mar26-19,2024-10-04,Lloyds,41283719,,Northbridge Trading Ltd Current,BGC,BGC MARSDEN DIY INV46434,,4236.6,-0.0,4236.6,213556.61,Marsden Diy,MARSDEN DIY,,,False,Lloyds_41283719_Oct24-Mar26.csv,19
LLOYDS-Lloyds_41283719_Oct24-Mar26-20,2024-10-04,Lloyds,41283719,,Northbridge Trading Ltd Current,FPO,FPO BRAMBLE ACCOUNTANTS REF 5374,5374,0.0,4255.65,-4255.65,209300.96,Bramble Accountants,BRAMBLE ACCOUNTANTS,,,False,Lloyds_41283719_Oct24-Mar26.csv,20
LLOYDS-Lloyds_41283719_Oct24-Mar26-21,2024-10-04,Lloyds,41283719,,Northbridge Trading Ltd Current,FPO,FPO PENNANT FREIGHT LTD REF 7065,7065,0.0,2228.33,-2228.33,207072.63,Pennant Freight Ltd,PENNANT FREIGHT LTD,,,False,Lloyds_41283719_Oct24-Mar26.csv,21
LLOYDS-Lloyds_41283719_Oct24-Mar26-22,2024-10-07,Lloyds,41283719,,Northbridge Trading Ltd Current,BGC,BGC FAIRBANK WHOLESALE INV70589,,3659.75,-0.0,3659.75,210732.38,Fairbank Wholesale,FAIRBANK WHOLESALE,,,False,Lloyds_41283719_Oct24-Mar26.csv,22
LLOYDS-Lloyds_41283719_Oct24-Mar26-23,2024-10-07,Lloyds,41283719,,Northbridge Trading Ltd Current,BGC,BGC RAVENSCOURT LTD INV38785,,6039.99,-0.0,6039.99,216772.37,Ravenscourt Ltd,RAVENSCOURT LTD,,,False,Lloyds_41283719_Oct24-Mar26.csv,23
LLOYDS-Lloyds_41283719_Oct24-Mar26-24,2024-10-07,Lloyds,41283719,,Northbridge Trading Ltd Current,FPO,FPO HALCYON IT SERVICES REF 1525,1525,0.0,4859.52,-4859.52,211912.85,Halcyon It Services,HALCYON IT SERVICES,,,False,Lloyds_41283719_Oct24-Mar26.csv,24
LLOYDS-Lloyds_41283719_Oct24-Mar26-25,2024-10-07,Lloyds,41283719,,Northbridge Trading Ltd Current,FPO,FPO HMRC VAT,,0.0,19059.02,-19059.02,192853.83,HMRC,HMRC,,,False,Lloyds_41283719_Oct24-Mar26.csv,25
LLOYDS-Lloyds_41283719_Oct24-Mar26-26,2024-10-08,Lloyds,41283719,,Northbridge Trading Ltd Current,BGC,BGC ISLEY & CO INV28301,,2623.69,-0.0,2623.69,195477.52,Isley & Co,ISLEY AND CO,,,False,Lloyds_41283719_Oct24-Mar26.csv,26
LLOYDS-Lloyds_41283719_Oct24-Mar26-27,2024-10-08,Lloyds,41283719,,Northbridge Trading Ltd Current,BGC,BGC KINGSMEAD DISTRIBUTION INV37869,,5812.42,-0.0,5812.42,201289.94,Kingsmead Distribution,KINGSMEAD DISTRIBUTION,,,False,Lloyds_41283719_Oct24-Mar26.csv,27
LLOYDS-Lloyds_41283719_Oct24-Mar26-28,2024-10-08,Lloyds,41283719,,Northbridge Trading Ltd Current,BGC,BGC MARSDEN DIY INV94259,,4279.04,-0.0,4279.04,205568.98,Marsden Diy,MARSDEN DIY,,,False,Lloyds_41283719_Oct24-Mar26.csv,28
LLOYDS-Lloyds_41283719_Oct24-Mar26-29,2024-10-08,Lloyds,41283719,,Northbridge Trading Ltd Current,FPO,FPO BRITISH GAS BUSINESS REF 7543,7543,0.0,2267.68,-2267.68,203301.3,British Gas Business,BRITISH GAS BUSINESS,,,False,Lloyds_41283719_Oct24-Mar26.csv,29
LLOYDS-Lloyds_41283719_Oct24-Mar26-30,2024-10-08,Lloyds,41283719,,Northbridge Trading Ltd Current,FPO,FPO OAKLINE OFFICE LTD REF 9348,9348,0.0,3037.07,-3037.07,200264.23,Oakline Office Ltd,OAKLINE OFFICE LTD,,,False,Lloyds_41283719_Oct24-Mar26.csv,30
LLOYDS-Lloyds_41283719_Oct24-Mar26-31,2024-10-08,Lloyds,41283719,,Northbridge Trading Ltd Current,FPO,FPO SABLE MARKETING LTD REF 5304,5304,0.0,4520.03,-4520.03,195744.2,Sable Marketing Ltd,SABLE MARKETING LTD,,,False,Lloyds_41283719_Oct24-Mar26.csv,31
LLOYDS-Lloyds_41283719_Oct24-Mar26-32,2024-10-09,Lloyds,41283719,,Northbridge Trading Ltd Current,BGC,BGC CASTLEFORD STORES INV60432,,3676.63,-0.0,3676.63,199420.83,Castleford Stores,CASTLEFORD STORES,,,False,Lloyds_41283719_Oct24-Mar26.csv,32
LLOYDS-Lloyds_41283719_Oct24-Mar26-33,2024-10-09,Lloyds,41283719,,Northbridge Trading Ltd Current,BGC,BGC FAIRBANK WHOLESALE INV99192,,3992.85,-0.0,3992.85,203413.68,Fairbank Wholesale,FAIRBANK WHOLESALE,,,False,Lloyds_41283719_Oct24-Mar26.csv,33
LLOYDS-Lloyds_41283719_Oct24-Mar26-34,2024-10-09,Lloyds,41283719,,Northbridge Trading Ltd Current,FPO,FPO MERIDIAN PACKAGING LTD REF 2876,2876,0.0,4138.01,-4138.01,199275.67,Meridian Packaging Ltd,MERIDIAN PACKAGING LTD,,,False,Lloyds_41283719_Oct24-Mar26.csv,34
LLOYDS-Lloyds_41283719_Oct24-Mar26-35,2024-10-09,Lloyds,41283719,,Northbridge Trading Ltd Current,FPO,FPO RIDLEY TOOLS LTD REF 5119,5119,0.0,5830.81,-5830.81,193444.86,Ridley Tools Ltd,RIDLEY TOOLS LTD,,,False,Lloyds_41283719_Oct24-Mar26.csv,35
LLOYDS-Lloyds_41283719_Oct24-Mar26-36,2024-10-10,Lloyds,41283719,,Northbridge Trading Ltd Current,BGC,BGC FAIRBANK WHOLESALE INV69470,,725.31,-0.0,725.31,194170.17,Fairbank Wholesale,FAIRBANK WHOLESALE,,,False,Lloyds_41283719_Oct24-Mar26.csv,36
LLOYDS-Lloyds_41283719_Oct24-Mar26-37,2024-10-10,Lloyds,41283719,,Northbridge Trading Ltd Current,BGC,BGC ISLEY & CO INV75612,,6643.31,-0.0,6643.31,200813.48,Isley & Co,ISLEY AND CO,,,False,Lloyds_41283719_Oct24-Mar26.csv,37
LLOYDS-Lloyds_41283719_Oct24-Mar26-38,2024-10-10,Lloyds,41283719,,Northbridge Trading Ltd Current,BGC,BGC KINGSMEAD DISTRIBUTION INV24621,,2989.3,-0.0,2989.3,203802.78,Kingsmead Distribution,KINGSMEAD DISTRIBUTION,,,False,Lloyds_41283719_Oct24-Mar26.csv,38
LLOYDS-Lloyds_41283719_Oct24-Mar26-39,2024-10-10,Lloyds,41283719,,Northbridge Trading Ltd Current,BGC,BGC QUAYSIDE RETAIL INV23947,,7490.04,-0.0,7490.04,211292.82,Quayside Retail,QUAYSIDE RETAIL,,,False,Lloyds_41283719_Oct24-Mar26.csv,39
LLOYDS-Lloyds_41283719_Oct24-Mar26-40,2024-10-10,Lloyds,41283719,,Northbridge Trading Ltd Current,FPO,FPO ELLERY LEGAL LLP REF 9317,9317,0.0,3712.48,-3712.48,207580.34,Ellery Legal Llp,ELLERY LEGAL LLP,,,False,Lloyds_41283719_Oct24-Mar26.csv,40
LLOYDS-Lloyds_41283719_Oct24-Mar26-41,2024-10-10,Lloyds,41283719,,Northbridge Trading Ltd Current,FPO,FPO OAKLINE OFFICE LTD REF 7126,7126,0.0,4610.69,-4610.69,202969.65,Oakline Office Ltd,OAKLINE OFFICE LTD,,,False,Lloyds_41283719_Oct24-Mar26.csv,41
BARCLAYS-Barclays_90311276_export-4,2024-10-11,Barclays,90311276,20-45-18,Northbridge Trading Ltd,,CARD PAYMENT SAGE SOFTWARE,,0.0,463.61,-463.61,8836.39,Sage Software,SAGE SOFTWARE,,,False,Barclays_90311276_export.csv,4
LLOYDS-Lloyds_41283719_Oct24-Mar26-42,2024-10-11,Lloyds,41283719,,Northbridge Trading Ltd Current,BGC,BGC ALDERTON RETAIL LTD INV24662,,7946.97,-0.0,7946.97,210916.62,Alderton Retail Ltd,ALDERTON RETAIL LTD,,,False,Lloyds_41283719_Oct24-Mar26.csv,42
LLOYDS-Lloyds_41283719_Oct24-Mar26-43,2024-10-11,Lloyds,41283719,,Northbridge Trading Ltd Current,BGC,BGC ALDERTON RETAIL LTD INV88504,,3228.42,-0.0,3228.42,214145.04,Alderton Retail Ltd,ALDERTON RETAIL LTD,,,False,Lloyds_41283719_Oct24-Mar26.csv,43
LLOYDS-Lloyds_41283719_Oct24-Mar26-44,2024-10-11,Lloyds,41283719,,Northbridge Trading Ltd Current,BGC,BGC JARROW BUILDERS MERCHANTS INV41385,,1151.82,-0.0,1151.82,215296.86,Jarrow Builders Merchants,JARROW BUILDERS MERCHANTS,,,False,Lloyds_41283719_Oct24-Mar26.csv,44
LLOYDS-Lloyds_41283719_Oct24-Mar26-45,2024-10-11,Lloyds,41283719,,Northbridge Trading Ltd Current,FPO,FPO ASHFORD STEEL SUPPLIES REF 2403,2403,0.0,4431.66,-4431.66,210865.2,Ashford Steel Supplies,ASHFORD STEEL SUPPLIES,,,False,Lloyds_41283719_Oct24-Mar26.csv,45
LLOYDS-Lloyds_41283719_Oct24-Mar26-46,2024-10-11,Lloyds,41283719,,Northbridge Trading Ltd Current,FPO,FPO ASHFORD STEEL SUPPLIES REF 9727,9727,0.0,4630.13,-4630.13,206235.07,Ashford Steel Supplies,ASHFORD STEEL SUPPLIES,,,False,Lloyds_41283719_Oct24-Mar26.csv,46
LLOYDS-Lloyds_41283719_Oct24-Mar26-47,2024-10-11,Lloyds,41283719,,Northbridge Trading Ltd Current,FPO,FPO OAKLINE OFFICE LTD REF 8787,8787,0.0,5689.06,-5689.06,200546.01,Oakline Office Ltd,OAKLINE OFFICE LTD,,,False,Lloyds_41283719_Oct24-Mar26.csv,47
LLOYDS-Lloyds_41283719_Oct24-Mar26-48,2024-10-14,Lloyds,41283719,,Northbridge Trading Ltd Current,BGC,BGC CASTLEFORD STORES INV54313,,864.07,-0.0,864.07,201410.08,Castleford Stores,CASTLEFORD STORES,,,False,Lloyds_41283719_Oct24-Mar26.csv,48
LLOYDS-Lloyds_41283719_Oct24-Mar26-49,2024-10-14,Lloyds,41283719,,Northbridge Trading Ltd Current,BGC,BGC ORWELL FURNISHINGS LTD INV25860,,2633.66,-0.0,2633.66,204043.74,Orwell Furnishings Ltd,ORWELL FURNISHINGS LTD,,,False,Lloyds_41283719_Oct24-Mar26.csv,49
LLOYDS-Lloyds_41283719_Oct24-Mar26-50,2024-10-14,Lloyds,41283719,,Northbridge Trading Ltd Current,BGC,BGC RAVENSCOURT LTD INV40161,,5289.83,-0.0,5289.83,209333.57,Ravenscourt Ltd,RAVENSCOURT LTD,,,False,Lloyds_41283719_Oct24-Mar26.csv,50
LLOYDS-Lloyds_41283719_Oct24-Mar26-51,2024-10-14,Lloyds,41283719,,Northbridge Trading Ltd Current,DD,DD BRITISH GAS BUSINESS,,0.0,689.01,-689.01,208644.56,British Gas Business,BRITISH GAS BUSINESS,,,False,Lloyds_41283719_Oct24-Mar26.csv,51
LLOYDS-Lloyds_41283719_Oct24-Mar26-52,2024-10-14,Lloyds,41283719,,Northbridge Trading Ltd Current,DD,DD BT BUSINESS,,0.0,413.85,-413.85,208230.71,Bt Business,BT BUSINESS,,,False,Lloyds_41283719_Oct24-Mar26.csv,52
LLOYDS-Lloyds_41283719_Oct24-Mar26-53,2024-10-14,Lloyds,41283719,,Northbridge Trading Ltd Current,DD,DD LUMEN ENERGY LTD,,0.0,1086.06,-1086.06,207144.65,Lumen Energy Ltd,LUMEN ENERGY LTD,,,False,Lloyds_41283719_Oct24-Mar26.csv,53
LLOYDS-Lloyds_41283719_Oct24-Mar26-54,2024-10-14,Lloyds,41283719,,Northbridge Trading Ltd Current,DD,DD THAMES WATER,,0.0,227.25,-227.25,206917.4,Thames Water,THAMES WATER,,,False,Lloyds_41283719_Oct24-Mar26.csv,54
LLOYDS-Lloyds_41283719_Oct24-Mar26-55,2024-10-14,Lloyds,41283719,,Northbridge Trading Ltd Current,FPO,FPO ASHFORD STEEL SUPPLIES REF 1964,1964,0.0,1489.31,-1489.31,205428.09,Ashford Steel Supplies,ASHFORD STEEL SUPPLIES,,,False,Lloyds_41283719_Oct24-Mar26.csv,55
BARCLAYS-Barclays_90311276_export-5,2024-10-15,Barclays,90311276,20-45-18,Northbridge Trading Ltd,,TFR FROM 30-96-26 41283719,,4000.0,0.0,4000.0,12836.39,Northbridge Trading Ltd,NORTHBRIDGE TRADING LTD,30-96-26,41283719,True,Barclays_90311276_export.csv,5
LLOYDS-Lloyds_41283719_Oct24-Mar26-56,2024-10-15,Lloyds,41283719,,Northbridge Trading Ltd Current,BGC,BGC QUAYSIDE RETAIL INV41195,,2872.12,-0.0,2872.12,208300.21,Quayside Retail,QUAYSIDE RETAIL,,,False,Lloyds_41283719_Oct24-Mar26.csv,56
LLOYDS-Lloyds_41283719_Oct24-Mar26-57,2024-10-15,Lloyds,41283719,,Northbridge Trading Ltd Current,FPO,FPO CARROW SECURITY LTD REF 8744,8744,0.0,1571.53,-1571.53,206728.68,Carrow Security Ltd,CARROW SECURITY LTD,,,False,Lloyds_41283719_Oct24-Mar26.csv,57
LLOYDS-Lloyds_41283719_Oct24-Mar26-58,2024-10-15,Lloyds,41283719,,Northbridge Trading Ltd Current,FPO,FPO FENWICK COMPONENTS LTD REF 9834,9834,0.0,924.02,-924.02,205804.66,Fenwick Components Ltd,FENWICK COMPONENTS LTD,,,False,Lloyds_41283719_Oct24-Mar26.csv,58
LLOYDS-Lloyds_41283719_Oct24-Mar26-59,2024-10-15,Lloyds,41283719,,Northbridge Trading Ltd Current,TFR,TFR TO 20-45-18 90311276,,0.0,4000.0,-4000.0,201804.66,Northbridge Trading Ltd,NORTHBRIDGE TRADING LTD,20-45-18,90311276,True,Lloyds_41283719_Oct24-Mar26.csv,59
LLOYDS-Lloyds_41283719_Oct24-Mar26-60,2024-10-16,Lloyds,41283719,,Northbridge Trading Ltd Current,BGC,BGC DENBY GARDEN CENTRES INV96374,,4062.2,-0.0,4062.2,205866.86,Denby Garden Centres,DENBY GARDEN CENTRES,,,False,Lloyds_41283719_Oct24-Mar26.csv,60
LLOYDS-Lloyds_41283719_Oct24-Mar26-61,2024-10-16,Lloyds,41283719,,Northbridge Trading Ltd Current,FPO,FPO BRITISH GAS BUSINESS REF 8651,8651,0.0,5203.44,-5203.44,200663.42,British Gas Business,BRITISH GAS BUSINESS,,,False,Lloyds_41283719_Oct24-Mar26.csv,61
LLOYDS-Lloyds_41283719_Oct24-Mar26-62,2024-10-16,Lloyds,41283719,,Northbridge Trading Ltd Current,FPO,FPO COASTLINE LOGISTICS LTD REF 2612,2612,0.0,504.58,-504.58,200158.84,Coastline Logistics Ltd,COASTLINE LOGISTICS LTD,,,False,Lloyds_41283719_Oct24-Mar26.csv,62
BARCLAYS-Barclays_90311276_export-6,2024-10-17,Barclays,90311276,20-45-18,Northbridge Trading Ltd,,CARD PAYMENT AMAZON BUSINESS,,0.0,43.27,-43.27,12793.12,Amazon Business,AMAZON BUSINESS,,,False,Barclays_90311276_export.csv,6
LLOYDS-Lloyds_41283719_Oct24-Mar26-63,2024-10-17,Lloyds,41283719,,Northbridge Trading Ltd Current,BGC,BGC HEXHAM SUPPLIES LTD INV35112,,2183.63,-0.0,2183.63,202342.47,Hexham Supplies Ltd,HEXHAM SUPPLIES LTD,,,False,Lloyds_41283719_Oct24-Mar26.csv,63
LLOYDS-Lloyds_41283719_Oct24-Mar26-64,2024-10-17,Lloyds,41283719,,Northbridge Trading Ltd Current,FPO,FPO BT BUSINESS REF 5092,5092,0.0,5265.74,-5265.74,197076.73,Bt Business,BT BUSINESS,,,False,Lloyds_41283719_Oct24-Mar26.csv,64
LLOYDS-Lloyds_41283719_Oct24-Mar26-65,2024-10-17,Lloyds,41283719,,Northbridge Trading Ltd Current,FPO,FPO OAKLINE OFFICE LTD REF 7912,7912,0.0,1223.41,-1223.41,195853.32,Oakline Office Ltd,OAKLINE OFFICE LTD,,,False,Lloyds_41283719_Oct24-Mar26.csv,65
LLOYDS-Lloyds_41283719_Oct24-Mar26-66,2024-10-18,Lloyds,41283719,,Northbridge Trading Ltd Current,BGC,BGC CASTLEFORD STORES INV40982,,1997.23,-0.0,1997.23,197850.55,Castleford Stores,CASTLEFORD STORES,,,False,Lloyds_41283719_Oct24-Mar26.csv,66
LLOYDS-Lloyds_41283719_Oct24-Mar26-67,2024-10-18,Lloyds,41283719,,Northbridge Trading Ltd Current,FPO,FPO COASTLINE LOGISTICS LTD REF 3697,3697,0.0,2366.99,-2366.99,195483.56,Coastline Logistics Ltd,COASTLINE LOGISTICS LTD,,,False,Lloyds_41283719_Oct24-Mar26.csv,67
LLOYDS-Lloyds_41283719_Oct24-Mar26-68,2024-10-18,Lloyds,41283719,,Northbridge Trading Ltd Current,FPO,FPO VODAFONE BUSINESS REF 4502,4502,0.0,5208.2,-5208.2,190275.36,Vodafone Business,VODAFONE BUSINESS,,,False,Lloyds_41283719_Oct24-Mar26.csv,68
LLOYDS-Lloyds_41283719_Oct24-Mar26-69,2024-10-21,Lloyds,41283719,,Northbridge Trading Ltd Current,BGC,BGC BEXLEY HOMEWARE PLC INV85914,,6438.75,-0.0,6438.75,196714.11,Bexley Homeware Plc,BEXLEY HOMEWARE PLC,,,False,Lloyds_41283719_Oct24-Mar26.csv,69
LLOYDS-Lloyds_41283719_Oct24-Mar26-70,2024-10-21,Lloyds,41283719,,Northbridge Trading Ltd Current,BGC,BGC EVERLY INTERIORS LTD INV34890,,3014.32,-0.0,3014.32,199728.43,Everly Interiors Ltd,EVERLY INTERIORS LTD,,,False,Lloyds_41283719_Oct24-Mar26.csv,70
LLOYDS-Lloyds_41283719_Oct24-Mar26-71,2024-10-21,Lloyds,41283719,,Northbridge Trading Ltd Current,BGC,BGC RAVENSCOURT LTD INV96752,,6303.58,-0.0,6303.58,206032.01,Ravenscourt Ltd,RAVENSCOURT LTD,,,False,Lloyds_41283719_Oct24-Mar26.csv,71
LLOYDS-Lloyds_41283719_Oct24-Mar26-72,2024-10-21,Lloyds,41283719,,Northbridge Trading Ltd Current,FPO,FPO KESTREL FUEL CARDS REF 1936,1936,0.0,443.33,-443.33,205588.68,Kestrel Fuel Cards,KESTREL FUEL CARDS,,,False,Lloyds_41283719_Oct24-Mar26.csv,72
LLOYDS-Lloyds_41283719_Oct24-Mar26-73,2024-10-21,Lloyds,41283719,,Northbridge Trading Ltd Current,TFR,TFR TO 60-12-44 77120931,,0.0,56000.0,-56000.0,149588.68,Northbridge Trading Ltd,NORTHBRIDGE TRADING LTD,60-12-44,77120931,True,Lloyds_41283719_Oct24-Mar26.csv,73
NATWEST-NatWest_77120931_statement-6,2024-10-21,NatWest,77120931,,Northbridge Trading Ltd,TFR,TFR FROM 30-96-26 41283719,,56000.0,0.0,56000.0,98810.1,Northbridge Trading Ltd,NORTHBRIDGE TRADING LTD,30-96-26,41283719,True,NatWest_77120931_statement.xlsx,6
LLOYDS-Lloyds_41283719_Oct24-Mar26-74,2024-10-22,Lloyds,41283719,,Northbridge Trading Ltd Current,BGC,BGC CASTLEFORD STORES INV34356,,1234.47,-0.0,1234.47,150823.15,Castleford Stores,CASTLEFORD STORES,,,False,Lloyds_41283719_Oct24-Mar26.csv,74
LLOYDS-Lloyds_41283719_Oct24-Mar26-75,2024-10-22,Lloyds,41283719,,Northbridge Trading Ltd Current,BGC,BGC CASTLEFORD STORES INV98501,,7422.19,-0.0,7422.19,158245.34,Castleford Stores,CASTLEFORD STORES,,,False,Lloyds_41283719_Oct24-Mar26.csv,75
LLOYDS-Lloyds_41283719_Oct24-Mar26-76,2024-10-22,Lloyds,41283719,,Northbridge Trading Ltd Current,BGC,BGC FAIRBANK WHOLESALE INV17455,,8194.08,-0.0,8194.08,166439.42,Fairbank Wholesale,FAIRBANK WHOLESALE,,,False,Lloyds_41283719_Oct24-Mar26.csv,76
LLOYDS-Lloyds_41283719_Oct24-Mar26-77,2024-10-22,Lloyds,41283719,,Northbridge Trading Ltd Current,FPO,FPO BRIGHTPATH PRINT LTD REF 5033,5033,0.0,3536.68,-3536.68,162902.74,Brightpath Print Ltd,BRIGHTPATH PRINT LTD,,,False,Lloyds_41283719_Oct24-Mar26.csv,77
LLOYDS-Lloyds_41283719_Oct24-Mar26-78,2024-10-22,Lloyds,41283719,,Northbridge Trading Ltd Current,FPO,FPO COASTLINE LOGISTICS LTD REF 2343,2343,0.0,2602.47,-2602.47,160300.27,Coastline Logistics Ltd,COASTLINE LOGISTICS LTD,,,False,Lloyds_41283719_Oct24-Mar26.csv,78
NATWEST-NatWest_77120931_statement-7,2024-10-22,NatWest,77120931,,Northbridge Trading Ltd,FPO,FPO HMRC PAYE 1024,,0.0,11352.52,-11352.52,87457.58,HMRC,HMRC,,,False,NatWest_77120931_statement.xlsx,7
BARCLAYS-Barclays_90311276_export-7,2024-10-23,Barclays,90311276,20-45-18,Northbridge Trading Ltd,,CARD PAYMENT ROYAL MAIL,,0.0,80.93,-80.93,12712.19,Royal Mail,ROYAL MAIL,,,False,Barclays_90311276_export.csv,7
LLOYDS-Lloyds_41283719_Oct24-Mar26-79,2024-10-23,Lloyds,41283719,,Northbridge Trading Ltd Current,BGC,BGC EVERLY INTERIORS LTD INV98039,,5734.91,-0.0,5734.91,166035.18,Everly Interiors Ltd,EVERLY INTERIORS LTD,,,False,Lloyds_41283719_Oct24-Mar26.csv,79
LLOYDS-Lloyds_41283719_Oct24-Mar26-80,2024-10-23,Lloyds,41283719,,Northbridge Trading Ltd Current,BGC,BGC KINGSMEAD DISTRIBUTION INV41285,,2771.79,-0.0,2771.79,168806.97,Kingsmead Distribution,KINGSMEAD DISTRIBUTION,,,False,Lloyds_41283719_Oct24-Mar26.csv,80
LLOYDS-Lloyds_41283719_Oct24-Mar26-81,2024-10-23,Lloyds,41283719,,Northbridge Trading Ltd Current,FPO,FPO KESTREL FUEL CARDS REF 2188,2188,0.0,204.5,-204.5,168602.47,Kestrel Fuel Cards,KESTREL FUEL CARDS,,,False,Lloyds_41283719_Oct24-Mar26.csv,81
LLOYDS-Lloyds_41283719_Oct24-Mar26-82,2024-10-23,Lloyds,41283719,,Northbridge Trading Ltd Current,FPO,FPO WEXFORD CATERING LTD REF 2638,2638,0.0,578.58,-578.58,168023.89,Wexford Catering Ltd,WEXFORD CATERING LTD,,,False,Lloyds_41283719_Oct24-Mar26.csv,82
LLOYDS-Lloyds_41283719_Oct24-Mar26-83,2024-10-24,Lloyds,41283719,,Northbridge Trading Ltd Current,BGC,BGC HEXHAM SUPPLIES LTD INV58434,,2922.9,-0.0,2922.9,170946.79,Hexham Supplies Ltd,HEXHAM SUPPLIES LTD,,,False,Lloyds_41283719_Oct24-Mar26.csv,83
LLOYDS-Lloyds_41283719_Oct24-Mar26-84,2024-10-24,Lloyds,41283719,,Northbridge Trading Ltd Current,FPO,FPO ELLERY LEGAL LLP REF 9666,9666,0.0,195.77,-195.77,170751.02,Ellery Legal Llp,ELLERY LEGAL LLP,,,False,Lloyds_41283719_Oct24-Mar26.csv,84
LLOYDS-Lloyds_41283719_Oct24-Mar26-85,2024-10-24,Lloyds,41283719,,Northbridge Trading Ltd Current,FPO,FPO SABLE MARKETING LTD REF 5956,5956,0.0,3728.31,-3728.31,167022.71,Sable Marketing Ltd,SABLE MARKETING LTD,,,False,Lloyds_41283719_Oct24-Mar26.csv,85
LLOYDS-Lloyds_41283719_Oct24-Mar26-86,2024-10-25,Lloyds,41283719,,Northbridge Trading Ltd Current,BGC,BGC DENBY GARDEN CENTRES INV27601,,2762.83,-0.0,2762.83,169785.54,Denby Garden Centres,DENBY GARDEN CENTRES,,,False,Lloyds_41283719_Oct24-Mar26.csv,86
LLOYDS-Lloyds_41283719_Oct24-Mar26-87,2024-10-25,Lloyds,41283719,,Northbridge Trading Ltd Current,BGC,BGC DENBY GARDEN CENTRES INV82512,,1912.49,-0.0,1912.49,171698.03,Denby Garden Centres,DENBY GARDEN CENTRES,,,False,Lloyds_41283719_Oct24-Mar26.csv,87
LLOYDS-Lloyds_41283719_Oct24-Mar26-88,2024-10-25,Lloyds,41283719,,Northbridge Trading Ltd Current,BGC,BGC JARROW BUILDERS MERCHANTS INV89276,,2342.91,-0.0,2342.91,174040.94,Jarrow Builders Merchants,JARROW BUILDERS MERCHANTS,,,False,Lloyds_41283719_Oct24-Mar26.csv,88
LLOYDS-Lloyds_41283719_Oct24-Mar26-89,2024-10-25,Lloyds,41283719,,Northbridge Trading Ltd Current,BGC,BGC KINGSMEAD DISTRIBUTION INV36685,,6062.48,-0.0,6062.48,180103.42,Kingsmead Distribution,KINGSMEAD DISTRIBUTION,,,False,Lloyds_41283719_Oct24-Mar26.csv,89
LLOYDS-Lloyds_41283719_Oct24-Mar26-90,2024-10-25,Lloyds,41283719,,Northbridge Trading Ltd Current,FPO,FPO COASTLINE LOGISTICS LTD REF 2512,2512,0.0,3860.56,-3860.56,176242.86,Coastline Logistics Ltd,COASTLINE LOGISTICS LTD,,,False,Lloyds_41283719_Oct24-Mar26.csv,90
LLOYDS-Lloyds_41283719_Oct24-Mar26-91,2024-10-25,Lloyds,41283719,,Northbridge Trading Ltd Current,FPO,FPO RIDLEY TOOLS LTD REF 9004,9004,0.0,1619.06,-1619.06,174623.8,Ridley Tools Ltd,RIDLEY TOOLS LTD,,,False,Lloyds_41283719_Oct24-Mar26.csv,91
NATWEST-NatWest_77120931_statement-8,2024-10-25,NatWest,77120931,,Northbridge Trading Ltd,FPO,FPO A PATEL SALARY OCT24,,0.0,1974.95,-1974.95,85482.63,A Patel,A PATEL,,,False,NatWest_77120931_statement.xlsx,8
NATWEST-NatWest_77120931_statement-9,2024-10-25,NatWest,77120931,,Northbridge Trading Ltd,FPO,FPO C WALSH SALARY OCT24,,0.0,2853.54,-2853.54,82629.09,C Walsh,C WALSH,,,False,NatWest_77120931_statement.xlsx,9
NATWEST-NatWest_77120931_statement-10,2024-10-25,NatWest,77120931,,Northbridge Trading Ltd,FPO,FPO D O'BRIEN SALARY OCT24,,0.0,2090.19,-2090.19,80538.9,D O'Brien,D O'BRIEN,,,False,NatWest_77120931_statement.xlsx,10
NATWEST-NatWest_77120931_statement-11,2024-10-25,NatWest,77120931,,Northbridge Trading Ltd,FPO,FPO E MORGAN SALARY OCT24,,0.0,2651.12,-2651.12,77887.78,E Morgan,E MORGAN,,,False,NatWest_77120931_statement.xlsx,11
NATWEST-NatWest_77120931_statement-12,2024-10-25,NatWest,77120931,,Northbridge Trading Ltd,FPO,FPO H SCHMIDT SALARY OCT24,,0.0,3506.59,-3506.59,74381.19,H Schmidt,H SCHMIDT,,,False,NatWest_77120931_statement.xlsx,12
NATWEST-NatWest_77120931_statement-13,2024-10-25,NatWest,77120931,,Northbridge Trading Ltd,FPO,FPO J SMITH SALARY OCT24,,0.0,4200.0,-4200.0,70181.19,J Smith,J SMITH,,,False,NatWest_77120931_statement.xlsx,13
NATWEST-NatWest_77120931_statement-14,2024-10-25,NatWest,77120931,,Northbridge Trading Ltd,FPO,FPO J TAYLOR SALARY OCT24,,0.0,2153.39,-2153.39,68027.8,J Taylor,J TAYLOR,,,False,NatWest_77120931_statement.xlsx,14
NATWEST-NatWest_77120931_statement-15,2024-10-25,NatWest,77120931,,Northbridge Trading Ltd,FPO,FPO L KOWALSKI SALARY OCT24,,0.0,2122.39,-2122.39,65905.41,L Kowalski,L KOWALSKI,,,False,NatWest_77120931_statement.xlsx,15
NATWEST-NatWest_77120931_statement-16,2024-10-25,NatWest,77120931,,Northbridge Trading Ltd,FPO,FPO M HUGHES SALARY OCT24,,0.0,3565.66,-3565.66,62339.75,M Hughes,M HUGHES,,,False,NatWest_77120931_statement.xlsx,16
NATWEST-NatWest_77120931_statement-17,2024-10-25,NatWest,77120931,,Northbridge Trading Ltd,FPO,FPO P SINGH SALARY OCT24,,0.0,3074.73,-3074.73,59265.02,P Singh,P SINGH,,,False,NatWest_77120931_statement.xlsx,17
NATWEST-NatWest_77120931_statement-18,2024-10-25,NatWest,77120931,,Northbridge Trading Ltd,FPO,FPO R DAVIES SALARY OCT24,,0.0,2174.69,-2174.69,57090.33,R Davies,R DAVIES,,,False,NatWest_77120931_statement.xlsx,18
NATWEST-NatWest_77120931_statement-19,2024-10-25,NatWest,77120931,,Northbridge Trading Ltd,FPO,FPO S OKAFOR SALARY OCT24,,0.0,2467.05,-2467.05,54623.28,S Okafor,S OKAFOR,,,False,NatWest_77120931_statement.xlsx,19
NATWEST-NatWest_77120931_statement-20,2024-10-25,NatWest,77120931,,Northbridge Trading Ltd,FPO,FPO T NGUYEN SALARY OCT24,,0.0,3099.63,-3099.63,51523.65,T Nguyen,T NGUYEN,,,False,NatWest_77120931_statement.xlsx,20
LLOYDS-Lloyds_41283719_Oct24-Mar26-92,2024-10-28,Lloyds,41283719,,Northbridge Trading Ltd Current,BGC,BGC BEXLEY HOMEWARE PLC INV56898,,2338.6,-0.0,2338.6,176962.4,Bexley Homeware Plc,BEXLEY HOMEWARE PLC,,,False,Lloyds_41283719_Oct24-Mar26.csv,92
LLOYDS-Lloyds_41283719_Oct24-Mar26-93,2024-10-28,Lloyds,41283719,,Northbridge Trading Ltd Current,BGC,BGC EVERLY INTERIORS LTD INV15482,,3104.42,-0.0,3104.42,180066.82,Everly Interiors Ltd,EVERLY INTERIORS LTD,,,False,Lloyds_41283719_Oct24-Mar26.csv,93
LLOYDS-Lloyds_41283719_Oct24-Mar26-94,2024-10-28,Lloyds,41283719,,Northbridge Trading Ltd Current,BGC,BGC HEXHAM SUPPLIES LTD INV97416,,1501.79,-0.0,1501.79,181568.61,Hexham Supplies Ltd,HEXHAM SUPPLIES LTD,,,False,Lloyds_41283719_Oct24-Mar26.csv,94
LLOYDS-Lloyds_41283719_Oct24-Mar26-95,2024-10-28,Lloyds,41283719,,Northbridge Trading Ltd Current,DEB,ACCOUNT FEE,,0.0,43.3,-43.3,181525.31,Lloyds,LLOYDS,,,False,Lloyds_41283719_Oct24-Mar26.csv,95
LLOYDS-Lloyds_41283719_Oct24-Mar26-96,2024-10-28,Lloyds,41283719,,Northbridge Trading Ltd Current,FPO,FPO BRITISH GAS BUSINESS REF 3532,3532,0.0,5565.72,-5565.72,175959.59,British Gas Business,BRITISH GAS BUSINESS,,,False,Lloyds_41283719_Oct24-Mar26.csv,96
LLOYDS-Lloyds_41283719_Oct24-Mar26-97,2024-10-28,Lloyds,41283719,,Northbridge Trading Ltd Current,FPO,FPO HALCYON IT SERVICES REF 3662,3662,0.0,5860.81,-5860.81,170098.78,Halcyon It Services,HALCYON IT SERVICES,,,False,Lloyds_41283719_Oct24-Mar26.csv,97
LLOYDS-Lloyds_41283719_Oct24-Mar26-98,2024-10-28,Lloyds,41283719,,Northbridge Trading Ltd Current,FPO,FPO PENNANT FREIGHT LTD REF 7755,7755,0.0,295.0,-295.0,169803.78,Pennant Freight Ltd,PENNANT FREIGHT LTD,,,False,Lloyds_41283719_Oct24-Mar26.csv,98
NATWEST-NatWest_77120931_statement-21,2024-10-28,NatWest,77120931,,Northbridge Trading Ltd,DEB,ACCOUNT CHARGES,,0.0,38.62,-38.62,51485.03,NatWest,NATWEST,,,False,NatWest_77120931_statement.xlsx,21
LLOYDS-Lloyds_41283719_Oct24-Mar26-99,2024-10-29,Lloyds,41283719,,Northbridge Trading Ltd Current,BGC,BGC DENBY GARDEN CENTRES INV60140,,7502.9,-0.0,7502.9,177306.68,Denby Garden Centres,DENBY GARDEN CENTRES,,,False,Lloyds_41283719_Oct24-Mar26.csv,99
LLOYDS-Lloyds_41283719_Oct24-Mar26-100,2024-10-29,Lloyds,41283719,,Northbridge Trading Ltd Current,BGC,BGC HEXHAM SUPPLIES LTD INV44970,,1941.74,-0.0,1941.74,179248.42,Hexham Supplies Ltd,HEXHAM SUPPLIES LTD,,,False,Lloyds_41283719_Oct24-Mar26.csv,100
LLOYDS-Lloyds_41283719_Oct24-Mar26-101,2024-10-29,Lloyds,41283719,,Northbridge Trading Ltd Current,BGC,BGC ORWELL FURNISHINGS LTD INV55830,,3080.49,-0.0,3080.49,182328.91,Orwell Furnishings Ltd,ORWELL FURNISHINGS LTD,,,False,Lloyds_41283719_Oct24-Mar26.csv,101
LLOYDS-Lloyds_41283719_Oct24-Mar26-102,2024-10-29,Lloyds,41283719,,Northbridge Trading Ltd Current,BGC,BGC PEMBROKE LIVING INV39154,,2256.67,-0.0,2256.67,184585.58,Pembroke Living,PEMBROKE LIVING,,,False,Lloyds_41283719_Oct24-Mar26.csv,102
LLOYDS-Lloyds_41283719_Oct24-Mar26-103,2024-10-29,Lloyds,41283719,,Northbridge Trading Ltd Current,FPO,FPO HALCYON IT SERVICES REF 1387,1387,0.0,4011.19,-4011.19,180574.39,Halcyon It Services,HALCYON IT SERVICES,,,False,Lloyds_41283719_Oct24-Mar26.csv,103
LLOYDS-Lloyds_41283719_Oct24-Mar26-104,2024-10-30,Lloyds,41283719,,Northbridge Trading Ltd Current,BGC,BGC ISLEY & CO INV56025,,5703.56,-0.0,5703.56,186277.95,Isley & Co,ISLEY AND CO,,,False,Lloyds_41283719_Oct24-Mar26.csv,104
LLOYDS-Lloyds_41283719_Oct24-Mar26-105,2024-10-30,Lloyds,41283719,,Northbridge Trading Ltd Current,FPO,FPO BRAMBLE ACCOUNTANTS REF 9785,9785,0.0,2087.23,-2087.23,184190.72,Bramble Accountants,BRAMBLE ACCOUNTANTS,,,False,Lloyds_41283719_Oct24-Mar26.csv,105
LLOYDS-Lloyds_41283719_Oct24-Mar26-106,2024-10-30,Lloyds,41283719,,Northbridge Trading Ltd Current,FPO,FPO MERIDIAN PACKAGING LTD REF 2889,2889,0.0,5280.67,-5280.67,178910.05,Meridian Packaging Ltd,MERIDIAN PACKAGING LTD,,,False,Lloyds_41283719_Oct24-Mar26.csv,106
LLOYDS-Lloyds_41283719_Oct24-Mar26-107,2024-10-31,Lloyds,41283719,,Northbridge Trading Ltd Current,BGC,BGC BEXLEY HOMEWARE PLC INV24208,,5353.26,-0.0,5353.26,184263.31,Bexley Homeware Plc,BEXLEY HOMEWARE PLC,,,False,Lloyds_41283719_Oct24-Mar26.csv,107
LLOYDS-Lloyds_41283719_Oct24-Mar26-108,2024-10-31,Lloyds,41283719,,Northbridge Trading Ltd Current,BGC,BGC LARKHILL LTD INV51114,,4103.87,-0.0,4103.87,188367.18,Larkhill Ltd,LARKHILL LTD,,,False,Lloyds_41283719_Oct24-Mar26.csv,108
LLOYDS-Lloyds_41283719_Oct24-Mar26-109,2024-10-31,Lloyds,41283719,,Northbridge Trading Ltd Current,FPO,FPO BRIGHTPATH PRINT LTD REF 7311,7311,0.0,5412.1,-5412.1,182955.08,Brightpath Print Ltd,BRIGHTPATH PRINT LTD,,,False,Lloyds_41283719_Oct24-Mar26.csv,109
LLOYDS-Lloyds_41283719_Oct24-Mar26-110,2024-10-31,Lloyds,41283719,,Northbridge Trading Ltd Current,FPO,FPO BRITISH GAS BUSINESS REF 1027,1027,0.0,3191.53,-3191.53,179763.55,British Gas Business,BRITISH GAS BUSINESS,,,False,Lloyds_41283719_Oct24-Mar26.csv,110
LLOYDS-Lloyds_41283719_Oct24-Mar26-111,2024-10-31,Lloyds,41283719,,Northbridge Trading Ltd Current,FPO,FPO FENWICK COMPONENTS LTD REF 5173,5173,0.0,409.66,-409.66,179353.89,Fenwick Components Ltd,FENWICK COMPONENTS LTD,,,False,Lloyds_41283719_Oct24-Mar26.csv,111
LLOYDS-Lloyds_41283719_Oct24-Mar26-112,2024-11-01,Lloyds,41283719,,Northbridge Trading Ltd Current,BGC,BGC DENBY GARDEN CENTRES INV49363,,4655.56,-0.0,4655.56,184009.45,Denby Garden Centres,DENBY GARDEN CENTRES,,,False,Lloyds_41283719_Oct24-Mar26.csv,112
LLOYDS-Lloyds_41283719_Oct24-Mar26-113,2024-11-01,Lloyds,41283719,,Northbridge Trading Ltd Current,BGC,BGC GLENMORE TRADING INV57739,,4064.12,-0.0,4064.12,188073.57,Glenmore Trading,GLENMORE TRADING,,,False,Lloyds_41283719_Oct24-Mar26.csv,113
LLOYDS-Lloyds_41283719_Oct24-Mar26-114,2024-11-01,Lloyds,41283719,,Northbridge Trading Ltd Current,BGC,BGC KINGSMEAD DISTRIBUTION INV91678,,3148.54,-0.0,3148.54,191222.11,Kingsmead Distribution,KINGSMEAD DISTRIBUTION,,,False,Lloyds_41283719_Oct24-Mar26.csv,114
LLOYDS-Lloyds_41283719_Oct24-Mar26-115,2024-11-01,Lloyds,41283719,,Northbridge Trading Ltd Current,BGC,BGC NEWHAM HARDWARE INV52753,,3838.72,-0.0,3838.72,195060.83,Newham Hardware,NEWHAM HARDWARE,,,False,Lloyds_41283719_Oct24-Mar26.csv,115
LLOYDS-Lloyds_41283719_Oct24-Mar26-116,2024-11-01,Lloyds,41283719,,Northbridge Trading Ltd Current,DD,DD HARTWELL FINANCE PLC,,0.0,3180.4,-3180.4,191880.43,Hartwell Finance plc,HARTWELL FINANCE PLC,,,False,Lloyds_41283719_Oct24-Mar26.csv,116
LLOYDS-Lloyds_41283719_Oct24-Mar26-117,2024-11-01,Lloyds,41283719,,Northbridge Trading Ltd Current,FPO,FPO BRAMBLE ACCOUNTANTS REF 7211,7211,0.0,4112.31,-4112.31,187768.12,Bramble Accountants,BRAMBLE ACCOUNTANTS,,,False,Lloyds_41283719_Oct24-Mar26.csv,117
LLOYDS-Lloyds_41283719_Oct24-Mar26-118,2024-11-01,Lloyds,41283719,,Northbridge Trading Ltd Current,FPO,FPO SABLE MARKETING LTD REF 3085,3085,0.0,1272.26,-1272.26,186495.86,Sable Marketing Ltd,SABLE MARKETING LTD,,,False,Lloyds_41283719_Oct24-Mar26.csv,118
LLOYDS-Lloyds_41283719_Oct24-Mar26-119,2024-11-01,Lloyds,41283719,,Northbridge Trading Ltd Current,SO,SO ASHCOMBE ESTATES RENT,,0.0,6250.0,-6250.0,180245.86,Ashcombe Estates,ASHCOMBE ESTATES,,,False,Lloyds_41283719_Oct24-Mar26.csv,119
LLOYDS-Lloyds_41283719_Oct24-Mar26-120,2024-11-04,Lloyds,41283719,,Northbridge Trading Ltd Current,BGC,BGC JARROW BUILDERS MERCHANTS INV47606,,2339.42,-0.0,2339.42,182585.28,Jarrow Builders Merchants,JARROW BUILDERS MERCHANTS,,,False,Lloyds_41283719_Oct24-Mar26.csv,120
LLOYDS-Lloyds_41283719_Oct24-Mar26-121,2024-11-04,Lloyds,41283719,,Northbridge Trading Ltd Current,FPO,FPO BT BUSINESS REF 4501,4501,0.0,3140.37,-3140.37,179444.91,Bt Business,BT BUSINESS,,,False,Lloyds_41283719_Oct24-Mar26.csv,121
LLOYDS-Lloyds_41283719_Oct24-Mar26-122,2024-11-04,Lloyds,41283719,,Northbridge Trading Ltd Current,FPO,FPO PENNANT FREIGHT LTD REF 2389,2389,0.0,1810.15,-1810.15,177634.76,Pennant Freight Ltd,PENNANT FREIGHT LTD,,,False,Lloyds_41283719_Oct24-Mar26.csv,122
LLOYDS-Lloyds_41283719_Oct24-Mar26-123,2024-11-04,Lloyds,41283719,,Northbridge Trading Ltd Current,FPO,FPO WEXFORD CATERING LTD REF 6279,6279,0.0,2870.18,-2870.18,174764.58,Wexford Catering Ltd,WEXFORD CATERING LTD,,,False,Lloyds_41283719_Oct24-Mar26.csv,123
LLOYDS-Lloyds_41283719_Oct24-Mar26-124,2024-11-05,Lloyds,41283719,,Northbridge Trading Ltd Current,BGC,BGC HEXHAM SUPPLIES LTD INV98184,,3121.27,-0.0,3121.27,177885.85,Hexham Supplies Ltd,HEXHAM SUPPLIES LTD,,,False,Lloyds_41283719_Oct24-Mar26.csv,124
LLOYDS-Lloyds_41283719_Oct24-Mar26-125,2024-11-05,Lloyds,41283719,,Northbridge Trading Ltd Current,FPO,FPO OAKLINE OFFICE LTD REF 1400,1400,0.0,420.35,-420.35,177465.5,Oakline Office Ltd,OAKLINE OFFICE LTD,,,False,Lloyds_41283719_Oct24-Mar26.csv,125
BARCLAYS-Barclays_90311276_export-8,2024-11-06,Barclays,90311276,20-45-18,Northbridge Trading Ltd,,CARD PAYMENT MICROSOFT,,0.0,43.1,-43.1,12669.09,Microsoft,MICROSOFT,,,False,Barclays_90311276_export.csv,8
LLOYDS-Lloyds_41283719_Oct24-Mar26-126,2024-11-06,Lloyds,41283719,,Northbridge Trading Ltd Current,BGC,BGC ORWELL FURNISHINGS LTD INV64321,,7611.87,-0.0,7611.87,185077.37,Orwell Furnishings Ltd,ORWELL FURNISHINGS LTD,,,False,Lloyds_41283719_Oct24-Mar26.csv,126
LLOYDS-Lloyds_41283719_Oct24-Mar26-127,2024-11-06,Lloyds,41283719,,Northbridge Trading Ltd Current,FPO,FPO FENWICK COMPONENTS LTD REF 7291,7291,0.0,3042.11,-3042.11,182035.26,Fenwick Components Ltd,FENWICK COMPONENTS LTD,,,False,Lloyds_41283719_Oct24-Mar26.csv,127
LLOYDS-Lloyds_41283719_Oct24-Mar26-128,2024-11-06,Lloyds,41283719,,Northbridge Trading Ltd Current,FPO,FPO HALCYON IT SERVICES REF 3417,3417,0.0,3987.94,-3987.94,178047.32,Halcyon It Services,HALCYON IT SERVICES,,,False,Lloyds_41283719_Oct24-Mar26.csv,128
LLOYDS-Lloyds_41283719_Oct24-Mar26-129,2024-11-06,Lloyds,41283719,,Northbridge Trading Ltd Current,FPO,FPO MERIDIAN PACKAGING LTD REF 2746,2746,0.0,4703.76,-4703.76,173343.56,Meridian Packaging Ltd,MERIDIAN PACKAGING LTD,,,False,Lloyds_41283719_Oct24-Mar26.csv,129
LLOYDS-Lloyds_41283719_Oct24-Mar26-130,2024-11-07,Lloyds,41283719,,Northbridge Trading Ltd Current,BGC,BGC ORWELL FURNISHINGS LTD INV27477,,6951.05,-0.0,6951.05,180294.61,Orwell Furnishings Ltd,ORWELL FURNISHINGS LTD,,,False,Lloyds_41283719_Oct24-Mar26.csv,130
LLOYDS-Lloyds_41283719_Oct24-Mar26-131,2024-11-07,Lloyds,41283719,,Northbridge Trading Ltd Current,FPO,FPO BT BUSINESS REF 9270,9270,0.0,2646.43,-2646.43,177648.18,Bt Business,BT BUSINESS,,,False,Lloyds_41283719_Oct24-Mar26.csv,131
LLOYDS-Lloyds_41283719_Oct24-Mar26-132,2024-11-07,Lloyds,41283719,,Northbridge Trading Ltd Current,FPO,FPO SABLE MARKETING LTD REF 6198,6198,0.0,5707.73,-5707.73,171940.45,Sable Marketing Ltd,SABLE MARKETING LTD,,,False,Lloyds_41283719_Oct24-Mar26.csv,132
LLOYDS-Lloyds_41283719_Oct24-Mar26-133,2024-11-07,Lloyds,41283719,,Northbridge Trading Ltd Current,FPO,FPO SABLE MARKETING LTD REF 8305,8305,0.0,5398.67,-5398.67,166541.78,Sable Marketing Ltd,SABLE MARKETING LTD,,,False,Lloyds_41283719_Oct24-Mar26.csv,133
LLOYDS-Lloyds_41283719_Oct24-Mar26-134,2024-11-08,Lloyds,41283719,,Northbridge Trading Ltd Current,BGC,BGC HEXHAM SUPPLIES LTD INV93579,,2863.03,-0.0,2863.03,169404.81,Hexham Supplies Ltd,HEXHAM SUPPLIES LTD,,,False,Lloyds_41283719_Oct24-Mar26.csv,134
LLOYDS-Lloyds_41283719_Oct24-Mar26-135,2024-11-08,Lloyds,41283719,,Northbridge Trading Ltd Current,BGC,BGC QUAYSIDE RETAIL INV73517,,5588.64,-0.0,5588.64,174993.45,Quayside Retail,QUAYSIDE RETAIL,,,False,Lloyds_41283719_Oct24-Mar26.csv,135
LLOYDS-Lloyds_41283719_Oct24-Mar26-136,2024-11-08,Lloyds,41283719,,Northbridge Trading Ltd Current,FPO,FPO BT BUSINESS REF 2269,2269,0.0,4324.24,-4324.24,170669.21,Bt Business,BT BUSINESS,,,False,Lloyds_41283719_Oct24-Mar26.csv,136
LLOYDS-Lloyds_41283719_Oct24-Mar26-137,2024-11-08,Lloyds,41283719,,Northbridge Trading Ltd Current,FPO,FPO HALCYON IT SERVICES REF 5451,5451,0.0,2114.71,-2114.71,168554.5,Halcyon It Services,HALCYON IT SERVICES,,,False,Lloyds_41283719_Oct24-Mar26.csv,137
LLOYDS-Lloyds_41283719_Oct24-Mar26-138,2024-11-11,Lloyds,41283719,,Northbridge Trading Ltd Current,BGC,BGC GLENMORE TRADING INV18418,,3935.97,-0.0,3935.97,172490.47,Glenmore Trading,GLENMORE TRADING,,,False,Lloyds_41283719_Oct24-Mar26.csv,138
LLOYDS-Lloyds_41283719_Oct24-Mar26-139,2024-11-11,Lloyds,41283719,,Northbridge Trading Ltd Current,BGC,BGC KINGSMEAD DISTRIBUTION INV81121,,4334.21,-0.0,4334.21,176824.68,Kingsmead Distribution,KINGSMEAD DISTRIBUTION,,,False,Lloyds_41283719_Oct24-Mar26.csv,139
LLOYDS-Lloyds_41283719_Oct24-Mar26-140,2024-11-11,Lloyds,41283719,,Northbridge Trading Ltd Current,FPO,FPO FENWICK COMPONENTS LTD REF 7883,7883,0.0,2428.44,-2428.44,174396.24,Fenwick Components Ltd,FENWICK COMPONENTS LTD,,,False,Lloyds_41283719_Oct24-Mar26.csv,140
BARCLAYS-Barclays_90311276_export-9,2024-11-12,Barclays,90311276,20-45-18,Northbridge Trading Ltd,,CASH WDL 12NOV,,0.0,200.0,-200.0,12469.09,CASH,CASH,,,False,Barclays_90311276_export.csv,9
LLOYDS-Lloyds_41283719_Oct24-Mar26-141,2024-11-12,Lloyds,41283719,,Northbridge Trading Ltd Current,BGC,BGC SELBY HOME STORES INV59857,,4420.44,-0.0,4420.44,178816.68,Selby Home Stores,SELBY HOME STORES,,,False,Lloyds_41283719_Oct24-Mar26.csv,141
LLOYDS-Lloyds_41283719_Oct24-Mar26-142,2024-11-12,Lloyds,41283719,,Northbridge Trading Ltd Current,DD,DD BRITISH GAS BUSINESS,,0.0,659.82,-659.82,178156.86,British Gas Business,BRITISH GAS BUSINESS,,,False,Lloyds_41283719_Oct24-Mar26.csv,142
LLOYDS-Lloyds_41283719_Oct24-Mar26-143,2024-11-12,Lloyds,41283719,,Northbridge Trading Ltd Current,DD,DD BT BUSINESS,,0.0,356.26,-356.26,177800.6,Bt Business,BT BUSINESS,,,False,Lloyds_41283719_Oct24-Mar26.csv,143
LLOYDS-Lloyds_41283719_Oct24-Mar26-144,2024-11-12,Lloyds,41283719,,Northbridge Trading Ltd Current,DD,DD LUMEN ENERGY LTD,,0.0,1098.44,-1098.44,176702.16,Lumen Energy Ltd,LUMEN ENERGY LTD,,,False,Lloyds_41283719_Oct24-Mar26.csv,144
LLOYDS-Lloyds_41283719_Oct24-Mar26-145,2024-11-12,Lloyds,41283719,,Northbridge Trading Ltd Current,DD,DD THAMES WATER,,0.0,196.97,-196.97,176505.19,Thames Water,THAMES WATER,,,False,Lloyds_41283719_Oct24-Mar26.csv,145
LLOYDS-Lloyds_41283719_Oct24-Mar26-146,2024-11-12,Lloyds,41283719,,Northbridge Trading Ltd Current,FPO,FPO BRITISH GAS BUSINESS REF 9818,9818,0.0,4522.97,-4522.97,171982.22,British Gas Business,BRITISH GAS BUSINESS,,,False,Lloyds_41283719_Oct24-Mar26.csv,146
LLOYDS-Lloyds_41283719_Oct24-Mar26-147,2024-11-12,Lloyds,41283719,,Northbridge Trading Ltd Current,FPO,FPO STONEBRIDGE INSURANCE BROKERS REF 7389,7389,0.0,5142.67,-5142.67,166839.55,Stonebridge Insurance Brokers,STONEBRIDGE INSURANCE BROKERS,,,False,Lloyds_41283719_Oct24-Mar26.csv,147
LLOYDS-Lloyds_41283719_Oct24-Mar26-148,2024-11-13,Lloyds,41283719,,Northbridge Trading Ltd Current,BGC,BGC ALDERTON RETAIL LTD INV21003,,5713.45,-0.0,5713.45,172553.0,Alderton Retail Ltd,ALDERTON RETAIL LTD,,,False,Lloyds_41283719_Oct24-Mar26.csv,148
LLOYDS-Lloyds_41283719_Oct24-Mar26-149,2024-11-13,Lloyds,41283719,,Northbridge Trading Ltd Current,BGC,BGC EVERLY INTERIORS LTD INV91560,,4866.16,-0.0,4866.16,177419.16,Everly Interiors Ltd,EVERLY INTERIORS LTD,,,False,Lloyds_41283719_Oct24-Mar26.csv,149
LLOYDS-Lloyds_41283719_Oct24-Mar26-150,2024-11-13,Lloyds,41283719,,Northbridge Trading Ltd Current,BGC,BGC MARSDEN DIY INV31632,,7255.94,-0.0,7255.94,184675.1,Marsden Diy,MARSDEN DIY,,,False,Lloyds_41283719_Oct24-Mar26.csv,150
LLOYDS-Lloyds_41283719_Oct24-Mar26-151,2024-11-13,Lloyds,41283719,,Northbridge Trading Ltd Current,BGC,BGC MARSDEN DIY INV87580,,5102.26,-0.0,5102.26,189777.36,Marsden Diy,MARSDEN DIY,,,False,Lloyds_41283719_Oct24-Mar26.csv,151
LLOYDS-Lloyds_41283719_Oct24-Mar26-152,2024-11-13,Lloyds,41283719,,Northbridge Trading Ltd Current,FPO,FPO BT BUSINESS REF 3977,3977,0.0,444.17,-444.17,189333.19,Bt Business,BT BUSINESS,,,False,Lloyds_41283719_Oct24-Mar26.csv,152
LLOYDS-Lloyds_41283719_Oct24-Mar26-153,2024-11-14,Lloyds,41283719,,Northbridge Trading Ltd Current,BGC,BGC KINGSMEAD DISTRIBUTION INV59692,,2870.4,-0.0,2870.4,192203.59,Kingsmead Distribution,KINGSMEAD DISTRIBUTION,,,False,Lloyds_41283719_Oct24-Mar26.csv,153
LLOYDS-Lloyds_41283719_Oct24-Mar26-154,2024-11-14,Lloyds,41283719,,Northbridge Trading Ltd Current,BGC,BGC NEWHAM HARDWARE INV43065,,7212.31,-0.0,7212.31,199415.9,Newham Hardware,NEWHAM HARDWARE,,,False,Lloyds_41283719_Oct24-Mar26.csv,154
LLOYDS-Lloyds_41283719_Oct24-Mar26-155,2024-11-14,Lloyds,41283719,,Northbridge Trading Ltd Current,FPO,FPO LUMEN ENERGY LTD REF 4673,4673,0.0,3953.34,-3953.34,195462.56,Lumen Energy Ltd,LUMEN ENERGY LTD,,,False,Lloyds_41283719_Oct24-Mar26.csv,155
LLOYDS-Lloyds_41283719_Oct24-Mar26-156,2024-11-14,Lloyds,41283719,,Northbridge Trading Ltd Current,FPO,FPO MERIDIAN PACKAGING LTD REF 9837,9837,0.0,454.7,-454.7,195007.86,Meridian Packaging Ltd,MERIDIAN PACKAGING LTD,,,False,Lloyds_41283719_Oct24-Mar26.csv,156
BARCLAYS-Barclays_90311276_export-10,2024-11-15,Barclays,90311276,20-45-18,Northbridge Trading Ltd,,TFR FROM 30-96-26 41283719,,4000.0,0.0,4000.0,16469.09,Northbridge Trading Ltd,NORTHBRIDGE TRADING LTD,30-96-26,41283719,True,Barclays_90311276_export.csv,10
LLOYDS-Lloyds_41283719_Oct24-Mar26-157,2024-11-15,Lloyds,41283719,,Northbridge Trading Ltd Current,BGC,BGC HEXHAM SUPPLIES LTD INV36130,,7245.99,-0.0,7245.99,202253.85,Hexham Supplies Ltd,HEXHAM SUPPLIES LTD,,,False,Lloyds_41283719_Oct24-Mar26.csv,157
LLOYDS-Lloyds_41283719_Oct24-Mar26-158,2024-11-15,Lloyds,41283719,,Northbridge Trading Ltd Current,FPO,FPO BRAMBLE ACCOUNTANTS REF 2874,2874,0.0,3449.22,-3449.22,198804.63,Bramble Accountants,BRAMBLE ACCOUNTANTS,,,False,Lloyds_41283719_Oct24-Mar26.csv,158
LLOYDS-Lloyds_41283719_Oct24-Mar26-159,2024-11-15,Lloyds,41283719,,Northbridge Trading Ltd Current,FPO,FPO FENWICK COMPONENTS LTD REF 8619,8619,0.0,4241.87,-4241.87,194562.76,Fenwick Components Ltd,FENWICK COMPONENTS LTD,,,False,Lloyds_41283719_Oct24-Mar26.csv,159
LLOYDS-Lloyds_41283719_Oct24-Mar26-160,2024-11-15,Lloyds,41283719,,Northbridge Trading Ltd Current,FPO,FPO OAKLINE OFFICE LTD REF 4908,4908,0.0,888.39,-888.39,193674.37,Oakline Office Ltd,OAKLINE OFFICE LTD,,,False,Lloyds_41283719_Oct24-Mar26.csv,160
LLOYDS-Lloyds_41283719_Oct24-Mar26-161,2024-11-15,Lloyds,41283719,,Northbridge Trading Ltd Current,TFR,TFR TO 20-45-18 90311276,,0.0,4000.0,-4000.0,189674.37,Northbridge Trading Ltd,NORTHBRIDGE TRADING LTD,20-45-18,90311276,True,Lloyds_41283719_Oct24-Mar26.csv,161
LLOYDS-Lloyds_41283719_Oct24-Mar26-162,2024-11-18,Lloyds,41283719,,Northbridge Trading Ltd Current,BGC,BGC FAIRBANK WHOLESALE INV50768,,1543.17,-0.0,1543.17,191217.54,Fairbank Wholesale,FAIRBANK WHOLESALE,,,False,Lloyds_41283719_Oct24-Mar26.csv,162
LLOYDS-Lloyds_41283719_Oct24-Mar26-163,2024-11-18,Lloyds,41283719,,Northbridge Trading Ltd Current,FPO,FPO STONEBRIDGE INSURANCE BROKERS REF 7149,7149,0.0,2470.43,-2470.43,188747.11,Stonebridge Insurance Brokers,STONEBRIDGE INSURANCE BROKERS,,,False,Lloyds_41283719_Oct24-Mar26.csv,163
BARCLAYS-Barclays_90311276_export-11,2024-11-19,Barclays,90311276,20-45-18,Northbridge Trading Ltd,,CARD PAYMENT DHL EXPRESS,,0.0,312.37,-312.37,16156.72,Dhl Express,DHL EXPRESS,,,False,Barclays_90311276_export.csv,11
LLOYDS-Lloyds_41283719_Oct24-Mar26-164,2024-11-19,Lloyds,41283719,,Northbridge Trading Ltd Current,BGC,BGC DENBY GARDEN CENTRES INV84177,,6804.56,-0.0,6804.56,195551.67,Denby Garden Centres,DENBY GARDEN CENTRES,,,False,Lloyds_41283719_Oct24-Mar26.csv,164
LLOYDS-Lloyds_41283719_Oct24-Mar26-165,2024-11-19,Lloyds,41283719,,Northbridge Trading Ltd Current,BGC,BGC HEXHAM SUPPLIES LTD INV23356,,6138.11,-0.0,6138.11,201689.78,Hexham Supplies Ltd,HEXHAM SUPPLIES LTD,,,False,Lloyds_41283719_Oct24-Mar26.csv,165
LLOYDS-Lloyds_41283719_Oct24-Mar26-166,2024-11-19,Lloyds,41283719,,Northbridge Trading Ltd Current,BGC,BGC JARROW BUILDERS MERCHANTS INV99687,,5383.21,-0.0,5383.21,207072.99,Jarrow Builders Merchants,JARROW BUILDERS MERCHANTS,,,False,Lloyds_41283719_Oct24-Mar26.csv,166
LLOYDS-Lloyds_41283719_Oct24-Mar26-167,2024-11-19,Lloyds,41283719,,Northbridge Trading Ltd Current,BGC,BGC LARKHILL LTD INV79827,,4041.35,-0.0,4041.35,211114.34,Larkhill Ltd,LARKHILL LTD,,,False,Lloyds_41283719_Oct24-Mar26.csv,167
LLOYDS-Lloyds_41283719_Oct24-Mar26-168,2024-11-19,Lloyds,41283719,,Northbridge Trading Ltd Current,FPO,FPO ASHFORD STEEL SUPPLIES REF 9289,9289,0.0,3938.13,-3938.13,207176.21,Ashford Steel Supplies,ASHFORD STEEL SUPPLIES,,,False,Lloyds_41283719_Oct24-Mar26.csv,168
LLOYDS-Lloyds_41283719_Oct24-Mar26-169,2024-11-19,Lloyds,41283719,,Northbridge Trading Ltd Current,FPO,FPO MERIDIAN PACKAGING LTD REF 7882,7882,0.0,4960.64,-4960.64,202215.57,Meridian Packaging Ltd,MERIDIAN PACKAGING LTD,,,False,Lloyds_41283719_Oct24-Mar26.csv,169
BARCLAYS-Barclays_90311276_export-12,2024-11-20,Barclays,90311276,20-45-18,Northbridge Trading Ltd,,CARD PAYMENT MICROSOFT,,0.0,282.13,-282.13,15874.59,Microsoft,MICROSOFT,,,False,Barclays_90311276_export.csv,12
LLOYDS-Lloyds_41283719_Oct24-Mar26-170,2024-11-20,Lloyds,41283719,,Northbridge Trading Ltd Current,BGC,BGC EVERLY INTERIORS LTD INV67080,,2073.87,-0.0,2073.87,204289.44,Everly Interiors Ltd,EVERLY INTERIORS LTD,,,False,Lloyds_41283719_Oct24-Mar26.csv,170
LLOYDS-Lloyds_41283719_Oct24-Mar26-171,2024-11-20,Lloyds,41283719,,Northbridge Trading Ltd Current,BGC,BGC QUAYSIDE RETAIL INV95256,,2806.64,-0.0,2806.64,207096.08,Quayside Retail,QUAYSIDE RETAIL,,,False,Lloyds_41283719_Oct24-Mar26.csv,171
LLOYDS-Lloyds_41283719_Oct24-Mar26-172,2024-11-20,Lloyds,41283719,,Northbridge Trading Ltd Current,BGC,BGC RAVENSCOURT LTD INV73372,,4326.02,-0.0,4326.02,211422.1,Ravenscourt Ltd,RAVENSCOURT LTD,,,False,Lloyds_41283719_Oct24-Mar26.csv,172
LLOYDS-Lloyds_41283719_Oct24-Mar26-173,2024-11-20,Lloyds,41283719,,Northbridge Trading Ltd Current,BGC,BGC SELBY HOME STORES INV45179,,3213.98,-0.0,3213.98,214636.08,Selby Home Stores,SELBY HOME STORES,,,False,Lloyds_41283719_Oct24-Mar26.csv,173
LLOYDS-Lloyds_41283719_Oct24-Mar26-174,2024-11-20,Lloyds,41283719,,Northbridge Trading Ltd Current,FPO,FPO ASHFORD STEEL SUPPLIES REF 5569,5569,0.0,5307.54,-5307.54,209328.54,Ashford Steel Supplies,ASHFORD STEEL SUPPLIES,,,False,Lloyds_41283719_Oct24-Mar26.csv,174
LLOYDS-Lloyds_41283719_Oct24-Mar26-175,2024-11-20,Lloyds,41283719,,Northbridge Trading Ltd Current,TFR,TFR TO 60-12-44 77120931,,0.0,56000.0,-56000.0,153328.54,Northbridge Trading Ltd,NORTHBRIDGE TRADING LTD,60-12-44,77120931,True,Lloyds_41283719_Oct24-Mar26.csv,175
NATWEST-NatWest_77120931_statement-22,2024-11-20,NatWest,77120931,,Northbridge Trading Ltd,TFR,TFR FROM 30-96-26 41283719,,56000.0,0.0,56000.0,107485.03,Northbridge Trading Ltd,NORTHBRIDGE TRADING LTD,30-96-26,41283719,True,NatWest_77120931_statement.xlsx,22
BARCLAYS-Barclays_90311276_export-13,2024-11-21,Barclays,90311276,20-45-18,Northbridge Trading Ltd,,CARD PAYMENT TRAVIS PERKINS,,0.0,351.23,-351.23,15523.36,Travis Perkins,TRAVIS PERKINS,,,False,Barclays_90311276_export.csv,13
LLOYDS-Lloyds_41283719_Oct24-Mar26-176,2024-11-21,Lloyds,41283719,,Northbridge Trading Ltd Current,BGC,BGC ALDERTON RETAIL LTD INV74789,,7337.43,-0.0,7337.43,160665.97,Alderton Retail Ltd,ALDERTON RETAIL LTD,,,False,Lloyds_41283719_Oct24-Mar26.csv,176
LLOYDS-Lloyds_41283719_Oct24-Mar26-177,2024-11-21,Lloyds,41283719,,Northbridge Trading Ltd Current,BGC,BGC FAIRBANK WHOLESALE INV73904,,2354.53,-0.0,2354.53,163020.5,Fairbank Wholesale,FAIRBANK WHOLESALE,,,False,Lloyds_41283719_Oct24-Mar26.csv,177
LLOYDS-Lloyds_41283719_Oct24-Mar26-178,2024-11-21,Lloyds,41283719,,Northbridge Trading Ltd Current,FPO,FPO KESTREL FUEL CARDS REF 5581,5581,0.0,5299.87,-5299.87,157720.63,Kestrel Fuel Cards,KESTREL FUEL CARDS,,,False,Lloyds_41283719_Oct24-Mar26.csv,178
LLOYDS-Lloyds_41283719_Oct24-Mar26-179,2024-11-21,Lloyds,41283719,,Northbridge Trading Ltd Current,FPO,FPO REDGATE CLEANING LTD REF 1166,1166,0.0,3172.27,-3172.27,154548.36,Redgate Cleaning Ltd,REDGATE CLEANING LTD,,,False,Lloyds_41283719_Oct24-Mar26.csv,179
LLOYDS-Lloyds_41283719_Oct24-Mar26-180,2024-11-22,Lloyds,41283719,,Northbridge Trading Ltd Current,BGC,BGC ORWELL FURNISHINGS LTD INV12260,,1425.82,-0.0,1425.82,155974.18,Orwell Furnishings Ltd,ORWELL FURNISHINGS LTD,,,False,Lloyds_41283719_Oct24-Mar26.csv,180
LLOYDS-Lloyds_41283719_Oct24-Mar26-181,2024-11-22,Lloyds,41283719,,Northbridge Trading Ltd Current,BGC,BGC PEMBROKE LIVING INV94659,,6252.37,-0.0,6252.37,162226.55,Pembroke Living,PEMBROKE LIVING,,,False,Lloyds_41283719_Oct24-Mar26.csv,181
LLOYDS-Lloyds_41283719_Oct24-Mar26-182,2024-11-22,Lloyds,41283719,,Northbridge Trading Ltd Current,FPO,FPO THAMES WATER REF 4986,4986,0.0,1941.31,-1941.31,160285.24,Thames Water,THAMES WATER,,,False,Lloyds_41283719_Oct24-Mar26.csv,182
NATWEST-NatWest_77120931_statement-23,2024-11-22,NatWest,77120931,,Northbridge Trading Ltd,FPO,FPO HMRC PAYE 1124,,0.0,11129.67,-11129.67,96355.36,HMRC,HMRC,,,False,NatWest_77120931_statement.xlsx,23
LLOYDS-Lloyds_41283719_Oct24-Mar26-183,2024-11-25,Lloyds,41283719,,Northbridge Trading Ltd Current,BGC,BGC ISLEY & CO INV40217,,1641.12,-0.0,1641.12,161926.36,Isley & Co,ISLEY AND CO,,,False,Lloyds_41283719_Oct24-Mar26.csv,183
LLOYDS-Lloyds_41283719_Oct24-Mar26-184,2024-11-25,Lloyds,41283719,,Northbridge Trading Ltd Current,BGC,BGC LARKHILL LTD INV69473,,2813.15,-0.0,2813.15,164739.51,Larkhill Ltd,LARKHILL LTD,,,False,Lloyds_41283719_Oct24-Mar26.csv,184
LLOYDS-Lloyds_41283719_Oct24-Mar26-185,2024-11-25,Lloyds,41283719,,Northbridge Trading Ltd Current,FPO,FPO KESTREL FUEL CARDS REF 2958,2958,0.0,4495.85,-4495.85,160243.66,Kestrel Fuel Cards,KESTREL FUEL CARDS,,,False,Lloyds_41283719_Oct24-Mar26.csv,185
NATWEST-NatWest_77120931_statement-24,2024-11-25,NatWest,77120931,,Northbridge Trading Ltd,FPO,FPO A PATEL SALARY NOV24,,0.0,3073.28,-3073.28,93282.08,A Patel,A PATEL,,,False,NatWest_77120931_statement.xlsx,24
NATWEST-NatWest_77120931_statement-25,2024-11-25,NatWest,77120931,,Northbridge Trading Ltd,FPO,FPO C WALSH SALARY NOV24,,0.0,3566.87,-3566.87,89715.21,C Walsh,C WALSH,,,False,NatWest_77120931_statement.xlsx,25
NATWEST-NatWest_77120931_statement-26,2024-11-25,NatWest,77120931,,Northbridge Trading Ltd,FPO,FPO D O'BRIEN SALARY NOV24,,0.0,3315.47,-3315.47,86399.74,D O'Brien,D O'BRIEN,,,False,NatWest_77120931_statement.xlsx,26
NATWEST-NatWest_77120931_statement-27,2024-11-25,NatWest,77120931,,Northbridge Trading Ltd,FPO,FPO E MORGAN SALARY NOV24,,0.0,3192.35,-3192.35,83207.39,E Morgan,E MORGAN,,,False,NatWest_77120931_statement.xlsx,27
NATWEST-NatWest_77120931_statement-28,2024-11-25,NatWest,77120931,,Northbridge Trading Ltd,FPO,FPO H SCHMIDT SALARY NOV24,,0.0,2403.62,-2403.62,80803.77,H Schmidt,H SCHMIDT,,,False,NatWest_77120931_statement.xlsx,28
NATWEST-NatWest_77120931_statement-29,2024-11-25,NatWest,77120931,,Northbridge Trading Ltd,FPO,FPO J SMITH SALARY NOV24,,0.0,4200.0,-4200.0,76603.77,J Smith,J SMITH,,,False,NatWest_77120931_statement.xlsx,29
NATWEST-NatWest_77120931_statement-30,2024-11-25,NatWest,77120931,,Northbridge Trading Ltd,FPO,FPO J TAYLOR SALARY NOV24,,0.0,2413.85,-2413.85,74189.92,J Taylor,J TAYLOR,,,False,NatWest_77120931_statement.xlsx,30
NATWEST-NatWest_77120931_statement-31,2024-11-25,NatWest,77120931,,Northbridge Trading Ltd,FPO,FPO L KOWALSKI SALARY NOV24,,0.0,3155.63,-3155.63,71034.29,L Kowalski,L KOWALSKI,,,False,NatWest_77120931_statement.xlsx,31
NATWEST-NatWest_77120931_statement-32,2024-11-25,NatWest,77120931,,Northbridge Trading Ltd,FPO,FPO M HUGHES SALARY NOV24,,0.0,2370.05,-2370.05,68664.24,M Hughes,M HUGHES,,,False,NatWest_77120931_statement.xlsx,32
NATWEST-NatWest_77120931_statement-33,2024-11-25,NatWest,77120931,,Northbridge Trading Ltd,FPO,FPO P SINGH SALARY NOV24,,0.0,2513.5,-2513.5,66150.74,P Singh,P SINGH,,,False,NatWest_77120931_statement.xlsx,33
NATWEST-NatWest_77120931_statement-34,2024-11-25,NatWest,77120931,,Northbridge Trading Ltd,FPO,FPO R DAVIES SALARY NOV24,,0.0,2902.3,-2902.3,63248.44,R Davies,R DAVIES,,,False,NatWest_77120931_statement.xlsx,34
NATWEST-NatWest_77120931_statement-35,2024-11-25,NatWest,77120931,,Northbridge Trading Ltd,FPO,FPO S OKAFOR SALARY NOV24,,0.0,2225.62,-2225.62,61022.82,S Okafor,S OKAFOR,,,False,NatWest_77120931_statement.xlsx,35
NATWEST-NatWest_77120931_statement-36,2024-11-25,NatWest,77120931,,Northbridge Trading Ltd,FPO,FPO T NGUYEN SALARY NOV24,,0.0,2914.54,-2914.54,58108.28,T Nguyen,T NGUYEN,,,False,NatWest_77120931_statement.xlsx,36
BARCLAYS-Barclays_90311276_export-14,2024-11-26,Barclays,90311276,20-45-18,Northbridge Trading Ltd,,CARD PAYMENT ROYAL MAIL,,0.0,235.92,-235.92,15287.44,Royal Mail,ROYAL MAIL,,,False,Barclays_90311276_export.csv,14
LLOYDS-Lloyds_41283719_Oct24-Mar26-186,2024-11-26,Lloyds,41283719,,Northbridge Trading Ltd Current,BGC,BGC ISLEY & CO INV15965,,8299.5,-0.0,8299.5,168543.16,Isley & Co,ISLEY AND CO,,,False,Lloyds_41283719_Oct24-Mar26.csv,186
LLOYDS-Lloyds_41283719_Oct24-Mar26-187,2024-11-26,Lloyds,41283719,,Northbridge Trading Ltd Current,BGC,BGC RAVENSCOURT LTD INV48290,,6139.86,-0.0,6139.86,174683.02,Ravenscourt Ltd,RAVENSCOURT LTD,,,False,Lloyds_41283719_Oct24-Mar26.csv,187
LLOYDS-Lloyds_41283719_Oct24-Mar26-188,2024-11-26,Lloyds,41283719,,Northbridge Trading Ltd Current,FPO,FPO ELLERY LEGAL LLP REF 9042,9042,0.0,750.14,-750.14,173932.88,Ellery Legal Llp,ELLERY LEGAL LLP,,,False,Lloyds_41283719_Oct24-Mar26.csv,188
LLOYDS-Lloyds_41283719_Oct24-Mar26-189,2024-11-27,Lloyds,41283719,,Northbridge Trading Ltd Current,BGC,BGC BEXLEY HOMEWARE PLC INV43092,,8040.3,-0.0,8040.3,181973.18,Bexley Homeware Plc,BEXLEY HOMEWARE PLC,,,False,Lloyds_41283719_Oct24-Mar26.csv,189
LLOYDS-Lloyds_41283719_Oct24-Mar26-190,2024-11-27,Lloyds,41283719,,Northbridge Trading Ltd Current,BGC,BGC PEMBROKE LIVING INV24953,,7112.5,-0.0,7112.5,189085.68,Pembroke Living,PEMBROKE LIVING,,,False,Lloyds_41283719_Oct24-Mar26.csv,190
LLOYDS-Lloyds_41283719_Oct24-Mar26-191,2024-11-27,Lloyds,41283719,,Northbridge Trading Ltd Current,FPO,FPO BRAMBLE ACCOUNTANTS REF 1878,1878,0.0,1037.6,-1037.6,188048.08,Bramble Accountants,BRAMBLE ACCOUNTANTS,,,False,Lloyds_41283719_Oct24-Mar26.csv,191
LLOYDS-Lloyds_41283719_Oct24-Mar26-192,2024-11-27,Lloyds,41283719,,Northbridge Trading Ltd Current,FPO,FPO VODAFONE BUSINESS REF 2213,2213,0.0,3525.57,-3525.57,184522.51,Vodafone Business,VODAFONE BUSINESS,,,False,Lloyds_41283719_Oct24-Mar26.csv,192
LLOYDS-Lloyds_41283719_Oct24-Mar26-193,2024-11-28,Lloyds,41283719,,Northbridge Trading Ltd Current,BGC,BGC HEXHAM SUPPLIES LTD INV25525,,5052.97,-0.0,5052.97,189575.48,Hexham Supplies Ltd,HEXHAM SUPPLIES LTD,,,False,Lloyds_41283719_Oct24-Mar26.csv,193
LLOYDS-Lloyds_41283719_Oct24-Mar26-194,2024-11-28,Lloyds,41283719,,Northbridge Trading Ltd Current,DEB,ACCOUNT FEE,,0.0,49.71,-49.71,189525.77,Lloyds,LLOYDS,,,False,Lloyds_41283719_Oct24-Mar26.csv,194
LLOYDS-Lloyds_41283719_Oct24-Mar26-195,2024-11-28,Lloyds,41283719,,Northbridge Trading Ltd Current,FPO,FPO THAMES WATER REF 8381,8381,0.0,5464.75,-5464.75,184061.02,Thames Water,THAMES WATER,,,False,Lloyds_41283719_Oct24-Mar26.csv,195
LLOYDS-Lloyds_41283719_Oct24-Mar26-196,2024-11-28,Lloyds,41283719,,Northbridge Trading Ltd Current,FPO,FPO WEXFORD CATERING LTD REF 4697,4697,0.0,4687.81,-4687.81,179373.21,Wexford Catering Ltd,WEXFORD CATERING LTD,,,False,Lloyds_41283719_Oct24-Mar26.csv,196
NATWEST-NatWest_77120931_statement-37,2024-11-28,NatWest,77120931,,Northbridge Trading Ltd,DEB,ACCOUNT CHARGES,,0.0,28.58,-28.58,58079.7,NatWest,NATWEST,,,False,NatWest_77120931_statement.xlsx,37
BARCLAYS-Barclays_90311276_export-15,2024-11-29,Barclays,90311276,20-45-18,Northbridge Trading Ltd,,CARD PAYMENT TRAVIS PERKINS,,0.0,99.95,-99.95,15187.49,Travis Perkins,TRAVIS PERKINS,,,False,Barclays_90311276_export.csv,15
LLOYDS-Lloyds_41283719_Oct24-Mar26-197,2024-11-29,Lloyds,41283719,,Northbridge Trading Ltd Current,BGC,BGC TAMAR TRADERS INV23006,,8091.2,-0.0,8091.2,187464.41,Tamar Traders,TAMAR TRADERS,,,False,Lloyds_41283719_Oct24-Mar26.csv,197
LLOYDS-Lloyds_41283719_Oct24-Mar26-198,2024-11-29,Lloyds,41283719,,Northbridge Trading Ltd Current,FPO,FPO ELLERY LEGAL LLP REF 4457,4457,0.0,1698.18,-1698.18,185766.23,Ellery Legal Llp,ELLERY LEGAL LLP,,,False,Lloyds_41283719_Oct24-Mar26.csv,198
BARCLAYS-Barclays_90311276_export-16,2024-11-30,Barclays,90311276,20-45-18,Northbridge Trading Ltd,,CASH WDL 30NOV,,0.0,250.0,-250.0,14937.49,CASH,CASH,,,False,Barclays_90311276_export.csv,16
BARCLAYS-Barclays_90311276_export-17,2024-12-02,Barclays,90311276,20-45-18,Northbridge Trading Ltd,,CARD PAYMENT ROYAL MAIL,,0.0,293.72,-293.72,14643.77,Royal Mail,ROYAL MAIL,,,False,Barclays_90311276_export.csv,17
LLOYDS-Lloyds_41283719_Oct24-Mar26-199,2024-12-02,Lloyds,41283719,,Northbridge Trading Ltd Current,BGC,BGC HEXHAM SUPPLIES LTD INV44675,,6845.06,-0.0,6845.06,192611.29,Hexham Supplies Ltd,HEXHAM SUPPLIES LTD,,,False,Lloyds_41283719_Oct24-Mar26.csv,199
LLOYDS-Lloyds_41283719_Oct24-Mar26-200,2024-12-02,Lloyds,41283719,,Northbridge Trading Ltd Current,BGC,BGC JARROW BUILDERS MERCHANTS INV14278,,2505.51,-0.0,2505.51,195116.8,Jarrow Builders Merchants,JARROW BUILDERS MERCHANTS,,,False,Lloyds_41283719_Oct24-Mar26.csv,200
LLOYDS-Lloyds_41283719_Oct24-Mar26-201,2024-12-02,Lloyds,41283719,,Northbridge Trading Ltd Current,BGC,BGC JARROW BUILDERS MERCHANTS INV69510,,1255.2,-0.0,1255.2,196372.0,Jarrow Builders Merchants,JARROW BUILDERS MERCHANTS,,,False,Lloyds_41283719_Oct24-Mar26.csv,201
LLOYDS-Lloyds_41283719_Oct24-Mar26-202,2024-12-02,Lloyds,41283719,,Northbridge Trading Ltd Current,DD,DD HARTWELL FINANCE PLC,,0.0,3180.4,-3180.4,193191.6,Hartwell Finance plc,HARTWELL FINANCE PLC,,,False,Lloyds_41283719_Oct24-Mar26.csv,202
LLOYDS-Lloyds_41283719_Oct24-Mar26-203,2024-12-02,Lloyds,41283719,,Northbridge Trading Ltd Current,FPO,FPO BRAMBLE ACCOUNTANTS REF 4241,4241,0.0,2637.06,-2637.06,190554.54,Bramble Accountants,BRAMBLE ACCOUNTANTS,,,False,Lloyds_41283719_Oct24-Mar26.csv,203
LLOYDS-Lloyds_41283719_Oct24-Mar26-204,2024-12-02,Lloyds,41283719,,Northbridge Trading Ltd Current,FPO,FPO REDGATE CLEANING LTD REF 3330,3330,0.0,567.75,-567.75,189986.79,Redgate Cleaning Ltd,REDGATE CLEANING LTD,,,False,Lloyds_41283719_Oct24-Mar26.csv,204
LLOYDS-Lloyds_41283719_Oct24-Mar26-205,2024-12-02,Lloyds,41283719,,Northbridge Trading Ltd Current,FPO,FPO SABLE MARKETING LTD REF 4683,4683,0.0,3938.66,-3938.66,186048.13,Sable Marketing Ltd,SABLE MARKETING LTD,,,False,Lloyds_41283719_Oct24-Mar26.csv,205
LLOYDS-Lloyds_41283719_Oct24-Mar26-206,2024-12-02,Lloyds,41283719,,Northbridge Trading Ltd Current,SO,SO ASHCOMBE ESTATES RENT,,0.0,6250.0,-6250.0,179798.13,Ashcombe Estates,ASHCOMBE ESTATES,,,False,Lloyds_41283719_Oct24-Mar26.csv,206
BARCLAYS-Barclays_90311276_export-18,2024-12-03,Barclays,90311276,20-45-18,Northbridge Trading Ltd,,CARD PAYMENT NORTHGATE VEHICLE HIRE,,0.0,479.8,-479.8,14163.97,Northgate Vehicle Hire,NORTHGATE VEHICLE HIRE,,,False,Barclays_90311276_export.csv,18
LLOYDS-Lloyds_41283719_Oct24-Mar26-207,2024-12-03,Lloyds,41283719,,Northbridge Trading Ltd Current,BGC,BGC JARROW BUILDERS MERCHANTS INV62757,,8052.87,-0.0,8052.87,187851.0,Jarrow Builders Merchants,JARROW BUILDERS MERCHANTS,,,False,Lloyds_41283719_Oct24-Mar26.csv,207
LLOYDS-Lloyds_41283719_Oct24-Mar26-208,2024-12-03,Lloyds,41283719,,Northbridge Trading Ltd Current,BGC,BGC ORWELL FURNISHINGS LTD INV26299,,4355.84,-0.0,4355.84,192206.84,Orwell Furnishings Ltd,ORWELL FURNISHINGS LTD,,,False,Lloyds_41283719_Oct24-Mar26.csv,208
LLOYDS-Lloyds_41283719_Oct24-Mar26-209,2024-12-03,Lloyds,41283719,,Northbridge Trading Ltd Current,FPO,FPO KESTREL FUEL CARDS REF 5102,5102,0.0,301.31,-301.31,191905.53,Kestrel Fuel Cards,KESTREL FUEL CARDS,,,False,Lloyds_41283719_Oct24-Mar26.csv,209
LLOYDS-Lloyds_41283719_Oct24-Mar26-210,2024-12-03,Lloyds,41283719,,Northbridge Trading Ltd Current,FPO,FPO SABLE MARKETING LTD REF 9090,9090,0.0,2710.89,-2710.89,189194.64,Sable Marketing Ltd,SABLE MARKETING LTD,,,False,Lloyds_41283719_Oct24-Mar26.csv,210
LLOYDS-Lloyds_41283719_Oct24-Mar26-211,2024-12-03,Lloyds,41283719,,Northbridge Trading Ltd Current,FPO,FPO WEXFORD CATERING LTD REF 1653,1653,0.0,5353.12,-5353.12,183841.52,Wexford Catering Ltd,WEXFORD CATERING LTD,,,False,Lloyds_41283719_Oct24-Mar26.csv,211
LLOYDS-Lloyds_41283719_Oct24-Mar26-212,2024-12-04,Lloyds,41283719,,Northbridge Trading Ltd Current,BGC,BGC FAIRBANK WHOLESALE INV71669,,4747.92,-0.0,4747.92,188589.44,Fairbank Wholesale,FAIRBANK WHOLESALE,,,False,Lloyds_41283719_Oct24-Mar26.csv,212
LLOYDS-Lloyds_41283719_Oct24-Mar26-213,2024-12-04,Lloyds,41283719,,Northbridge Trading Ltd Current,BGC,BGC SELBY HOME STORES INV15273,,6652.25,-0.0,6652.25,195241.69,Selby Home Stores,SELBY HOME STORES,,,False,Lloyds_41283719_Oct24-Mar26.csv,213
LLOYDS-Lloyds_41283719_Oct24-Mar26-214,2024-12-04,Lloyds,41283719,,Northbridge Trading Ltd Current,FPO,FPO BRITISH GAS BUSINESS REF 9056,9056,0.0,5818.97,-5818.97,189422.72,British Gas Business,BRITISH GAS BUSINESS,,,False,Lloyds_41283719_Oct24-Mar26.csv,214
LLOYDS-Lloyds_41283719_Oct24-Mar26-215,2024-12-04,Lloyds,41283719,,Northbridge Trading Ltd Current,FPO,FPO REDGATE CLEANING LTD REF 3973,3973,0.0,5982.13,-5982.13,183440.59,Redgate Cleaning Ltd,REDGATE CLEANING LTD,,,False,Lloyds_41283719_Oct24-Mar26.csv,215
LLOYDS-Lloyds_41283719_Oct24-Mar26-216,2024-12-05,Lloyds,41283719,,Northbridge Trading Ltd Current,BGC,BGC DENBY GARDEN CENTRES INV31079,,3272.47,-0.0,3272.47,186713.06,Denby Garden Centres,DENBY GARDEN CENTRES,,,False,Lloyds_41283719_Oct24-Mar26.csv,216
LLOYDS-Lloyds_41283719_Oct24-Mar26-217,2024-12-05,Lloyds,41283719,,Northbridge Trading Ltd Current,BGC,BGC PEMBROKE LIVING INV47777,,5868.15,-0.0,5868.15,192581.21,Pembroke Living,PEMBROKE LIVING,,,False,Lloyds_41283719_Oct24-Mar26.csv,217
LLOYDS-Lloyds_41283719_Oct24-Mar26-218,2024-12-05,Lloyds,41283719,,Northbridge Trading Ltd Current,FPO,FPO KESTREL FUEL CARDS REF 5135,5135,0.0,2041.15,-2041.15,190540.06,Kestrel Fuel Cards,KESTREL FUEL CARDS,,,False,Lloyds_41283719_Oct24-Mar26.csv,218
LLOYDS-Lloyds_41283719_Oct24-Mar26-219,2024-12-05,Lloyds,41283719,,Northbridge Trading Ltd Current,FPO,FPO SABLE MARKETING LTD REF 1601,1601,0.0,2810.73,-2810.73,187729.33,Sable Marketing Ltd,SABLE MARKETING LTD,,,False,Lloyds_41283719_Oct24-Mar26.csv,219
LLOYDS-Lloyds_41283719_Oct24-Mar26-220,2024-12-06,Lloyds,41283719,,Northbridge Trading Ltd Current,BGC,BGC ALDERTON RETAIL LTD INV96200,,7481.07,-0.0,7481.07,195210.4,Alderton Retail Ltd,ALDERTON RETAIL LTD,,,False,Lloyds_41283719_Oct24-Mar26.csv,220
LLOYDS-Lloyds_41283719_Oct24-Mar26-221,2024-12-06,Lloyds,41283719,,Northbridge Trading Ltd Current,BGC,BGC ORWELL FURNISHINGS LTD INV64165,,1122.79,-0.0,1122.79,196333.19,Orwell Furnishings Ltd,ORWELL FURNISHINGS LTD,,,False,Lloyds_41283719_Oct24-Mar26.csv,221
LLOYDS-Lloyds_41283719_Oct24-Mar26-222,2024-12-06,Lloyds,41283719,,Northbridge Trading Ltd Current,BGC,BGC QUAYSIDE RETAIL INV57419,,5556.54,-0.0,5556.54,201889.73,Quayside Retail,QUAYSIDE RETAIL,,,False,Lloyds_41283719_Oct24-Mar26.csv,222
LLOYDS-Lloyds_41283719_Oct24-Mar26-223,2024-12-06,Lloyds,41283719,,Northbridge Trading Ltd Current,FPO,FPO ELLERY LEGAL LLP REF 8242,8242,0.0,4595.94,-4595.94,197293.79,Ellery Legal Llp,ELLERY LEGAL LLP,,,False,Lloyds_41283719_Oct24-Mar26.csv,223
LLOYDS-Lloyds_41283719_Oct24-Mar26-224,2024-12-06,Lloyds,41283719,,Northbridge Trading Ltd Current,FPO,FPO FENWICK COMPONENTS LTD REF 5375,5375,0.0,3362.93,-3362.93,193930.86,Fenwick Components Ltd,FENWICK COMPONENTS LTD,,,False,Lloyds_41283719_Oct24-Mar26.csv,224
LLOYDS-Lloyds_41283719_Oct24-Mar26-225,2024-12-09,Lloyds,41283719,,Northbridge Trading Ltd Current,BGC,BGC DENBY GARDEN CENTRES INV70482,,8087.07,-0.0,8087.07,202017.93,Denby Garden Centres,DENBY GARDEN CENTRES,,,False,Lloyds_41283719_Oct24-Mar26.csv,225
LLOYDS-Lloyds_41283719_Oct24-Mar26-226,2024-12-09,Lloyds,41283719,,Northbridge Trading Ltd Current,BGC,BGC JARROW BUILDERS MERCHANTS INV82199,,806.66,-0.0,806.66,202824.59,Jarrow Builders Merchants,JARROW BUILDERS MERCHANTS,,,False,Lloyds_41283719_Oct24-Mar26.csv,226
LLOYDS-Lloyds_41283719_Oct24-Mar26-227,2024-12-09,Lloyds,41283719,,Northbridge Trading Ltd Current,BGC,BGC NEWHAM HARDWARE INV22217,,2452.67,-0.0,2452.67,205277.26,Newham Hardware,NEWHAM HARDWARE,,,False,Lloyds_41283719_Oct24-Mar26.csv,227
LLOYDS-Lloyds_41283719_Oct24-Mar26-228,2024-12-09,Lloyds,41283719,,Northbridge Trading Ltd Current,BGC,BGC TAMAR TRADERS INV41365,,6236.31,-0.0,6236.31,211513.57,Tamar Traders,TAMAR TRADERS,,,False,Lloyds_41283719_Oct24-Mar26.csv,228
LLOYDS-Lloyds_41283719_Oct24-Mar26-229,2024-12-09,Lloyds,41283719,,Northbridge Trading Ltd Current,FPO,FPO VODAFONE BUSINESS REF 5781,5781,0.0,3126.9,-3126.9,208386.67,Vodafone Business,VODAFONE BUSINESS,,,False,Lloyds_41283719_Oct24-Mar26.csv,229
LLOYDS-Lloyds_41283719_Oct24-Mar26-230,2024-12-10,Lloyds,41283719,,Northbridge Trading Ltd Current,BGC,BGC HEXHAM SUPPLIES LTD INV69871,,4999.87,-0.0,4999.87,213386.54,Hexham Supplies Ltd,HEXHAM SUPPLIES LTD,,,False,Lloyds_41283719_Oct24-Mar26.csv,230
LLOYDS-Lloyds_41283719_Oct24-Mar26-231,2024-12-10,Lloyds,41283719,,Northbridge Trading Ltd Current,BGC,BGC MARSDEN DIY INV34983,,7890.57,-0.0,7890.57,221277.11,Marsden Diy,MARSDEN DIY,,,False,Lloyds_41283719_Oct24-Mar26.csv,231
LLOYDS-Lloyds_41283719_Oct24-Mar26-232,2024-12-10,Lloyds,41283719,,Northbridge Trading Ltd Current,BGC,BGC QUAYSIDE RETAIL INV27892,,7439.41,-0.0,7439.41,228716.52,Quayside Retail,QUAYSIDE RETAIL,,,False,Lloyds_41283719_Oct24-Mar26.csv,232
LLOYDS-Lloyds_41283719_Oct24-Mar26-233,2024-12-10,Lloyds,41283719,,Northbridge Trading Ltd Current,FPO,FPO BRITISH GAS BUSINESS REF 6568,6568,0.0,5615.35,-5615.35,223101.17,British Gas Business,BRITISH GAS BUSINESS,,,False,Lloyds_41283719_Oct24-Mar26.csv,233
LLOYDS-Lloyds_41283719_Oct24-Mar26-234,2024-12-10,Lloyds,41283719,,Northbridge Trading Ltd Current,FPO,FPO RIDLEY TOOLS LTD REF 5377,5377,0.0,4950.21,-4950.21,218150.96,Ridley Tools Ltd,RIDLEY TOOLS LTD,,,False,Lloyds_41283719_Oct24-Mar26.csv,234
LLOYDS-Lloyds_41283719_Oct24-Mar26-235,2024-12-11,Lloyds,41283719,,Northbridge Trading Ltd Current,BGC,BGC EVERLY INTERIORS LTD INV68529,,4900.93,-0.0,4900.93,223051.89,Everly Interiors Ltd,EVERLY INTERIORS LTD,,,False,Lloyds_41283719_Oct24-Mar26.csv,235
LLOYDS-Lloyds_41283719_Oct24-Mar26-236,2024-12-11,Lloyds,41283719,,Northbridge Trading Ltd Current,BGC,BGC LARKHILL LTD INV53573,,5004.96,-0.0,5004.96,228056.85,Larkhill Ltd,LARKHILL LTD,,,False,Lloyds_41283719_Oct24-Mar26.csv,236
LLOYDS-Lloyds_41283719_Oct24-Mar26-237,2024-12-11,Lloyds,41283719,,Northbridge Trading Ltd Current,BGC,BGC SELBY HOME STORES INV96499,,4519.19,-0.0,4519.19,232576.04,Selby Home Stores,SELBY HOME STORES,,,False,Lloyds_41283719_Oct24-Mar26.csv,237
LLOYDS-Lloyds_41283719_Oct24-Mar26-238,2024-12-11,Lloyds,41283719,,Northbridge Trading Ltd Current,FPO,FPO FENWICK COMPONENTS LTD REF 4912,4912,0.0,3495.02,-3495.02,229081.02,Fenwick Components Ltd,FENWICK COMPONENTS LTD,,,False,Lloyds_41283719_Oct24-Mar26.csv,238
LLOYDS-Lloyds_41283719_Oct24-Mar26-239,2024-12-11,Lloyds,41283719,,Northbridge Trading Ltd Current,FPO,FPO HALCYON IT SERVICES REF 7730,7730,0.0,405.34,-405.34,228675.68,Halcyon It Services,HALCYON IT SERVICES,,,False,Lloyds_41283719_Oct24-Mar26.csv,239
LLOYDS-Lloyds_41283719_Oct24-Mar26-240,2024-12-11,Lloyds,41283719,,Northbridge Trading Ltd Current,FPO,FPO THAMES WATER REF 8460,8460,0.0,5607.19,-5607.19,223068.49,Thames Water,THAMES WATER,,,False,Lloyds_41283719_Oct24-Mar26.csv,240
LLOYDS-Lloyds_41283719_Oct24-Mar26-241,2024-12-12,Lloyds,41283719,,Northbridge Trading Ltd Current,BGC,BGC EVERLY INTERIORS LTD INV74923,,8225.63,-0.0,8225.63,231294.12,Everly Interiors Ltd,EVERLY INTERIORS LTD,,,False,Lloyds_41283719_Oct24-Mar26.csv,241
LLOYDS-Lloyds_41283719_Oct24-Mar26-242,2024-12-12,Lloyds,41283719,,Northbridge Trading Ltd Current,BGC,BGC EVERLY INTERIORS LTD INV75836,,8229.76,-0.0,8229.76,239523.88,Everly Interiors Ltd,EVERLY INTERIORS LTD,,,False,Lloyds_41283719_Oct24-Mar26.csv,242
LLOYDS-Lloyds_41283719_Oct24-Mar26-243,2024-12-12,Lloyds,41283719,,Northbridge Trading Ltd Current,BGC,BGC MARSDEN DIY INV96991,,6880.67,-0.0,6880.67,246404.55,Marsden Diy,MARSDEN DIY,,,False,Lloyds_41283719_Oct24-Mar26.csv,243
LLOYDS-Lloyds_41283719_Oct24-Mar26-244,2024-12-12,Lloyds,41283719,,Northbridge Trading Ltd Current,DD,DD BRITISH GAS BUSINESS,,0.0,669.72,-669.72,245734.83,British Gas Business,BRITISH GAS BUSINESS,,,False,Lloyds_41283719_Oct24-Mar26.csv,244
LLOYDS-Lloyds_41283719_Oct24-Mar26-245,2024-12-12,Lloyds,41283719,,Northbridge Trading Ltd Current,DD,DD BT BUSINESS,,0.0,385.44,-385.44,245349.39,Bt Business,BT BUSINESS,,,False,Lloyds_41283719_Oct24-Mar26.csv,245
LLOYDS-Lloyds_41283719_Oct24-Mar26-246,2024-12-12,Lloyds,41283719,,Northbridge Trading Ltd Current,DD,DD LUMEN ENERGY LTD,,0.0,1277.65,-1277.65,244071.74,Lumen Energy Ltd,LUMEN ENERGY LTD,,,False,Lloyds_41283719_Oct24-Mar26.csv,246
LLOYDS-Lloyds_41283719_Oct24-Mar26-247,2024-12-12,Lloyds,41283719,,Northbridge Trading Ltd Current,DD,DD THAMES WATER,,0.0,192.71,-192.71,243879.03,Thames Water,THAMES WATER,,,False,Lloyds_41283719_Oct24-Mar26.csv,247
LLOYDS-Lloyds_41283719_Oct24-Mar26-248,2024-12-12,Lloyds,41283719,,Northbridge Trading Ltd Current,FPO,FPO BRIGHTPATH PRINT LTD REF 8213,8213,0.0,733.31,-733.31,243145.72,Brightpath Print Ltd,BRIGHTPATH PRINT LTD,,,False,Lloyds_41283719_Oct24-Mar26.csv,248
LLOYDS-Lloyds_41283719_Oct24-Mar26-249,2024-12-12,Lloyds,41283719,,Northbridge Trading Ltd Current,FPO,FPO BT BUSINESS REF 1251,1251,0.0,4376.3,-4376.3,238769.42,Bt Business,BT BUSINESS,,,False,Lloyds_41283719_Oct24-Mar26.csv,249
LLOYDS-Lloyds_41283719_Oct24-Mar26-250,2024-12-13,Lloyds,41283719,,Northbridge Trading Ltd Current,BGC,BGC KINGSMEAD DISTRIBUTION INV98389,,7402.87,-0.0,7402.87,246172.29,Kingsmead Distribution,KINGSMEAD DISTRIBUTION,,,False,Lloyds_41283719_Oct24-Mar26.csv,250
LLOYDS-Lloyds_41283719_Oct24-Mar26-251,2024-12-13,Lloyds,41283719,,Northbridge Trading Ltd Current,BGC,BGC MARSDEN DIY INV51505,,5589.03,-0.0,5589.03,251761.32,Marsden Diy,MARSDEN DIY,,,False,Lloyds_41283719_Oct24-Mar26.csv,251
LLOYDS-Lloyds_41283719_Oct24-Mar26-252,2024-12-13,Lloyds,41283719,,Northbridge Trading Ltd Current,BGC,BGC MARSDEN DIY INV95175,,1326.46,-0.0,1326.46,253087.78,Marsden Diy,MARSDEN DIY,,,False,Lloyds_41283719_Oct24-Mar26.csv,252
LLOYDS-Lloyds_41283719_Oct24-Mar26-253,2024-12-13,Lloyds,41283719,,Northbridge Trading Ltd Current,BGC,BGC PEMBROKE LIVING INV80912,,980.01,-0.0,980.01,254067.79,Pembroke Living,PEMBROKE LIVING,,,False,Lloyds_41283719_Oct24-Mar26.csv,253
LLOYDS-Lloyds_41283719_Oct24-Mar26-254,2024-12-13,Lloyds,41283719,,Northbridge Trading Ltd Current,FPO,FPO HALCYON IT SERVICES REF 5708,5708,0.0,5984.94,-5984.94,248082.85,Halcyon It Services,HALCYON IT SERVICES,,,False,Lloyds_41283719_Oct24-Mar26.csv,254
BARCLAYS-Barclays_90311276_export-19,2024-12-16,Barclays,90311276,20-45-18,Northbridge Trading Ltd,,TFR FROM 30-96-26 41283719,,4000.0,0.0,4000.0,18163.97,Northbridge Trading Ltd,NORTHBRIDGE TRADING LTD,30-96-26,41283719,True,Barclays_90311276_export.csv,19
LLOYDS-Lloyds_41283719_Oct24-Mar26-255,2024-12-16,Lloyds,41283719,,Northbridge Trading Ltd Current,BGC,BGC ORWELL FURNISHINGS LTD INV31805,,6113.21,-0.0,6113.21,254196.06,Orwell Furnishings Ltd,ORWELL FURNISHINGS LTD,,,False,Lloyds_41283719_Oct24-Mar26.csv,255
LLOYDS-Lloyds_41283719_Oct24-Mar26-256,2024-12-16,Lloyds,41283719,,Northbridge Trading Ltd Current,FPO,FPO COASTLINE LOGISTICS LTD REF 6314,6314,0.0,4807.44,-4807.44,249388.62,Coastline Logistics Ltd,COASTLINE LOGISTICS LTD,,,False,Lloyds_41283719_Oct24-Mar26.csv,256
LLOYDS-Lloyds_41283719_Oct24-Mar26-257,2024-12-16,Lloyds,41283719,,Northbridge Trading Ltd Current,TFR,TFR TO 20-45-18 90311276,,0.0,4000.0,-4000.0,245388.62,Northbridge Trading Ltd,NORTHBRIDGE TRADING LTD,20-45-18,90311276,True,Lloyds_41283719_Oct24-Mar26.csv,257
LLOYDS-Lloyds_41283719_Oct24-Mar26-258,2024-12-17,Lloyds,41283719,,Northbridge Trading Ltd Current,BGC,BGC FAIRBANK WHOLESALE INV32280,,2065.54,-0.0,2065.54,247454.16,Fairbank Wholesale,FAIRBANK WHOLESALE,,,False,Lloyds_41283719_Oct24-Mar26.csv,258
LLOYDS-Lloyds_41283719_Oct24-Mar26-259,2024-12-17,Lloyds,41283719,,Northbridge Trading Ltd Current,BGC,BGC HEXHAM SUPPLIES LTD INV79621,,3914.0,-0.0,3914.0,251368.16,Hexham Supplies Ltd,HEXHAM SUPPLIES LTD,,,False,Lloyds_41283719_Oct24-Mar26.csv,259
LLOYDS-Lloyds_41283719_Oct24-Mar26-260,2024-12-17,Lloyds,41283719,,Northbridge Trading Ltd Current,FPO,FPO CARROW SECURITY LTD REF 3344,3344,0.0,1508.3,-1508.3,249859.86,Carrow Security Ltd,CARROW SECURITY LTD,,,False,Lloyds_41283719_Oct24-Mar26.csv,260
LLOYDS-Lloyds_41283719_Oct24-Mar26-261,2024-12-17,Lloyds,41283719,,Northbridge Trading Ltd Current,FPO,FPO ELLERY LEGAL LLP REF 5161,5161,0.0,2838.49,-2838.49,247021.37,Ellery Legal Llp,ELLERY LEGAL LLP,,,False,Lloyds_41283719_Oct24-Mar26.csv,261
LLOYDS-Lloyds_41283719_Oct24-Mar26-262,2024-12-17,Lloyds,41283719,,Northbridge Trading Ltd Current,FPO,FPO THAMES WATER REF 4945,4945,0.0,3061.35,-3061.35,243960.02,Thames Water,THAMES WATER,,,False,Lloyds_41283719_Oct24-Mar26.csv,262
BARCLAYS-Barclays_90311276_export-20,2024-12-18,Barclays,90311276,20-45-18,Northbridge Trading Ltd,,CARD PAYMENT SAGE SOFTWARE,,0.0,283.08,-283.08,17880.89,Sage Software,SAGE SOFTWARE,,,False,Barclays_90311276_export.csv,20
LLOYDS-Lloyds_41283719_Oct24-Mar26-263,2024-12-18,Lloyds,41283719,,Northbridge Trading Ltd Current,BGC,BGC CASTLEFORD STORES INV67898,,8072.84,-0.0,8072.84,252032.86,Castleford Stores,CASTLEFORD STORES,,,False,Lloyds_41283719_Oct24-Mar26.csv,263
LLOYDS-Lloyds_41283719_Oct24-Mar26-264,2024-12-18,Lloyds,41283719,,Northbridge Trading Ltd Current,BGC,BGC JARROW BUILDERS MERCHANTS INV98815,,4963.47,-0.0,4963.47,256996.33,Jarrow Builders Merchants,JARROW BUILDERS MERCHANTS,,,False,Lloyds_41283719_Oct24-Mar26.csv,264
LLOYDS-Lloyds_41283719_Oct24-Mar26-265,2024-12-18,Lloyds,41283719,,Northbridge Trading Ltd Current,BGC,BGC SELBY HOME STORES INV49210,,5683.72,-0.0,5683.72,262680.05,Selby Home Stores,SELBY HOME STORES,,,False,Lloyds_41283719_Oct24-Mar26.csv,265
LLOYDS-Lloyds_41283719_Oct24-Mar26-266,2024-12-18,Lloyds,41283719,,Northbridge Trading Ltd Current,FPO,FPO FENWICK COMPONENTS LTD REF 7302,7302,0.0,5142.01,-5142.01,257538.04,Fenwick Components Ltd,FENWICK COMPONENTS LTD,,,False,Lloyds_41283719_Oct24-Mar26.csv,266
LLOYDS-Lloyds_41283719_Oct24-Mar26-267,2024-12-18,Lloyds,41283719,,Northbridge Trading Ltd Current,FPO,FPO REDGATE CLEANING LTD REF 8484,8484,0.0,5095.03,-5095.03,252443.01,Redgate Cleaning Ltd,REDGATE CLEANING LTD,,,False,Lloyds_41283719_Oct24-Mar26.csv,267
LLOYDS-Lloyds_41283719_Oct24-Mar26-268,2024-12-19,Lloyds,41283719,,Northbridge Trading Ltd Current,BGC,BGC BEXLEY HOMEWARE PLC INV89482,,6512.34,-0.0,6512.34,258955.35,Bexley Homeware Plc,BEXLEY HOMEWARE PLC,,,False,Lloyds_41283719_Oct24-Mar26.csv,268
LLOYDS-Lloyds_41283719_Oct24-Mar26-269,2024-12-19,Lloyds,41283719,,Northbridge Trading Ltd Current,BGC,BGC JARROW BUILDERS MERCHANTS INV12875,,8327.97,-0.0,8327.97,267283.32,Jarrow Builders Merchants,JARROW BUILDERS MERCHANTS,,,False,Lloyds_41283719_Oct24-Mar26.csv,269
LLOYDS-Lloyds_41283719_Oct24-Mar26-270,2024-12-19,Lloyds,41283719,,Northbridge Trading Ltd Current,BGC,BGC JARROW BUILDERS MERCHANTS INV40162,,5435.11,-0.0,5435.11,272718.43,Jarrow Builders Merchants,JARROW BUILDERS MERCHANTS,,,False,Lloyds_41283719_Oct24-Mar26.csv,270
LLOYDS-Lloyds_41283719_Oct24-Mar26-271,2024-12-19,Lloyds,41283719,,Northbridge Trading Ltd Current,BGC,BGC MARSDEN DIY INV45976,,763.16,-0.0,763.16,273481.59,Marsden Diy,MARSDEN DIY,,,False,Lloyds_41283719_Oct24-Mar26.csv,271
LLOYDS-Lloyds_41283719_Oct24-Mar26-272,2024-12-19,Lloyds,41283719,,Northbridge Trading Ltd Current,FPO,FPO BRAMBLE ACCOUNTANTS REF 3240,3240,0.0,3825.25,-3825.25,269656.34,Bramble Accountants,BRAMBLE ACCOUNTANTS,,,False,Lloyds_41283719_Oct24-Mar26.csv,272
LLOYDS-Lloyds_41283719_Oct24-Mar26-273,2024-12-19,Lloyds,41283719,,Northbridge Trading Ltd Current,FPO,FPO HALCYON IT SERVICES REF 4115,4115,0.0,3782.21,-3782.21,265874.13,Halcyon It Services,HALCYON IT SERVICES,,,False,Lloyds_41283719_Oct24-Mar26.csv,273
LLOYDS-Lloyds_41283719_Oct24-Mar26-274,2024-12-20,Lloyds,41283719,,Northbridge Trading Ltd Current,BGC,BGC EVERLY INTERIORS LTD INV21813,,7795.1,-0.0,7795.1,273669.23,Everly Interiors Ltd,EVERLY INTERIORS LTD,,,False,Lloyds_41283719_Oct24-Mar26.csv,274
LLOYDS-Lloyds_41283719_Oct24-Mar26-275,2024-12-20,Lloyds,41283719,,Northbridge Trading Ltd Current,BGC,BGC ORWELL FURNISHINGS LTD INV14373,,5220.68,-0.0,5220.68,278889.91,Orwell Furnishings Ltd,ORWELL FURNISHINGS LTD,,,False,Lloyds_41283719_Oct24-Mar26.csv,275
LLOYDS-Lloyds_41283719_Oct24-Mar26-276,2024-12-20,Lloyds,41283719,,Northbridge Trading Ltd Current,FPO,FPO BRITISH GAS BUSINESS REF 3877,3877,0.0,1324.65,-1324.65,277565.26,British Gas Business,BRITISH GAS BUSINESS,,,False,Lloyds_41283719_Oct24-Mar26.csv,276
LLOYDS-Lloyds_41283719_Oct24-Mar26-277,2024-12-20,Lloyds,41283719,,Northbridge Trading Ltd Current,FPO,FPO SABLE MARKETING LTD REF 6994,6994,0.0,3255.49,-3255.49,274309.77,Sable Marketing Ltd,SABLE MARKETING LTD,,,False,Lloyds_41283719_Oct24-Mar26.csv,277
LLOYDS-Lloyds_41283719_Oct24-Mar26-278,2024-12-20,Lloyds,41283719,,Northbridge Trading Ltd Current,TFR,TFR TO 60-12-44 77120931,,0.0,56000.0,-56000.0,218309.77,Northbridge Trading Ltd,NORTHBRIDGE TRADING LTD,60-12-44,77120931,True,Lloyds_41283719_Oct24-Mar26.csv,278
NATWEST-NatWest_77120931_statement-38,2024-12-20,NatWest,77120931,,Northbridge Trading Ltd,TFR,TFR FROM 30-96-26 41283719,,56000.0,0.0,56000.0,114079.7,Northbridge Trading Ltd,NORTHBRIDGE TRADING LTD,30-96-26,41283719,True,NatWest_77120931_statement.xlsx,38
LLOYDS-Lloyds_41283719_Oct24-Mar26-279,2024-12-23,Lloyds,41283719,,Northbridge Trading Ltd Current,BGC,BGC CASTLEFORD STORES INV28449,,6582.38,-0.0,6582.38,224892.15,Castleford Stores,CASTLEFORD STORES,,,False,Lloyds_41283719_Oct24-Mar26.csv,279
LLOYDS-Lloyds_41283719_Oct24-Mar26-280,2024-12-23,Lloyds,41283719,,Northbridge Trading Ltd Current,BGC,BGC KINGSMEAD DISTRIBUTION INV25095,,4352.98,-0.0,4352.98,229245.13,Kingsmead Distribution,KINGSMEAD DISTRIBUTION,,,False,Lloyds_41283719_Oct24-Mar26.csv,280
LLOYDS-Lloyds_41283719_Oct24-Mar26-281,2024-12-23,Lloyds,41283719,,Northbridge Trading Ltd Current,FPO,FPO BRAMBLE ACCOUNTANTS REF 7511,7511,0.0,5808.53,-5808.53,223436.6,Bramble Accountants,BRAMBLE ACCOUNTANTS,,,False,Lloyds_41283719_Oct24-Mar26.csv,281
NATWEST-NatWest_77120931_statement-39,2024-12-23,NatWest,77120931,,Northbridge Trading Ltd,FPO,FPO HMRC PAYE 1224,,0.0,12711.1,-12711.1,101368.6,HMRC,HMRC,,,False,NatWest_77120931_statement.xlsx,39
BARCLAYS-Barclays_90311276_export-21,2024-12-24,Barclays,90311276,20-45-18,Northbridge Trading Ltd,,CARD PAYMENT AMAZON BUSINESS,,0.0,312.29,-312.29,17568.6,Amazon Business,AMAZON BUSINESS,,,False,Barclays_90311276_export.csv,21
LLOYDS-Lloyds_41283719_Oct24-Mar26-282,2024-12-24,Lloyds,41283719,,Northbridge Trading Ltd Current,BGC,BGC ALDERTON RETAIL LTD INV44663,,4885.26,-0.0,4885.26,228321.86,Alderton Retail Ltd,ALDERTON RETAIL LTD,,,False,Lloyds_41283719_Oct24-Mar26.csv,282
LLOYDS-Lloyds_41283719_Oct24-Mar26-283,2024-12-24,Lloyds,41283719,,Northbridge Trading Ltd Current,BGC,BGC ISLEY & CO INV86619,,3672.0,-0.0,3672.0,231993.86,Isley & Co,ISLEY AND CO,,,False,Lloyds_41283719_Oct24-Mar26.csv,283
LLOYDS-Lloyds_41283719_Oct24-Mar26-284,2024-12-24,Lloyds,41283719,,Northbridge Trading Ltd Current,BGC,BGC ORWELL FURNISHINGS LTD INV58311,,5948.06,-0.0,5948.06,237941.92,Orwell Furnishings Ltd,ORWELL FURNISHINGS LTD,,,False,Lloyds_41283719_Oct24-Mar26.csv,284
LLOYDS-Lloyds_41283719_Oct24-Mar26-285,2024-12-24,Lloyds,41283719,,Northbridge Trading Ltd Current,FPO,FPO BRIGHTPATH PRINT LTD REF 4830,4830,0.0,2908.14,-2908.14,235033.78,Brightpath Print Ltd,BRIGHTPATH PRINT LTD,,,False,Lloyds_41283719_Oct24-Mar26.csv,285
LLOYDS-Lloyds_41283719_Oct24-Mar26-286,2024-12-24,Lloyds,41283719,,Northbridge Trading Ltd Current,FPO,FPO WEXFORD CATERING LTD REF 6374,6374,0.0,5504.25,-5504.25,229529.53,Wexford Catering Ltd,WEXFORD CATERING LTD,,,False,Lloyds_41283719_Oct24-Mar26.csv,286
LLOYDS-Lloyds_41283719_Oct24-Mar26-287,2024-12-25,Lloyds,41283719,,Northbridge Trading Ltd Current,BGC,BGC EVERLY INTERIORS LTD INV15943,,8080.84,-0.0,8080.84,237610.37,Everly Interiors Ltd,EVERLY INTERIORS LTD,,,False,Lloyds_41283719_Oct24-Mar26.csv,287
LLOYDS-Lloyds_41283719_Oct24-Mar26-288,2024-12-25,Lloyds,41283719,,Northbridge Trading Ltd Current,BGC,BGC HEXHAM SUPPLIES LTD INV80457,,1758.18,-0.0,1758.18,239368.55,Hexham Supplies Ltd,HEXHAM SUPPLIES LTD,,,False,Lloyds_41283719_Oct24-Mar26.csv,288
LLOYDS-Lloyds_41283719_Oct24-Mar26-289,2024-12-25,Lloyds,41283719,,Northbridge Trading Ltd Current,BGC,BGC JARROW BUILDERS MERCHANTS INV74569,,1605.74,-0.0,1605.74,240974.29,Jarrow Builders Merchants,JARROW BUILDERS MERCHANTS,,,False,Lloyds_41283719_Oct24-Mar26.csv,289
LLOYDS-Lloyds_41283719_Oct24-Mar26-290,2024-12-25,Lloyds,41283719,,Northbridge Trading Ltd Current,BGC,BGC JARROW BUILDERS MERCHANTS INV95097,,3884.71,-0.0,3884.71,244859.0,Jarrow Builders Merchants,JARROW BUILDERS MERCHANTS,,,False,Lloyds_41283719_Oct24-Mar26.csv,290
LLOYDS-Lloyds_41283719_Oct24-Mar26-291,2024-12-25,Lloyds,41283719,,Northbridge Trading Ltd Current,FPO,FPO LUMEN ENERGY LTD REF 9850,9850,0.0,2601.89,-2601.89,242257.11,Lumen Energy Ltd,LUMEN ENERGY LTD,,,False,Lloyds_41283719_Oct24-Mar26.csv,291
LLOYDS-Lloyds_41283719_Oct24-Mar26-292,2024-12-25,Lloyds,41283719,,Northbridge Trading Ltd Current,FPO,FPO OAKLINE OFFICE LTD REF 7797,7797,0.0,3981.29,-3981.29,238275.82,Oakline Office Ltd,OAKLINE OFFICE LTD,,,False,Lloyds_41283719_Oct24-Mar26.csv,292
NATWEST-NatWest_77120931_statement-40,2024-12-25,NatWest,77120931,,Northbridge Trading Ltd,FPO,FPO A PATEL SALARY DEC24,,0.0,2946.61,-2946.61,98421.99,A Patel,A PATEL,,,False,NatWest_77120931_statement.xlsx,40
NATWEST-NatWest_77120931_statement-41,2024-12-25,NatWest,77120931,,Northbridge Trading Ltd,FPO,FPO C WALSH SALARY DEC24,,0.0,2516.57,-2516.57,95905.42,C Walsh,C WALSH,,,False,NatWest_77120931_statement.xlsx,41
NATWEST-NatWest_77120931_statement-42,2024-12-25,NatWest,77120931,,Northbridge Trading Ltd,FPO,FPO D O'BRIEN SALARY DEC24,,0.0,3567.58,-3567.58,92337.84,D O'Brien,D O'BRIEN,,,False,NatWest_77120931_statement.xlsx,42
NATWEST-NatWest_77120931_statement-43,2024-12-25,NatWest,77120931,,Northbridge Trading Ltd,FPO,FPO E MORGAN SALARY DEC24,,0.0,2655.98,-2655.98,89681.86,E Morgan,E MORGAN,,,False,NatWest_77120931_statement.xlsx,43
NATWEST-NatWest_77120931_statement-44,2024-12-25,NatWest,77120931,,Northbridge Trading Ltd,FPO,FPO H SCHMIDT SALARY DEC24,,0.0,2524.47,-2524.47,87157.39,H Schmidt,H SCHMIDT,,,False,NatWest_77120931_statement.xlsx,44
NATWEST-NatWest_77120931_statement-45,2024-12-25,NatWest,77120931,,Northbridge Trading Ltd,FPO,FPO J SMITH SALARY DEC24,,0.0,4200.0,-4200.0,82957.39,J Smith,J SMITH,,,False,NatWest_77120931_statement.xlsx,45
NATWEST-NatWest_77120931_statement-46,2024-12-25,NatWest,77120931,,Northbridge Trading Ltd,FPO,FPO J TAYLOR SALARY DEC24,,0.0,2996.21,-2996.21,79961.18,J Taylor,J TAYLOR,,,False,NatWest_77120931_statement.xlsx,46
NATWEST-NatWest_77120931_statement-47,2024-12-25,NatWest,77120931,,Northbridge Trading Ltd,FPO,FPO L KOWALSKI SALARY DEC24,,0.0,2375.56,-2375.56,77585.62,L Kowalski,L KOWALSKI,,,False,NatWest_77120931_statement.xlsx,47
NATWEST-NatWest_77120931_statement-48,2024-12-25,NatWest,77120931,,Northbridge Trading Ltd,FPO,FPO M HUGHES SALARY DEC24,,0.0,3073.48,-3073.48,74512.14,M Hughes,M HUGHES,,,False,NatWest_77120931_statement.xlsx,48
NATWEST-NatWest_77120931_statement-49,2024-12-25,NatWest,77120931,,Northbridge Trading Ltd,FPO,FPO P SINGH SALARY DEC24,,0.0,3432.88,-3432.88,71079.26,P Singh,P SINGH,,,False,NatWest_77120931_statement.xlsx,49
NATWEST-NatWest_77120931_statement-50,2024-12-25,NatWest,77120931,,Northbridge Trading Ltd,FPO,FPO R DAVIES SALARY DEC24,,0.0,2269.36,-2269.36,68809.9,R Davies,R DAVIES,,,False,NatWest_77120931_statement.xlsx,50
NATWEST-NatWest_77120931_statement-51,2024-12-25,NatWest,77120931,,Northbridge Trading Ltd,FPO,FPO S OKAFOR SALARY DEC24,,0.0,3496.39,-3496.39,65313.51,S Okafor,S OKAFOR,,,False,NatWest_77120931_statement.xlsx,51
NATWEST-NatWest_77120931_statement-52,2024-12-25,NatWest,77120931,,Northbridge Trading Ltd,FPO,FPO T NGUYEN SALARY DEC24,,0.0,2301.39,-2301.39,63012.12,T Nguyen,T NGUYEN,,,False,NatWest_77120931_statement.xlsx,52
LLOYDS-Lloyds_41283719_Oct24-Mar26-293,2024-12-26,Lloyds,41283719,,Northbridge Trading Ltd Current,BGC,BGC GLENMORE TRADING INV26011,,8102.28,-0.0,8102.28,246378.1,Glenmore Trading,GLENMORE TRADING,,,False,Lloyds_41283719_Oct24-Mar26.csv,293
LLOYDS-Lloyds_41283719_Oct24-Mar26-294,2024-12-26,Lloyds,41283719,,Northbridge Trading Ltd Current,BGC,BGC ORWELL FURNISHINGS LTD INV22015,,5869.6,-0.0,5869.6,252247.7,Orwell Furnishings Ltd,ORWELL FURNISHINGS LTD,,,False,Lloyds_41283719_Oct24-Mar26.csv,294
LLOYDS-Lloyds_41283719_Oct24-Mar26-295,2024-12-26,Lloyds,41283719,,Northbridge Trading Ltd Current,FPO,FPO FENWICK COMPONENTS LTD REF 2124,2124,0.0,5004.43,-5004.43,247243.27,Fenwick Components Ltd,FENWICK COMPONENTS LTD,,,False,Lloyds_41283719_Oct24-Mar26.csv,295
LLOYDS-Lloyds_41283719_Oct24-Mar26-296,2024-12-26,Lloyds,41283719,,Northbridge Trading Ltd Current,FPO,FPO HALCYON IT SERVICES REF 3063,3063,0.0,4753.82,-4753.82,242489.45,Halcyon It Services,HALCYON IT SERVICES,,,False,Lloyds_41283719_Oct24-Mar26.csv,296
LLOYDS-Lloyds_41283719_Oct24-Mar26-297,2024-12-26,Lloyds,41283719,,Northbridge Trading Ltd Current,FPO,FPO MERIDIAN PACKAGING LTD REF 1828,1828,0.0,4752.75,-4752.75,237736.7,Meridian Packaging Ltd,MERIDIAN PACKAGING LTD,,,False,Lloyds_41283719_Oct24-Mar26.csv,297
BARCLAYS-Barclays_90311276_export-22,2024-12-27,Barclays,90311276,20-45-18,Northbridge Trading Ltd,,CARD PAYMENT NORTHGATE VEHICLE HIRE,,0.0,80.63,-80.63,17487.97,Northgate Vehicle Hire,NORTHGATE VEHICLE HIRE,,,False,Barclays_90311276_export.csv,22
LLOYDS-Lloyds_41283719_Oct24-Mar26-298,2024-12-27,Lloyds,41283719,,Northbridge Trading Ltd Current,BGC,BGC KINGSMEAD DISTRIBUTION INV29340,,6851.42,-0.0,6851.42,244588.12,Kingsmead Distribution,KINGSMEAD DISTRIBUTION,,,False,Lloyds_41283719_Oct24-Mar26.csv,298
LLOYDS-Lloyds_41283719_Oct24-Mar26-299,2024-12-27,Lloyds,41283719,,Northbridge Trading Ltd Current,BGC,BGC TAMAR TRADERS INV10371,,2862.74,-0.0,2862.74,247450.86,Tamar Traders,TAMAR TRADERS,,,False,Lloyds_41283719_Oct24-Mar26.csv,299
LLOYDS-Lloyds_41283719_Oct24-Mar26-300,2024-12-27,Lloyds,41283719,,Northbridge Trading Ltd Current,FPO,FPO OAKLINE OFFICE LTD REF 9850,9850,0.0,1616.33,-1616.33,245834.53,Oakline Office Ltd,OAKLINE OFFICE LTD,,,False,Lloyds_41283719_Oct24-Mar26.csv,300
BARCLAYS-Barclays_90311276_export-23,2024-12-28,Barclays,90311276,20-45-18,Northbridge Trading Ltd,,CASH WDL 28DEC,,0.0,200.0,-200.0,17287.97,CASH,CASH,,,False,Barclays_90311276_export.csv,23
BARCLAYS-Barclays_90311276_export-24,2024-12-30,Barclays,90311276,20-45-18,Northbridge Trading Ltd,,CARD PAYMENT MICROSOFT,,0.0,53.81,-53.81,17234.16,Microsoft,MICROSOFT,,,False,Barclays_90311276_export.csv,24
LLOYDS-Lloyds_41283719_Oct24-Mar26-301,2024-12-30,Lloyds,41283719,,Northbridge Trading Ltd Current,BGC,BGC CASTLEFORD STORES INV72422,,4196.55,-0.0,4196.55,250031.08,Castleford Stores,CASTLEFORD STORES,,,False,Lloyds_41283719_Oct24-Mar26.csv,301
LLOYDS-Lloyds_41283719_Oct24-Mar26-302,2024-12-30,Lloyds,41283719,,Northbridge Trading Ltd Current,BGC,BGC LARKHILL LTD INV77271,,5330.59,-0.0,5330.59,255361.67,Larkhill Ltd,LARKHILL LTD,,,False,Lloyds_41283719_Oct24-Mar26.csv,302
LLOYDS-Lloyds_41283719_Oct24-Mar26-303,2024-12-30,Lloyds,41283719,,Northbridge Trading Ltd Current,BGC,BGC NEWHAM HARDWARE INV78955,,1586.46,-0.0,1586.46,256948.13,Newham Hardware,NEWHAM HARDWARE,,,False,Lloyds_41283719_Oct24-Mar26.csv,303
LLOYDS-Lloyds_41283719_Oct24-Mar26-304,2024-12-30,Lloyds,41283719,,Northbridge Trading Ltd Current,BGC,BGC ORWELL FURNISHINGS LTD INV76039,,2428.09,-0.0,2428.09,259376.22,Orwell Furnishings Ltd,ORWELL FURNISHINGS LTD,,,False,Lloyds_41283719_Oct24-Mar26.csv,304
LLOYDS-Lloyds_41283719_Oct24-Mar26-305,2024-12-30,Lloyds,41283719,,Northbridge Trading Ltd Current,DEB,ACCOUNT FEE,,0.0,54.71,-54.71,259321.51,Lloyds,LLOYDS,,,False,Lloyds_41283719_Oct24-Mar26.csv,305
LLOYDS-Lloyds_41283719_Oct24-Mar26-306,2024-12-30,Lloyds,41283719,,Northbridge Trading Ltd Current,FPO,FPO COASTLINE LOGISTICS LTD REF 9543,9543,0.0,1914.54,-1914.54,257406.97,Coastline Logistics Ltd,COASTLINE LOGISTICS LTD,,,False,Lloyds_41283719_Oct24-Mar26.csv,306
LLOYDS-Lloyds_41283719_Oct24-Mar26-307,2024-12-30,Lloyds,41283719,,Northbridge Trading Ltd Current,FPO,FPO ELLERY LEGAL LLP REF 1510,1510,0.0,505.83,-505.83,256901.14,Ellery Legal Llp,ELLERY LEGAL LLP,,,False,Lloyds_41283719_Oct24-Mar26.csv,307
LLOYDS-Lloyds_41283719_Oct24-Mar26-308,2024-12-30,Lloyds,41283719,,Northbridge Trading Ltd Current,FPO,FPO VODAFONE BUSINESS REF 7580,7580,0.0,2643.7,-2643.7,254257.44,Vodafone Business,VODAFONE BUSINESS,,,False,Lloyds_41283719_Oct24-Mar26.csv,308
NATWEST-NatWest_77120931_statement-53,2024-12-30,NatWest,77120931,,Northbridge Trading Ltd,DEB,ACCOUNT CHARGES,,0.0,31.78,-31.78,62980.34,NatWest,NATWEST,,,False,NatWest_77120931_statement.xlsx,53
LLOYDS-Lloyds_41283719_Oct24-Mar26-309,2024-12-31,Lloyds,41283719,,Northbridge Trading Ltd Current,BGC,BGC EVERLY INTERIORS LTD INV18609,,1684.29,-0.0,1684.29,255941.73,Everly Interiors Ltd,EVERLY INTERIORS LTD,,,False,Lloyds_41283719_Oct24-Mar26.csv,309
LLOYDS-Lloyds_41283719_Oct24-Mar26-310,2024-12-31,Lloyds,41283719,,Northbridge Trading Ltd Current,BGC,BGC KINGSMEAD DISTRIBUTION INV59925,,8458.1,-0.0,8458.1,264399.83,Kingsmead Distribution,KINGSMEAD DISTRIBUTION,,,False,Lloyds_41283719_Oct24-Mar26.csv,310
LLOYDS-Lloyds_41283719_Oct24-Mar26-311,2024-12-31,Lloyds,41283719,,Northbridge Trading Ltd Current,BGC,BGC TAMAR TRADERS INV92978,,5265.84,-0.0,5265.84,269665.67,Tamar Traders,TAMAR TRADERS,,,False,Lloyds_41283719_Oct24-Mar26.csv,311
LLOYDS-Lloyds_41283719_Oct24-Mar26-312,2024-12-31,Lloyds,41283719,,Northbridge Trading Ltd Current,FPO,FPO BRIGHTPATH PRINT LTD REF 4522,4522,0.0,2665.91,-2665.91,266999.76,Brightpath Print Ltd,BRIGHTPATH PRINT LTD,,,False,Lloyds_41283719_Oct24-Mar26.csv,312
LLOYDS-Lloyds_41283719_Oct24-Mar26-313,2024-12-31,Lloyds,41283719,,Northbridge Trading Ltd Current,FPO,FPO BRITISH GAS BUSINESS REF 2624,2624,0.0,4789.61,-4789.61,262210.15,British Gas Business,BRITISH GAS BUSINESS,,,False,Lloyds_41283719_Oct24-Mar26.csv,313
LLOYDS-Lloyds_41283719_Oct24-Mar26-314,2024-12-31,Lloyds,41283719,,Northbridge Trading Ltd Current,FPO,FPO STONEBRIDGE INSURANCE BROKERS REF 8433,8433,0.0,3107.47,-3107.47,259102.68,Stonebridge Insurance Brokers,STONEBRIDGE INSURANCE BROKERS,,,False,Lloyds_41283719_Oct24-Mar26.csv,314
LLOYDS-Lloyds_41283719_Oct24-Mar26-315,2025-01-01,Lloyds,41283719,,Northbridge Trading Ltd Current,BGC,BGC ISLEY & CO INV59060,,8138.02,-0.0,8138.02,267240.7,Isley & Co,ISLEY AND CO,,,False,Lloyds_41283719_Oct24-Mar26.csv,315
LLOYDS-Lloyds_41283719_Oct24-Mar26-316,2025-01-01,Lloyds,41283719,,Northbridge Trading Ltd Current,BGC,BGC KINGSMEAD DISTRIBUTION INV65936,,3137.68,-0.0,3137.68,270378.38,Kingsmead Distribution,KINGSMEAD DISTRIBUTION,,,False,Lloyds_41283719_Oct24-Mar26.csv,316
LLOYDS-Lloyds_41283719_Oct24-Mar26-317,2025-01-01,Lloyds,41283719,,Northbridge Trading Ltd Current,BGC,BGC MARSDEN DIY INV64524,,6390.98,-0.0,6390.98,276769.36,Marsden Diy,MARSDEN DIY,,,False,Lloyds_41283719_Oct24-Mar26.csv,317
LLOYDS-Lloyds_41283719_Oct24-Mar26-318,2025-01-01,Lloyds,41283719,,Northbridge Trading Ltd Current,DD,DD HARTWELL FINANCE PLC,,0.0,3180.4,-3180.4,273588.96,Hartwell Finance plc,HARTWELL FINANCE PLC,,,False,Lloyds_41283719_Oct24-Mar26.csv,318
LLOYDS-Lloyds_41283719_Oct24-Mar26-319,2025-01-01,Lloyds,41283719,,Northbridge Trading Ltd Current,FPO,FPO ASHFORD STEEL SUPPLIES REF 2494,2494,0.0,5015.87,-5015.87,268573.09,Ashford Steel Supplies,ASHFORD STEEL SUPPLIES,,,False,Lloyds_41283719_Oct24-Mar26.csv,319
LLOYDS-Lloyds_41283719_Oct24-Mar26-320,2025-01-01,Lloyds,41283719,,Northbridge Trading Ltd Current,FPO,FPO ASHFORD STEEL SUPPLIES REF 8075,8075,0.0,714.9,-714.9,267858.19,Ashford Steel Supplies,ASHFORD STEEL SUPPLIES,,,False,Lloyds_41283719_Oct24-Mar26.csv,320
LLOYDS-Lloyds_41283719_Oct24-Mar26-321,2025-01-01,Lloyds,41283719,,Northbridge Trading Ltd Current,SO,SO ASHCOMBE ESTATES RENT,,0.0,6250.0,-6250.0,261608.19,Ashcombe Estates,ASHCOMBE ESTATES,,,False,Lloyds_41283719_Oct24-Mar26.csv,321
BARCLAYS-Barclays_90311276_export-25,2025-01-02,Barclays,90311276,20-45-18,Northbridge Trading Ltd,,CARD PAYMENT MICROSOFT,,0.0,123.15,-123.15,17111.01,Microsoft,MICROSOFT,,,False,Barclays_90311276_export.csv,25
LLOYDS-Lloyds_41283719_Oct24-Mar26-322,2025-01-02,Lloyds,41283719,,Northbridge Trading Ltd Current,BGC,BGC BEXLEY HOMEWARE PLC INV86869,,8161.67,-0.0,8161.67,269769.86,Bexley Homeware Plc,BEXLEY HOMEWARE PLC,,,False,Lloyds_41283719_Oct24-Mar26.csv,322
LLOYDS-Lloyds_41283719_Oct24-Mar26-323,2025-01-02,Lloyds,41283719,,Northbridge Trading Ltd Current,BGC,BGC NEWHAM HARDWARE INV56346,,7514.14,-0.0,7514.14,277284.0,Newham Hardware,NEWHAM HARDWARE,,,False,Lloyds_41283719_Oct24-Mar26.csv,323
LLOYDS-Lloyds_41283719_Oct24-Mar26-324,2025-01-02,Lloyds,41283719,,Northbridge Trading Ltd Current,BGC,BGC RAVENSCOURT LTD INV53207,,5926.1,-0.0,5926.1,283210.1,Ravenscourt Ltd,RAVENSCOURT LTD,,,False,Lloyds_41283719_Oct24-Mar26.csv,324
LLOYDS-Lloyds_41283719_Oct24-Mar26-325,2025-01-02,Lloyds,41283719,,Northbridge Trading Ltd Current,FPO,FPO COASTLINE LOGISTICS LTD REF 5712,5712,0.0,3662.4,-3662.4,279547.7,Coastline Logistics Ltd,COASTLINE LOGISTICS LTD,,,False,Lloyds_41283719_Oct24-Mar26.csv,325
LLOYDS-Lloyds_41283719_Oct24-Mar26-326,2025-01-02,Lloyds,41283719,,Northbridge Trading Ltd Current,FPO,FPO LUMEN ENERGY LTD REF 2697,2697,0.0,3530.82,-3530.82,276016.88,Lumen Energy Ltd,LUMEN ENERGY LTD,,,False,Lloyds_41283719_Oct24-Mar26.csv,326
BARCLAYS-Barclays_90311276_export-26,2025-01-03,Barclays,90311276,20-45-18,Northbridge Trading Ltd,,CARD PAYMENT SAGE SOFTWARE,,0.0,52.01,-52.01,17059.0,Sage Software,SAGE SOFTWARE,,,False,Barclays_90311276_export.csv,26
LLOYDS-Lloyds_41283719_Oct24-Mar26-327,2025-01-03,Lloyds,41283719,,Northbridge Trading Ltd Current,BGC,BGC LARKHILL LTD INV25058,,6648.32,-0.0,6648.32,282665.2,Larkhill Ltd,LARKHILL LTD,,,False,Lloyds_41283719_Oct24-Mar26.csv,327
LLOYDS-Lloyds_41283719_Oct24-Mar26-328,2025-01-03,Lloyds,41283719,,Northbridge Trading Ltd Current,BGC,BGC RAVENSCOURT LTD INV91490,,5485.87,-0.0,5485.87,288151.07,Ravenscourt Ltd,RAVENSCOURT LTD,,,False,Lloyds_41283719_Oct24-Mar26.csv,328
LLOYDS-Lloyds_41283719_Oct24-Mar26-329,2025-01-03,Lloyds,41283719,,Northbridge Trading Ltd Current,BGC,BGC SELBY HOME STORES INV39643,,6996.33,-0.0,6996.33,295147.4,Selby Home Stores,SELBY HOME STORES,,,False,Lloyds_41283719_Oct24-Mar26.csv,329
LLOYDS-Lloyds_41283719_Oct24-Mar26-330,2025-01-03,Lloyds,41283719,,Northbridge Trading Ltd Current,FPO,FPO LUMEN ENERGY LTD REF 1100,1100,0.0,1211.22,-1211.22,293936.18,Lumen Energy Ltd,LUMEN ENERGY LTD,,,False,Lloyds_41283719_Oct24-Mar26.csv,330
LLOYDS-Lloyds_41283719_Oct24-Mar26-331,2025-01-03,Lloyds,41283719,,Northbridge Trading Ltd Current,FPO,FPO MERIDIAN PACKAGING LTD REF 5381,5381,0.0,319.38,-319.38,293616.8,Meridian Packaging Ltd,MERIDIAN PACKAGING LTD,,,False,Lloyds_41283719_Oct24-Mar26.csv,331
LLOYDS-Lloyds_41283719_Oct24-Mar26-332,2025-01-03,Lloyds,41283719,,Northbridge Trading Ltd Current,FPO,FPO REDGATE CLEANING LTD REF 6062,6062,0.0,5540.99,-5540.99,288075.81,Redgate Cleaning Ltd,REDGATE CLEANING LTD,,,False,Lloyds_41283719_Oct24-Mar26.csv,332
BARCLAYS-Barclays_90311276_export-27,2025-01-06,Barclays,90311276,20-45-18,Northbridge Trading Ltd,,CARD PAYMENT AMAZON BUSINESS,,0.0,145.17,-145.17,16913.83,Amazon Business,AMAZON BUSINESS,,,False,Barclays_90311276_export.csv,27
LLOYDS-Lloyds_41283719_Oct24-Mar26-333,2025-01-06,Lloyds,41283719,,Northbridge Trading Ltd Current,BGC,BGC GLENMORE TRADING INV59308,,3974.69,-0.0,3974.69,292050.5,Glenmore Trading,GLENMORE TRADING,,,False,Lloyds_41283719_Oct24-Mar26.csv,333
LLOYDS-Lloyds_41283719_Oct24-Mar26-334,2025-01-06,Lloyds,41283719,,Northbridge Trading Ltd Current,BGC,BGC KINGSMEAD DISTRIBUTION INV30631,,3586.41,-0.0,3586.41,295636.91,Kingsmead Distribution,KINGSMEAD DISTRIBUTION,,,False,Lloyds_41283719_Oct24-Mar26.csv,334
LLOYDS-Lloyds_41283719_Oct24-Mar26-335,2025-01-06,Lloyds,41283719,,Northbridge Trading Ltd Current,BGC,BGC KINGSMEAD DISTRIBUTION INV84395,,5350.55,-0.0,5350.55,300987.46,Kingsmead Distribution,KINGSMEAD DISTRIBUTION,,,False,Lloyds_41283719_Oct24-Mar26.csv,335
LLOYDS-Lloyds_41283719_Oct24-Mar26-336,2025-01-06,Lloyds,41283719,,Northbridge Trading Ltd Current,FPO,FPO OAKLINE OFFICE LTD REF 3579,3579,0.0,4563.45,-4563.45,296424.01,Oakline Office Ltd,OAKLINE OFFICE LTD,,,False,Lloyds_41283719_Oct24-Mar26.csv,336
LLOYDS-Lloyds_41283719_Oct24-Mar26-337,2025-01-07,Lloyds,41283719,,Northbridge Trading Ltd Current,BGC,BGC GLENMORE TRADING INV77154,,1587.78,-0.0,1587.78,298011.79,Glenmore Trading,GLENMORE TRADING,,,False,Lloyds_41283719_Oct24-Mar26.csv,337
LLOYDS-Lloyds_41283719_Oct24-Mar26-338,2025-01-07,Lloyds,41283719,,Northbridge Trading Ltd Current,BGC,BGC NEWHAM HARDWARE INV24534,,2909.32,-0.0,2909.32,300921.11,Newham Hardware,NEWHAM HARDWARE,,,False,Lloyds_41283719_Oct24-Mar26.csv,338
LLOYDS-Lloyds_41283719_Oct24-Mar26-339,2025-01-07,Lloyds,41283719,,Northbridge Trading Ltd Current,BGC,BGC TAMAR TRADERS INV67939,,3930.63,-0.0,3930.63,304851.74,Tamar Traders,TAMAR TRADERS,,,False,Lloyds_41283719_Oct24-Mar26.csv,339
LLOYDS-Lloyds_41283719_Oct24-Mar26-340,2025-01-07,Lloyds,41283719,,Northbridge Trading Ltd Current,FPO,FPO COASTLINE LOGISTICS LTD REF 4612,4612,0.0,2462.29,-2462.29,302389.45,Coastline Logistics Ltd,COASTLINE LOGISTICS LTD,,,False,Lloyds_41283719_Oct24-Mar26.csv,340
LLOYDS-Lloyds_41283719_Oct24-Mar26-341,2025-01-07,Lloyds,41283719,,Northbridge Trading Ltd Current,FPO,FPO HMRC VAT,,0.0,21379.74,-21379.74,281009.71,HMRC,HMRC,,,False,Lloyds_41283719_Oct24-Mar26.csv,341
LLOYDS-Lloyds_41283719_Oct24-Mar26-342,2025-01-07,Lloyds,41283719,,Northbridge Trading Ltd Current,FPO,FPO VODAFONE BUSINESS REF 9633,9633,0.0,4052.73,-4052.73,276956.98,Vodafone Business,VODAFONE BUSINESS,,,False,Lloyds_41283719_Oct24-Mar26.csv,342
LLOYDS-Lloyds_41283719_Oct24-Mar26-343,2025-01-07,Lloyds,41283719,,Northbridge Trading Ltd Current,FPO,FPO WEXFORD CATERING LTD REF 1897,1897,0.0,194.97,-194.97,276762.01,Wexford Catering Ltd,WEXFORD CATERING LTD,,,False,Lloyds_41283719_Oct24-Mar26.csv,343
LLOYDS-Lloyds_41283719_Oct24-Mar26-344,2025-01-08,Lloyds,41283719,,Northbridge Trading Ltd Current,BGC,BGC JARROW BUILDERS MERCHANTS INV53007,,1635.88,-0.0,1635.88,278397.89,Jarrow Builders Merchants,JARROW BUILDERS MERCHANTS,,,False,Lloyds_41283719_Oct24-Mar26.csv,344
LLOYDS-Lloyds_41283719_Oct24-Mar26-345,2025-01-08,Lloyds,41283719,,Northbridge Trading Ltd Current,BGC,BGC PEMBROKE LIVING INV66446,,2070.42,-0.0,2070.42,280468.31,Pembroke Living,PEMBROKE LIVING,,,False,Lloyds_41283719_Oct24-Mar26.csv,345
LLOYDS-Lloyds_41283719_Oct24-Mar26-346,2025-01-08,Lloyds,41283719,,Northbridge Trading Ltd Current,FPO,FPO BRAMBLE ACCOUNTANTS REF 6802,6802,0.0,571.64,-571.64,279896.67,Bramble Accountants,BRAMBLE ACCOUNTANTS,,,False,Lloyds_41283719_Oct24-Mar26.csv,346
LLOYDS-Lloyds_41283719_Oct24-Mar26-347,2025-01-08,Lloyds,41283719,,Northbridge Trading Ltd Current,FPO,FPO SABLE MARKETING LTD REF 4770,4770,0.0,3076.53,-3076.53,276820.14,Sable Marketing Ltd,SABLE MARKETING LTD,,,False,Lloyds_41283719_Oct24-Mar26.csv,347
LLOYDS-Lloyds_41283719_Oct24-Mar26-348,2025-01-09,Lloyds,41283719,,Northbridge Trading Ltd Current,BGC,BGC ORWELL FURNISHINGS LTD INV20205,,7424.46,-0.0,7424.46,284244.6,Orwell Furnishings Ltd,ORWELL FURNISHINGS LTD,,,False,Lloyds_41283719_Oct24-Mar26.csv,348
LLOYDS-Lloyds_41283719_Oct24-Mar26-349,2025-01-09,Lloyds,41283719,,Northbridge Trading Ltd Current,FPO,FPO BRITISH GAS BUSINESS REF 5743,5743,0.0,823.76,-823.76,283420.84,British Gas Business,BRITISH GAS BUSINESS,,,False,Lloyds_41283719_Oct24-Mar26.csv,349
LLOYDS-Lloyds_41283719_Oct24-Mar26-350,2025-01-09,Lloyds,41283719,,Northbridge Trading Ltd Current,FPO,FPO BRITISH GAS BUSINESS REF 7626,7626,0.0,4300.57,-4300.57,279120.27,British Gas Business,BRITISH GAS BUSINESS,,,False,Lloyds_41283719_Oct24-Mar26.csv,350
LLOYDS-Lloyds_41283719_Oct24-Mar26-351,2025-01-09,Lloyds,41283719,,Northbridge Trading Ltd Current,FPO,FPO MERIDIAN PACKAGING LTD REF 6321,6321,0.0,1155.46,-1155.46,277964.81,Meridian Packaging Ltd,MERIDIAN PACKAGING LTD,,,False,Lloyds_41283719_Oct24-Mar26.csv,351
LLOYDS-Lloyds_41283719_Oct24-Mar26-352,2025-01-10,Lloyds,41283719,,Northbridge Trading Ltd Current,BGC,BGC DENBY GARDEN CENTRES INV41891,,4098.28,-0.0,4098.28,282063.09,Denby Garden Centres,DENBY GARDEN CENTRES,,,False,Lloyds_41283719_Oct24-Mar26.csv,352
LLOYDS-Lloyds_41283719_Oct24-Mar26-353,2025-01-10,Lloyds,41283719,,Northbridge Trading Ltd Current,BGC,BGC JARROW BUILDERS MERCHANTS INV54500,,2428.26,-0.0,2428.26,284491.35,Jarrow Builders Merchants,JARROW BUILDERS MERCHANTS,,,False,Lloyds_41283719_Oct24-Mar26.csv,353
LLOYDS-Lloyds_41283719_Oct24-Mar26-354,2025-01-10,Lloyds,41283719,,Northbridge Trading Ltd Current,BGC,BGC LARKHILL LTD INV21551,,4106.35,-0.0,4106.35,288597.7,Larkhill Ltd,LARKHILL LTD,,,False,Lloyds_41283719_Oct24-Mar26.csv,354
LLOYDS-Lloyds_41283719_Oct24-Mar26-355,2025-01-10,Lloyds,41283719,,Northbridge Trading Ltd Current,BGC,BGC MARSDEN DIY INV78676,,1313.45,-0.0,1313.45,289911.15,Marsden Diy,MARSDEN DIY,,,False,Lloyds_41283719_Oct24-Mar26.csv,355
LLOYDS-Lloyds_41283719_Oct24-Mar26-356,2025-01-10,Lloyds,41283719,,Northbridge Trading Ltd Current,FPO,FPO ASHFORD STEEL SUPPLIES REF 9363,9363,0.0,3854.36,-3854.36,286056.79,Ashford Steel Supplies,ASHFORD STEEL SUPPLIES,,,False,Lloyds_41283719_Oct24-Mar26.csv,356
LLOYDS-Lloyds_41283719_Oct24-Mar26-357,2025-01-13,Lloyds,41283719,,Northbridge Trading Ltd Current,BGC,BGC CASTLEFORD STORES INV33218,,8120.08,-0.0,8120.08,294176.87,Castleford Stores,CASTLEFORD STORES,,,False,Lloyds_41283719_Oct24-Mar26.csv,357
LLOYDS-Lloyds_41283719_Oct24-Mar26-358,2025-01-13,Lloyds,41283719,,Northbridge Trading Ltd Current,BGC,BGC GLENMORE TRADING INV32740,,5398.71,-0.0,5398.71,299575.58,Glenmore Trading,GLENMORE TRADING,,,False,Lloyds_41283719_Oct24-Mar26.csv,358
LLOYDS-Lloyds_41283719_Oct24-Mar26-359,2025-01-13,Lloyds,41283719,,Northbridge Trading Ltd Current,DD,DD BRITISH GAS BUSINESS,,0.0,611.41,-611.41,298964.17,British Gas Business,BRITISH GAS BUSINESS,,,False,Lloyds_41283719_Oct24-Mar26.csv,359
LLOYDS-Lloyds_41283719_Oct24-Mar26-360,2025-01-13,Lloyds,41283719,,Northbridge Trading Ltd Current,DD,DD BT BUSINESS,,0.0,405.97,-405.97,298558.2,Bt Business,BT BUSINESS,,,False,Lloyds_41283719_Oct24-Mar26.csv,360
LLOYDS-Lloyds_41283719_Oct24-Mar26-361,2025-01-13,Lloyds,41283719,,Northbridge Trading Ltd Current,DD,DD LUMEN ENERGY LTD,,0.0,1001.62,-1001.62,297556.58,Lumen Energy Ltd,LUMEN ENERGY LTD,,,False,Lloyds_41283719_Oct24-Mar26.csv,361
LLOYDS-Lloyds_41283719_Oct24-Mar26-362,2025-01-13,Lloyds,41283719,,Northbridge Trading Ltd Current,DD,DD THAMES WATER,,0.0,244.56,-244.56,297312.02,Thames Water,THAMES WATER,,,False,Lloyds_41283719_Oct24-Mar26.csv,362
LLOYDS-Lloyds_41283719_Oct24-Mar26-363,2025-01-13,Lloyds,41283719,,Northbridge Trading Ltd Current,FPO,FPO BT BUSINESS REF 8354,8354,0.0,4134.63,-4134.63,293177.39,Bt Business,BT BUSINESS,,,False,Lloyds_41283719_Oct24-Mar26.csv,363
LLOYDS-Lloyds_41283719_Oct24-Mar26-364,2025-01-13,Lloyds,41283719,,Northbridge Trading Ltd Current,FPO,FPO CARROW SECURITY LTD REF 6295,6295,0.0,5205.84,-5205.84,287971.55,Carrow Security Ltd,CARROW SECURITY LTD,,,False,Lloyds_41283719_Oct24-Mar26.csv,364
BARCLAYS-Barclays_90311276_export-28,2025-01-14,Barclays,90311276,20-45-18,Northbridge Trading Ltd,,CARD PAYMENT DHL EXPRESS,,0.0,402.58,-402.58,16511.25,Dhl Express,DHL EXPRESS,,,False,Barclays_90311276_export.csv,28
LLOYDS-Lloyds_41283719_Oct24-Mar26-365,2025-01-14,Lloyds,41283719,,Northbridge Trading Ltd Current,BGC,BGC PEMBROKE LIVING INV67961,,5624.8,-0.0,5624.8,293596.35,Pembroke Living,PEMBROKE LIVING,,,False,Lloyds_41283719_Oct24-Mar26.csv,365
LLOYDS-Lloyds_41283719_Oct24-Mar26-366,2025-01-14,Lloyds,41283719,,Northbridge Trading Ltd Current,FPO,FPO ASHFORD STEEL SUPPLIES REF 6085,6085,0.0,2851.19,-2851.19,290745.16,Ashford Steel Supplies,ASHFORD STEEL SUPPLIES,,,False,Lloyds_41283719_Oct24-Mar26.csv,366
LLOYDS-Lloyds_41283719_Oct24-Mar26-367,2025-01-14,Lloyds,41283719,,Northbridge Trading Ltd Current,FPO,FPO CARROW SECURITY LTD REF 1920,1920,0.0,2208.86,-2208.86,288536.3,Carrow Security Ltd,CARROW SECURITY LTD,,,False,Lloyds_41283719_Oct24-Mar26.csv,367
BARCLAYS-Barclays_90311276_export-29,2025-01-15,Barclays,90311276,20-45-18,Northbridge Trading Ltd,,TFR FROM 30-96-26 41283719,,4000.0,0.0,4000.0,20511.25,Northbridge Trading Ltd,NORTHBRIDGE TRADING LTD,30-96-26,41283719,True,Barclays_90311276_export.csv,29
LLOYDS-Lloyds_41283719_Oct24-Mar26-368,2025-01-15,Lloyds,41283719,,Northbridge Trading Ltd Current,BGC,BGC TAMAR TRADERS INV87867,,4655.13,-0.0,4655.13,293191.43,Tamar Traders,TAMAR TRADERS,,,False,Lloyds_41283719_Oct24-Mar26.csv,368
LLOYDS-Lloyds_41283719_Oct24-Mar26-369,2025-01-15,Lloyds,41283719,,Northbridge Trading Ltd Current,FPO,FPO CARROW SECURITY LTD REF 1672,1672,0.0,2780.94,-2780.94,290410.49,Carrow Security Ltd,CARROW SECURITY LTD,,,False,Lloyds_41283719_Oct24-Mar26.csv,369
LLOYDS-Lloyds_41283719_Oct24-Mar26-370,2025-01-15,Lloyds,41283719,,Northbridge Trading Ltd Current,FPO,FPO CARROW SECURITY LTD REF 4084,4084,0.0,2030.93,-2030.93,288379.56,Carrow Security Ltd,CARROW SECURITY LTD,,,False,Lloyds_41283719_Oct24-Mar26.csv,370
LLOYDS-Lloyds_41283719_Oct24-Mar26-371,2025-01-15,Lloyds,41283719,,Northbridge Trading Ltd Current,TFR,TFR TO 20-45-18 90311276,,0.0,4000.0,-4000.0,284379.56,Northbridge Trading Ltd,NORTHBRIDGE TRADING LTD,20-45-18,90311276,True,Lloyds_41283719_Oct24-Mar26.csv,371
LLOYDS-Lloyds_41283719_Oct24-Mar26-372,2025-01-16,Lloyds,41283719,,Northbridge Trading Ltd Current,BGC,BGC ORWELL FURNISHINGS LTD INV23566,,7025.54,-0.0,7025.54,291405.1,Orwell Furnishings Ltd,ORWELL FURNISHINGS LTD,,,False,Lloyds_41283719_Oct24-Mar26.csv,372
LLOYDS-Lloyds_41283719_Oct24-Mar26-373,2025-01-16,Lloyds,41283719,,Northbridge Trading Ltd Current,FPO,FPO ASHFORD STEEL SUPPLIES REF 9266,9266,0.0,3929.84,-3929.84,287475.26,Ashford Steel Supplies,ASHFORD STEEL SUPPLIES,,,False,Lloyds_41283719_Oct24-Mar26.csv,373
LLOYDS-Lloyds_41283719_Oct24-Mar26-374,2025-01-16,Lloyds,41283719,,Northbridge Trading Ltd Current,FPO,FPO COASTLINE LOGISTICS LTD REF 5059,5059,0.0,4289.59,-4289.59,283185.67,Coastline Logistics Ltd,COASTLINE LOGISTICS LTD,,,False,Lloyds_41283719_Oct24-Mar26.csv,374
LLOYDS-Lloyds_41283719_Oct24-Mar26-375,2025-01-17,Lloyds,41283719,,Northbridge Trading Ltd Current,BGC,BGC FAIRBANK WHOLESALE INV57696,,3608.25,-0.0,3608.25,286793.92,Fairbank Wholesale,FAIRBANK WHOLESALE,,,False,Lloyds_41283719_Oct24-Mar26.csv,375
LLOYDS-Lloyds_41283719_Oct24-Mar26-376,2025-01-17,Lloyds,41283719,,Northbridge Trading Ltd Current,BGC,BGC JARROW BUILDERS MERCHANTS INV60779,,3888.4,-0.0,3888.4,290682.32,Jarrow Builders Merchants,JARROW BUILDERS MERCHANTS,,,False,Lloyds_41283719_Oct24-Mar26.csv,376
LLOYDS-Lloyds_41283719_Oct24-Mar26-377,2025-01-17,Lloyds,41283719,,Northbridge Trading Ltd Current,BGC,BGC KINGSMEAD DISTRIBUTION INV98984,,5363.51,-0.0,5363.51,296045.83,Kingsmead Distribution,KINGSMEAD DISTRIBUTION,,,False,Lloyds_41283719_Oct24-Mar26.csv,377
LLOYDS-Lloyds_41283719_Oct24-Mar26-378,2025-01-17,Lloyds,41283719,,Northbridge Trading Ltd Current,FPO,FPO ASHFORD STEEL SUPPLIES REF 6401,6401,0.0,702.86,-702.86,295342.97,Ashford Steel Supplies,ASHFORD STEEL SUPPLIES,,,False,Lloyds_41283719_Oct24-Mar26.csv,378
LLOYDS-Lloyds_41283719_Oct24-Mar26-379,2025-01-17,Lloyds,41283719,,Northbridge Trading Ltd Current,FPO,FPO BRAMBLE ACCOUNTANTS REF 7333,7333,0.0,1812.26,-1812.26,293530.71,Bramble Accountants,BRAMBLE ACCOUNTANTS,,,False,Lloyds_41283719_Oct24-Mar26.csv,379
LLOYDS-Lloyds_41283719_Oct24-Mar26-380,2025-01-20,Lloyds,41283719,,Northbridge Trading Ltd Current,BGC,BGC CASTLEFORD STORES INV86380,,5876.17,-0.0,5876.17,299406.88,Castleford Stores,CASTLEFORD STORES,,,False,Lloyds_41283719_Oct24-Mar26.csv,380
LLOYDS-Lloyds_41283719_Oct24-Mar26-381,2025-01-20,Lloyds,41283719,,Northbridge Trading Ltd Current,BGC,BGC LARKHILL LTD INV50662,,8248.03,-0.0,8248.03,307654.91,Larkhill Ltd,LARKHILL LTD,,,False,Lloyds_41283719_Oct24-Mar26.csv,381
LLOYDS-Lloyds_41283719_Oct24-Mar26-382,2025-01-20,Lloyds,41283719,,Northbridge Trading Ltd Current,FPO,FPO OAKLINE OFFICE LTD REF 2388,2388,0.0,1961.05,-1961.05,305693.86,Oakline Office Ltd,OAKLINE OFFICE LTD,,,False,Lloyds_41283719_Oct24-Mar26.csv,382
LLOYDS-Lloyds_41283719_Oct24-Mar26-383,2025-01-20,Lloyds,41283719,,Northbridge Trading Ltd Current,FPO,FPO THAMES WATER REF 6381,6381,0.0,4907.13,-4907.13,300786.73,Thames Water,THAMES WATER,,,False,Lloyds_41283719_Oct24-Mar26.csv,383
LLOYDS-Lloyds_41283719_Oct24-Mar26-384,2025-01-20,Lloyds,41283719,,Northbridge Trading Ltd Current,TFR,TFR TO 60-12-44 77120931,,0.0,56000.0,-56000.0,244786.73,Northbridge Trading Ltd,NORTHBRIDGE TRADING LTD,60-12-44,77120931,True,Lloyds_41283719_Oct24-Mar26.csv,384
NATWEST-NatWest_77120931_statement-54,2025-01-20,NatWest,77120931,,Northbridge Trading Ltd,TFR,TFR FROM 30-96-26 41283719,,56000.0,0.0,56000.0,118980.34,Northbridge Trading Ltd,NORTHBRIDGE TRADING LTD,30-96-26,41283719,True,NatWest_77120931_statement.xlsx,54
LLOYDS-Lloyds_41283719_Oct24-Mar26-385,2025-01-21,Lloyds,41283719,,Northbridge Trading Ltd Current,BGC,BGC GLENMORE TRADING INV54791,,8091.81,-0.0,8091.81,252878.54,Glenmore Trading,GLENMORE TRADING,,,False,Lloyds_41283719_Oct24-Mar26.csv,385
LLOYDS-Lloyds_41283719_Oct24-Mar26-386,2025-01-21,Lloyds,41283719,,Northbridge Trading Ltd Current,BGC,BGC LARKHILL LTD INV50483,,2106.05,-0.0,2106.05,254984.59,Larkhill Ltd,LARKHILL LTD,,,False,Lloyds_41283719_Oct24-Mar26.csv,386
LLOYDS-Lloyds_41283719_Oct24-Mar26-387,2025-01-21,Lloyds,41283719,,Northbridge Trading Ltd Current,BGC,BGC NEWHAM HARDWARE INV76648,,3522.26,-0.0,3522.26,258506.85,Newham Hardware,NEWHAM HARDWARE,,,False,Lloyds_41283719_Oct24-Mar26.csv,387
LLOYDS-Lloyds_41283719_Oct24-Mar26-388,2025-01-21,Lloyds,41283719,,Northbridge Trading Ltd Current,BGC,BGC QUAYSIDE RETAIL INV22249,,5738.99,-0.0,5738.99,264245.84,Quayside Retail,QUAYSIDE RETAIL,,,False,Lloyds_41283719_Oct24-Mar26.csv,388
LLOYDS-Lloyds_41283719_Oct24-Mar26-389,2025-01-21,Lloyds,41283719,,Northbridge Trading Ltd Current,FPO,FPO FENWICK COMPONENTS LTD REF 4711,4711,0.0,5999.86,-5999.86,258245.98,Fenwick Components Ltd,FENWICK COMPONENTS LTD,,,False,Lloyds_41283719_Oct24-Mar26.csv,389
LLOYDS-Lloyds_41283719_Oct24-Mar26-390,2025-01-21,Lloyds,41283719,,Northbridge Trading Ltd Current,FPO,FPO OAKLINE OFFICE LTD REF 2264,2264,0.0,1880.38,-1880.38,256365.6,Oakline Office Ltd,OAKLINE OFFICE LTD,,,False,Lloyds_41283719_Oct24-Mar26.csv,390
LLOYDS-Lloyds_41283719_Oct24-Mar26-391,2025-01-22,Lloyds,41283719,,Northbridge Trading Ltd Current,BGC,BGC EVERLY INTERIORS LTD INV31266,,2110.6,-0.0,2110.6,258476.2,Everly Interiors Ltd,EVERLY INTERIORS LTD,,,False,Lloyds_41283719_Oct24-Mar26.csv,391
LLOYDS-Lloyds_41283719_Oct24-Mar26-392,2025-01-22,Lloyds,41283719,,Northbridge Trading Ltd Current,BGC,BGC QUAYSIDE RETAIL INV14947,,5863.05,-0.0,5863.05,264339.25,Quayside Retail,QUAYSIDE RETAIL,,,False,Lloyds_41283719_Oct24-Mar26.csv,392
LLOYDS-Lloyds_41283719_Oct24-Mar26-393,2025-01-22,Lloyds,41283719,,Northbridge Trading Ltd Current,BGC,BGC TAMAR TRADERS INV27176,,5358.52,-0.0,5358.52,269697.77,Tamar Traders,TAMAR TRADERS,,,False,Lloyds_41283719_Oct24-Mar26.csv,393
LLOYDS-Lloyds_41283719_Oct24-Mar26-394,2025-01-22,Lloyds,41283719,,Northbridge Trading Ltd Current,FPO,FPO LUMEN ENERGY LTD REF 4891,4891,0.0,5822.09,-5822.09,263875.68,Lumen Energy Ltd,LUMEN ENERGY LTD,,,False,Lloyds_41283719_Oct24-Mar26.csv,394
LLOYDS-Lloyds_41283719_Oct24-Mar26-395,2025-01-22,Lloyds,41283719,,Northbridge Trading Ltd Current,FPO,FPO PENNANT FREIGHT LTD REF 8170,8170,0.0,405.6,-405.6,263470.08,Pennant Freight Ltd,PENNANT FREIGHT LTD,,,False,Lloyds_41283719_Oct24-Mar26.csv,395
LLOYDS-Lloyds_41283719_Oct24-Mar26-396,2025-01-22,Lloyds,41283719,,Northbridge Trading Ltd Current,FPO,FPO WEXFORD CATERING LTD REF 5668,5668,0.0,4551.49,-4551.49,258918.59,Wexford Catering Ltd,WEXFORD CATERING LTD,,,False,Lloyds_41283719_Oct24-Mar26.csv,396
NATWEST-NatWest_77120931_statement-55,2025-01-22,NatWest,77120931,,Northbridge Trading Ltd,FPO,FPO HMRC PAYE 0125,,0.0,10053.01,-10053.01,108927.33,HMRC,HMRC,,,False,NatWest_77120931_statement.xlsx,55
LLOYDS-Lloyds_41283719_Oct24-Mar26-397,2025-01-23,Lloyds,41283719,,Northbridge Trading Ltd Current,BGC,BGC GLENMORE TRADING INV58213,,5990.79,-0.0,5990.79,264909.38,Glenmore Trading,GLENMORE TRADING,,,False,Lloyds_41283719_Oct24-Mar26.csv,397
LLOYDS-Lloyds_41283719_Oct24-Mar26-398,2025-01-23,Lloyds,41283719,,Northbridge Trading Ltd Current,BGC,BGC JARROW BUILDERS MERCHANTS INV60052,,4622.67,-0.0,4622.67,269532.05,Jarrow Builders Merchants,JARROW BUILDERS MERCHANTS,,,False,Lloyds_41283719_Oct24-Mar26.csv,398
LLOYDS-Lloyds_41283719_Oct24-Mar26-399,2025-01-23,Lloyds,41283719,,Northbridge Trading Ltd Current,BGC,BGC SELBY HOME STORES INV67749,,4301.1,-0.0,4301.1,273833.15,Selby Home Stores,SELBY HOME STORES,,,False,Lloyds_41283719_Oct24-Mar26.csv,399
LLOYDS-Lloyds_41283719_Oct24-Mar26-400,2025-01-23,Lloyds,41283719,,Northbridge Trading Ltd Current,FPO,FPO OAKLINE OFFICE LTD REF 5096,5096,0.0,455.25,-455.25,273377.9,Oakline Office Ltd,OAKLINE OFFICE LTD,,,False,Lloyds_41283719_Oct24-Mar26.csv,400
LLOYDS-Lloyds_41283719_Oct24-Mar26-401,2025-01-23,Lloyds,41283719,,Northbridge Trading Ltd Current,FPO,FPO PENNANT FREIGHT LTD REF 4271,4271,0.0,4837.37,-4837.37,268540.53,Pennant Freight Ltd,PENNANT FREIGHT LTD,,,False,Lloyds_41283719_Oct24-Mar26.csv,401
BARCLAYS-Barclays_90311276_export-30,2025-01-24,Barclays,90311276,20-45-18,Northbridge Trading Ltd,,CARD PAYMENT SAGE SOFTWARE,,0.0,62.19,-62.19,20449.06,Sage Software,SAGE SOFTWARE,,,False,Barclays_90311276_export.csv,30
LLOYDS-Lloyds_41283719_Oct24-Mar26-402,2025-01-24,Lloyds,41283719,,Northbridge Trading Ltd Current,BGC,BGC QUAYSIDE RETAIL INV26341,,2923.49,-0.0,2923.49,271464.02,Quayside Retail,QUAYSIDE RETAIL,,,False,Lloyds_41283719_Oct24-Mar26.csv,402
LLOYDS-Lloyds_41283719_Oct24-Mar26-403,2025-01-24,Lloyds,41283719,,Northbridge Trading Ltd Current,FPO,FPO REDGATE CLEANING LTD REF 8361,8361,0.0,5446.04,-5446.04,266017.98,Redgate Cleaning Ltd,REDGATE CLEANING LTD,,,False,Lloyds_41283719_Oct24-Mar26.csv,403
BARCLAYS-Barclays_90311276_export-31,2025-01-27,Barclays,90311276,20-45-18,Northbridge Trading Ltd,,CASH WDL 27JAN,,0.0,150.0,-150.0,20299.06,CASH,CASH,,,False,Barclays_90311276_export.csv,31
LLOYDS-Lloyds_41283719_Oct24-Mar26-404,2025-01-27,Lloyds,41283719,,Northbridge Trading Ltd Current,BGC,BGC JARROW BUILDERS MERCHANTS INV71925,,6129.36,-0.0,6129.36,272147.34,Jarrow Builders Merchants,JARROW BUILDERS MERCHANTS,,,False,Lloyds_41283719_Oct24-Mar26.csv,404
LLOYDS-Lloyds_41283719_Oct24-Mar26-405,2025-01-27,Lloyds,41283719,,Northbridge Trading Ltd Current,FPO,FPO VODAFONE BUSINESS REF 8349,8349,0.0,3749.79,-3749.79,268397.55,Vodafone Business,VODAFONE BUSINESS,,,False,Lloyds_41283719_Oct24-Mar26.csv,405
NATWEST-NatWest_77120931_statement-56,2025-01-27,NatWest,77120931,,Northbridge Trading Ltd,FPO,FPO A PATEL SALARY JAN25,,0.0,3288.4,-3288.4,105638.93,A Patel,A PATEL,,,False,NatWest_77120931_statement.xlsx,56
NATWEST-NatWest_77120931_statement-57,2025-01-27,NatWest,77120931,,Northbridge Trading Ltd,FPO,FPO C WALSH SALARY JAN25,,0.0,2038.73,-2038.73,103600.2,C Walsh,C WALSH,,,False,NatWest_77120931_statement.xlsx,57
NATWEST-NatWest_77120931_statement-58,2025-01-27,NatWest,77120931,,Northbridge Trading Ltd,FPO,FPO D O'BRIEN SALARY JAN25,,0.0,2281.72,-2281.72,101318.48,D O'Brien,D O'BRIEN,,,False,NatWest_77120931_statement.xlsx,58
NATWEST-NatWest_77120931_statement-59,2025-01-27,NatWest,77120931,,Northbridge Trading Ltd,FPO,FPO E MORGAN SALARY JAN25,,0.0,2535.73,-2535.73,98782.75,E Morgan,E MORGAN,,,False,NatWest_77120931_statement.xlsx,59
NATWEST-NatWest_77120931_statement-60,2025-01-27,NatWest,77120931,,Northbridge Trading Ltd,FPO,FPO H SCHMIDT SALARY JAN25,,0.0,2441.76,-2441.76,96340.99,H Schmidt,H SCHMIDT,,,False,NatWest_77120931_statement.xlsx,60
NATWEST-NatWest_77120931_statement-61,2025-01-27,NatWest,77120931,,Northbridge Trading Ltd,FPO,FPO J SMITH SALARY JAN25,,0.0,4200.0,-4200.0,92140.99,J Smith,J SMITH,,,False,NatWest_77120931_statement.xlsx,61
NATWEST-NatWest_77120931_statement-62,2025-01-27,NatWest,77120931,,Northbridge Trading Ltd,FPO,FPO J TAYLOR SALARY JAN25,,0.0,3115.0,-3115.0,89025.99,J Taylor,J TAYLOR,,,False,NatWest_77120931_statement.xlsx,62
NATWEST-NatWest_77120931_statement-63,2025-01-27,NatWest,77120931,,Northbridge Trading Ltd,FPO,FPO L KOWALSKI SALARY JAN25,,0.0,3481.8,-3481.8,85544.19,L Kowalski,L KOWALSKI,,,False,NatWest_77120931_statement.xlsx,63
NATWEST-NatWest_77120931_statement-64,2025-01-27,NatWest,77120931,,Northbridge Trading Ltd,FPO,FPO M HUGHES SALARY JAN25,,0.0,2605.32,-2605.32,82938.87,M Hughes,M HUGHES,,,False,NatWest_77120931_statement.xlsx,64
NATWEST-NatWest_77120931_statement-65,2025-01-27,NatWest,77120931,,Northbridge Trading Ltd,FPO,FPO P SINGH SALARY JAN25,,0.0,2068.44,-2068.44,80870.43,P Singh,P SINGH,,,False,NatWest_77120931_statement.xlsx,65
NATWEST-NatWest_77120931_statement-66,2025-01-27,NatWest,77120931,,Northbridge Trading Ltd,FPO,FPO R DAVIES SALARY JAN25,,0.0,2573.97,-2573.97,78296.46,R Davies,R DAVIES,,,False,NatWest_77120931_statement.xlsx,66
NATWEST-NatWest_77120931_statement-67,2025-01-27,NatWest,77120931,,Northbridge Trading Ltd,FPO,FPO S OKAFOR SALARY JAN25,,0.0,3403.87,-3403.87,74892.59,S Okafor,S OKAFOR,,,False,NatWest_77120931_statement.xlsx,67
NATWEST-NatWest_77120931_statement-68,2025-01-27,NatWest,77120931,,Northbridge Trading Ltd,FPO,FPO T NGUYEN SALARY JAN25,,0.0,2556.48,-2556.48,72336.11,T Nguyen,T NGUYEN,,,False,NatWest_77120931_statement.xlsx,68
LLOYDS-Lloyds_41283719_Oct24-Mar26-406,2025-01-28,Lloyds,41283719,,Northbridge Trading Ltd Current,BGC,BGC DENBY GARDEN CENTRES INV47762,,2553.59,-0.0,2553.59,270951.14,Denby Garden Centres,DENBY GARDEN CENTRES,,,False,Lloyds_41283719_Oct24-Mar26.csv,406
LLOYDS-Lloyds_41283719_Oct24-Mar26-407,2025-01-28,Lloyds,41283719,,Northbridge Trading Ltd Current,BGC,BGC RAVENSCOURT LTD INV89807,,4816.62,-0.0,4816.62,275767.76,Ravenscourt Ltd,RAVENSCOURT LTD,,,False,Lloyds_41283719_Oct24-Mar26.csv,407
LLOYDS-Lloyds_41283719_Oct24-Mar26-408,2025-01-28,Lloyds,41283719,,Northbridge Trading Ltd Current,DEB,ACCOUNT FEE,,0.0,46.43,-46.43,275721.33,Lloyds,LLOYDS,,,False,Lloyds_41283719_Oct24-Mar26.csv,408
LLOYDS-Lloyds_41283719_Oct24-Mar26-409,2025-01-28,Lloyds,41283719,,Northbridge Trading Ltd Current,FPO,FPO COASTLINE LOGISTICS LTD REF 4906,4906,0.0,2605.98,-2605.98,273115.35,Coastline Logistics Ltd,COASTLINE LOGISTICS LTD,,,False,Lloyds_41283719_Oct24-Mar26.csv,409
NATWEST-NatWest_77120931_statement-69,2025-01-28,NatWest,77120931,,Northbridge Trading Ltd,DEB,ACCOUNT CHARGES,,0.0,22.22,-22.22,72313.89,NatWest,NATWEST,,,False,NatWest_77120931_statement.xlsx,69
LLOYDS-Lloyds_41283719_Oct24-Mar26-410,2025-01-29,Lloyds,41283719,,Northbridge Trading Ltd Current,BGC,BGC JARROW BUILDERS MERCHANTS INV66261,,712.2,-0.0,712.2,273827.55,Jarrow Builders Merchants,JARROW BUILDERS MERCHANTS,,,False,Lloyds_41283719_Oct24-Mar26.csv,410
LLOYDS-Lloyds_41283719_Oct24-Mar26-411,2025-01-29,Lloyds,41283719,,Northbridge Trading Ltd Current,BGC,BGC RAVENSCOURT LTD INV12154,,5629.25,-0.0,5629.25,279456.8,Ravenscourt Ltd,RAVENSCOURT LTD,,,False,Lloyds_41283719_Oct24-Mar26.csv,411
LLOYDS-Lloyds_41283719_Oct24-Mar26-412,2025-01-29,Lloyds,41283719,,Northbridge Trading Ltd Current,BGC,BGC SELBY HOME STORES INV41711,,6304.65,-0.0,6304.65,285761.45,Selby Home Stores,SELBY HOME STORES,,,False,Lloyds_41283719_Oct24-Mar26.csv,412
LLOYDS-Lloyds_41283719_Oct24-Mar26-413,2025-01-29,Lloyds,41283719,,Northbridge Trading Ltd Current,FPO,FPO BRAMBLE ACCOUNTANTS REF 2402,2402,0.0,3212.38,-3212.38,282549.07,Bramble Accountants,BRAMBLE ACCOUNTANTS,,,False,Lloyds_41283719_Oct24-Mar26.csv,413
LLOYDS-Lloyds_41283719_Oct24-Mar26-414,2025-01-29,Lloyds,41283719,,Northbridge Trading Ltd Current,FPO,FPO HALCYON IT SERVICES REF 7825,7825,0.0,1245.79,-1245.79,281303.28,Halcyon It Services,HALCYON IT SERVICES,,,False,Lloyds_41283719_Oct24-Mar26.csv,414
LLOYDS-Lloyds_41283719_Oct24-Mar26-415,2025-01-30,Lloyds,41283719,,Northbridge Trading Ltd Current,BGC,BGC MARSDEN DIY INV58929,,2678.47,-0.0,2678.47,283981.75,Marsden Diy,MARSDEN DIY,,,False,Lloyds_41283719_Oct24-Mar26.csv,415
LLOYDS-Lloyds_41283719_Oct24-Mar26-416,2025-01-30,Lloyds,41283719,,Northbridge Trading Ltd Current,BGC,BGC MARSDEN DIY INV71621,,1039.57,-0.0,1039.57,285021.32,Marsden Diy,MARSDEN DIY,,,False,Lloyds_41283719_Oct24-Mar26.csv,416
LLOYDS-Lloyds_41283719_Oct24-Mar26-417,2025-01-30,Lloyds,41283719,,Northbridge Trading Ltd Current,BGC,BGC QUAYSIDE RETAIL INV76535,,5022.39,-0.0,5022.39,290043.71,Quayside Retail,QUAYSIDE RETAIL,,,False,Lloyds_41283719_Oct24-Mar26.csv,417
LLOYDS-Lloyds_41283719_Oct24-Mar26-418,2025-01-30,Lloyds,41283719,,Northbridge Trading Ltd Current,FPO,FPO LUMEN ENERGY LTD REF 2106,2106,0.0,2167.09,-2167.09,287876.62,Lumen Energy Ltd,LUMEN ENERGY LTD,,,False,Lloyds_41283719_Oct24-Mar26.csv,418
BARCLAYS-Barclays_90311276_export-32,2025-01-31,Barclays,90311276,20-45-18,Northbridge Trading Ltd,,CARD PAYMENT TRAVIS PERKINS,,0.0,427.46,-427.46,19871.6,Travis Perkins,TRAVIS PERKINS,,,False,Barclays_90311276_export.csv,32
LLOYDS-Lloyds_41283719_Oct24-Mar26-419,2025-01-31,Lloyds,41283719,,Northbridge Trading Ltd Current,BGC,BGC FAIRBANK WHOLESALE INV99742,,4324.06,-0.0,4324.06,292200.68,Fairbank Wholesale,FAIRBANK WHOLESALE,,,False,Lloyds_41283719_Oct24-Mar26.csv,419
LLOYDS-Lloyds_41283719_Oct24-Mar26-420,2025-01-31,Lloyds,41283719,,Northbridge Trading Ltd Current,BGC,BGC KINGSMEAD DISTRIBUTION INV27486,,1045.82,-0.0,1045.82,293246.5,Kingsmead Distribution,KINGSMEAD DISTRIBUTION,,,False,Lloyds_41283719_Oct24-Mar26.csv,420
LLOYDS-Lloyds_41283719_Oct24-Mar26-421,2025-01-31,Lloyds,41283719,,Northbridge Trading Ltd Current,BGC,BGC RAVENSCOURT LTD INV54374,,7045.37,-0.0,7045.37,300291.87,Ravenscourt Ltd,RAVENSCOURT LTD,,,False,Lloyds_41283719_Oct24-Mar26.csv,421
LLOYDS-Lloyds_41283719_Oct24-Mar26-422,2025-01-31,Lloyds,41283719,,Northbridge Trading Ltd Current,FPO,FPO ASHFORD STEEL SUPPLIES REF 8498,8498,0.0,366.36,-366.36,299925.51,Ashford Steel Supplies,ASHFORD STEEL SUPPLIES,,,False,Lloyds_41283719_Oct24-Mar26.csv,422
LLOYDS-Lloyds_41283719_Oct24-Mar26-423,2025-01-31,Lloyds,41283719,,Northbridge Trading Ltd Current,FPO,FPO ELLERY LEGAL LLP REF 3986,3986,0.0,4897.26,-4897.26,295028.25,Ellery Legal Llp,ELLERY LEGAL LLP,,,False,Lloyds_41283719_Oct24-Mar26.csv,423
LLOYDS-Lloyds_41283719_Oct24-Mar26-424,2025-02-03,Lloyds,41283719,,Northbridge Trading Ltd Current,BGC,BGC BEXLEY HOMEWARE PLC INV95948,,3289.01,-0.0,3289.01,298317.26,Bexley Homeware Plc,BEXLEY HOMEWARE PLC,,,False,Lloyds_41283719_Oct24-Mar26.csv,424
LLOYDS-Lloyds_41283719_Oct24-Mar26-425,2025-02-03,Lloyds,41283719,,Northbridge Trading Ltd Current,BGC,BGC GLENMORE TRADING INV47501,,3484.4,-0.0,3484.4,301801.66,Glenmore Trading,GLENMORE TRADING,,,False,Lloyds_41283719_Oct24-Mar26.csv,425
LLOYDS-Lloyds_41283719_Oct24-Mar26-426,2025-02-03,Lloyds,41283719,,Northbridge Trading Ltd Current,BGC,BGC PEMBROKE LIVING INV43202,,985.64,-0.0,985.64,302787.3,Pembroke Living,PEMBROKE LIVING,,,False,Lloyds_41283719_Oct24-Mar26.csv,426
LLOYDS-Lloyds_41283719_Oct24-Mar26-427,2025-02-03,Lloyds,41283719,,Northbridge Trading Ltd Current,DD,DD HARTWELL FINANCE PLC,,0.0,3180.4,-3180.4,299606.9,Hartwell Finance plc,HARTWELL FINANCE PLC,,,False,Lloyds_41283719_Oct24-Mar26.csv,427
LLOYDS-Lloyds_41283719_Oct24-Mar26-428,2025-02-03,Lloyds,41283719,,Northbridge Trading Ltd Current,FPO,FPO LUMEN ENERGY LTD REF 8159,8159,0.0,5353.5,-5353.5,294253.4,Lumen Energy Ltd,LUMEN ENERGY LTD,,,False,Lloyds_41283719_Oct24-Mar26.csv,428
LLOYDS-Lloyds_41283719_Oct24-Mar26-429,2025-02-03,Lloyds,41283719,,Northbridge Trading Ltd Current,SO,SO ASHCOMBE ESTATES RENT,,0.0,6250.0,-6250.0,288003.4,Ashcombe Estates,ASHCOMBE ESTATES,,,False,Lloyds_41283719_Oct24-Mar26.csv,429
BARCLAYS-Barclays_90311276_export-33,2025-02-04,Barclays,90311276,20-45-18,Northbridge Trading Ltd,,CARD PAYMENT DHL EXPRESS,,0.0,324.02,-324.02,19547.58,Dhl Express,DHL EXPRESS,,,False,Barclays_90311276_export.csv,33
LLOYDS-Lloyds_41283719_Oct24-Mar26-430,2025-02-04,Lloyds,41283719,,Northbridge Trading Ltd Current,BGC,BGC KINGSMEAD DISTRIBUTION INV34486,,4570.39,-0.0,4570.39,292573.79,Kingsmead Distribution,KINGSMEAD DISTRIBUTION,,,False,Lloyds_41283719_Oct24-Mar26.csv,430
LLOYDS-Lloyds_41283719_Oct24-Mar26-431,2025-02-04,Lloyds,41283719,,Northbridge Trading Ltd Current,BGC,BGC PEMBROKE LIVING INV58148,,7909.62,-0.0,7909.62,300483.41,Pembroke Living,PEMBROKE LIVING,,,False,Lloyds_41283719_Oct24-Mar26.csv,431
LLOYDS-Lloyds_41283719_Oct24-Mar26-432,2025-02-04,Lloyds,41283719,,Northbridge Trading Ltd Current,BGC,BGC QUAYSIDE RETAIL INV44959,,6948.96,-0.0,6948.96,307432.37,Quayside Retail,QUAYSIDE RETAIL,,,False,Lloyds_41283719_Oct24-Mar26.csv,432
LLOYDS-Lloyds_41283719_Oct24-Mar26-433,2025-02-04,Lloyds,41283719,,Northbridge Trading Ltd Current,FPO,FPO ASHFORD STEEL SUPPLIES REF 8055,8055,0.0,3674.35,-3674.35,303758.02,Ashford Steel Supplies,ASHFORD STEEL SUPPLIES,,,False,Lloyds_41283719_Oct24-Mar26.csv,433
LLOYDS-Lloyds_41283719_Oct24-Mar26-434,2025-02-04,Lloyds,41283719,,Northbridge Trading Ltd Current,FPO,FPO PENNANT FREIGHT LTD REF 9937,9937,0.0,1868.53,-1868.53,301889.49,Pennant Freight Ltd,PENNANT FREIGHT LTD,,,False,Lloyds_41283719_Oct24-Mar26.csv,434
LLOYDS-Lloyds_41283719_Oct24-Mar26-435,2025-02-05,Lloyds,41283719,,Northbridge Trading Ltd Current,BGC,BGC LARKHILL LTD INV68606,,1030.37,-0.0,1030.37,302919.86,Larkhill Ltd,LARKHILL LTD,,,False,Lloyds_41283719_Oct24-Mar26.csv,435
LLOYDS-Lloyds_41283719_Oct24-Mar26-436,2025-02-05,Lloyds,41283719,,Northbridge Trading Ltd Current,BGC,BGC LARKHILL LTD INV90589,,8485.57,-0.0,8485.57,311405.43,Larkhill Ltd,LARKHILL LTD,,,False,Lloyds_41283719_Oct24-Mar26.csv,436
LLOYDS-Lloyds_41283719_Oct24-Mar26-437,2025-02-05,Lloyds,41283719,,Northbridge Trading Ltd Current,BGC,BGC NEWHAM HARDWARE INV31842,,6080.17,-0.0,6080.17,317485.6,Newham Hardware,NEWHAM HARDWARE,,,False,Lloyds_41283719_Oct24-Mar26.csv,437
LLOYDS-Lloyds_41283719_Oct24-Mar26-438,2025-02-05,Lloyds,41283719,,Northbridge Trading Ltd Current,FPO,FPO ELLERY LEGAL LLP REF 1939,1939,0.0,588.99,-588.99,316896.61,Ellery Legal Llp,ELLERY LEGAL LLP,,,False,Lloyds_41283719_Oct24-Mar26.csv,438
LLOYDS-Lloyds_41283719_Oct24-Mar26-439,2025-02-05,Lloyds,41283719,,Northbridge Trading Ltd Current,FPO,FPO ELLERY LEGAL LLP REF 7655,7655,0.0,2275.37,-2275.37,314621.24,Ellery Legal Llp,ELLERY LEGAL LLP,,,False,Lloyds_41283719_Oct24-Mar26.csv,439
LLOYDS-Lloyds_41283719_Oct24-Mar26-440,2025-02-06,Lloyds,41283719,,Northbridge Trading Ltd Current,BGC,BGC EVERLY INTERIORS LTD INV89635,,5989.09,-0.0,5989.09,320610.33,Everly Interiors Ltd,EVERLY INTERIORS LTD,,,False,Lloyds_41283719_Oct24-Mar26.csv,440
LLOYDS-Lloyds_41283719_Oct24-Mar26-441,2025-02-06,Lloyds,41283719,,Northbridge Trading Ltd Current,FPO,FPO COASTLINE LOGISTICS LTD REF 3068,3068,0.0,543.32,-543.32,320067.01,Coastline Logistics Ltd,COASTLINE LOGISTICS LTD,,,False,Lloyds_41283719_Oct24-Mar26.csv,441
LLOYDS-Lloyds_41283719_Oct24-Mar26-442,2025-02-06,Lloyds,41283719,,Northbridge Trading Ltd Current,FPO,FPO ELLERY LEGAL LLP REF 7001,7001,0.0,2268.58,-2268.58,317798.43,Ellery Legal Llp,ELLERY LEGAL LLP,,,False,Lloyds_41283719_Oct24-Mar26.csv,442
BARCLAYS-Barclays_90311276_export-34,2025-02-07,Barclays,90311276,20-45-18,Northbridge Trading Ltd,,CARD PAYMENT SAGE SOFTWARE,,0.0,440.23,-440.23,19107.35,Sage Software,SAGE SOFTWARE,,,False,Barclays_90311276_export.csv,34
LLOYDS-Lloyds_41283719_Oct24-Mar26-443,2025-02-07,Lloyds,41283719,,Northbridge Trading Ltd Current,BGC,BGC CASTLEFORD STORES INV85225,,1774.02,-0.0,1774.02,319572.45,Castleford Stores,CASTLEFORD STORES,,,False,Lloyds_41283719_Oct24-Mar26.csv,443
LLOYDS-Lloyds_41283719_Oct24-Mar26-444,2025-02-07,Lloyds,41283719,,Northbridge Trading Ltd Current,BGC,BGC ORWELL FURNISHINGS LTD INV58623,,3601.7,-0.0,3601.7,323174.15,Orwell Furnishings Ltd,ORWELL FURNISHINGS LTD,,,False,Lloyds_41283719_Oct24-Mar26.csv,444
LLOYDS-Lloyds_41283719_Oct24-Mar26-445,2025-02-07,Lloyds,41283719,,Northbridge Trading Ltd Current,FPO,FPO HALCYON IT SERVICES REF 2858,2858,0.0,301.59,-301.59,322872.56,Halcyon It Services,HALCYON IT SERVICES,,,False,Lloyds_41283719_Oct24-Mar26.csv,445
LLOYDS-Lloyds_41283719_Oct24-Mar26-446,2025-02-07,Lloyds,41283719,,Northbridge Trading Ltd Current,FPO,FPO THAMES WATER REF 6150,6150,0.0,3949.93,-3949.93,318922.63,Thames Water,THAMES WATER,,,False,Lloyds_41283719_Oct24-Mar26.csv,446
LLOYDS-Lloyds_41283719_Oct24-Mar26-447,2025-02-10,Lloyds,41283719,,Northbridge Trading Ltd Current,BGC,BGC PEMBROKE LIVING INV36237,,1656.57,-0.0,1656.57,320579.2,Pembroke Living,PEMBROKE LIVING,,,False,Lloyds_41283719_Oct24-Mar26.csv,447
LLOYDS-Lloyds_41283719_Oct24-Mar26-448,2025-02-10,Lloyds,41283719,,Northbridge Trading Ltd Current,BGC,BGC TAMAR TRADERS INV47431,,6113.05,-0.0,6113.05,326692.25,Tamar Traders,TAMAR TRADERS,,,False,Lloyds_41283719_Oct24-Mar26.csv,448
LLOYDS-Lloyds_41283719_Oct24-Mar26-449,2025-02-10,Lloyds,41283719,,Northbridge Trading Ltd Current,FPO,FPO BT BUSINESS REF 3828,3828,0.0,5407.27,-5407.27,321284.98,Bt Business,BT BUSINESS,,,False,Lloyds_41283719_Oct24-Mar26.csv,449
LLOYDS-Lloyds_41283719_Oct24-Mar26-450,2025-02-11,Lloyds,41283719,,Northbridge Trading Ltd Current,BGC,BGC CASTLEFORD STORES INV82089,,4928.94,-0.0,4928.94,326213.92,Castleford Stores,CASTLEFORD STORES,,,False,Lloyds_41283719_Oct24-Mar26.csv,450
LLOYDS-Lloyds_41283719_Oct24-Mar26-451,2025-02-11,Lloyds,41283719,,Northbridge Trading Ltd Current,BGC,BGC FAIRBANK WHOLESALE INV57381,,4668.29,-0.0,4668.29,330882.21,Fairbank Wholesale,FAIRBANK WHOLESALE,,,False,Lloyds_41283719_Oct24-Mar26.csv,451
LLOYDS-Lloyds_41283719_Oct24-Mar26-452,2025-02-11,Lloyds,41283719,,Northbridge Trading Ltd Current,BGC,BGC JARROW BUILDERS MERCHANTS INV30644,,6252.11,-0.0,6252.11,337134.32,Jarrow Builders Merchants,JARROW BUILDERS MERCHANTS,,,False,Lloyds_41283719_Oct24-Mar26.csv,452
LLOYDS-Lloyds_41283719_Oct24-Mar26-453,2025-02-11,Lloyds,41283719,,Northbridge Trading Ltd Current,BGC,BGC KINGSMEAD DISTRIBUTION INV97535,,3409.92,-0.0,3409.92,340544.24,Kingsmead Distribution,KINGSMEAD DISTRIBUTION,,,False,Lloyds_41283719_Oct24-Mar26.csv,453
LLOYDS-Lloyds_41283719_Oct24-Mar26-454,2025-02-11,Lloyds,41283719,,Northbridge Trading Ltd Current,FPO,FPO FENWICK COMPONENTS LTD REF 3275,3275,0.0,1534.91,-1534.91,339009.33,Fenwick Components Ltd,FENWICK COMPONENTS LTD,,,False,Lloyds_41283719_Oct24-Mar26.csv,454
LLOYDS-Lloyds_41283719_Oct24-Mar26-455,2025-02-12,Lloyds,41283719,,Northbridge Trading Ltd Current,BGC,BGC CASTLEFORD STORES INV18617,,3112.47,-0.0,3112.47,342121.8,Castleford Stores,CASTLEFORD STORES,,,False,Lloyds_41283719_Oct24-Mar26.csv,455
LLOYDS-Lloyds_41283719_Oct24-Mar26-456,2025-02-12,Lloyds,41283719,,Northbridge Trading Ltd Current,BGC,BGC LARKHILL LTD INV71263,,6968.56,-0.0,6968.56,349090.36,Larkhill Ltd,LARKHILL LTD,,,False,Lloyds_41283719_Oct24-Mar26.csv,456
LLOYDS-Lloyds_41283719_Oct24-Mar26-457,2025-02-12,Lloyds,41283719,,Northbridge Trading Ltd Current,BGC,BGC RAVENSCOURT LTD INV27009,,5473.2,-0.0,5473.2,354563.56,Ravenscourt Ltd,RAVENSCOURT LTD,,,False,Lloyds_41283719_Oct24-Mar26.csv,457
LLOYDS-Lloyds_41283719_Oct24-Mar26-458,2025-02-12,Lloyds,41283719,,Northbridge Trading Ltd Current,DD,DD BRITISH GAS BUSINESS,,0.0,558.24,-558.24,354005.32,British Gas Business,BRITISH GAS BUSINESS,,,False,Lloyds_41283719_Oct24-Mar26.csv,458
LLOYDS-Lloyds_41283719_Oct24-Mar26-459,2025-02-12,Lloyds,41283719,,Northbridge Trading Ltd Current,DD,DD BT BUSINESS,,0.0,391.03,-391.03,353614.29,Bt Business,BT BUSINESS,,,False,Lloyds_41283719_Oct24-Mar26.csv,459
LLOYDS-Lloyds_41283719_Oct24-Mar26-460,2025-02-12,Lloyds,41283719,,Northbridge Trading Ltd Current,DD,DD LUMEN ENERGY LTD,,0.0,995.12,-995.12,352619.17,Lumen Energy Ltd,LUMEN ENERGY LTD,,,False,Lloyds_41283719_Oct24-Mar26.csv,460
LLOYDS-Lloyds_41283719_Oct24-Mar26-461,2025-02-12,Lloyds,41283719,,Northbridge Trading Ltd Current,DD,DD THAMES WATER,,0.0,212.8,-212.8,352406.37,Thames Water,THAMES WATER,,,False,Lloyds_41283719_Oct24-Mar26.csv,461
LLOYDS-Lloyds_41283719_Oct24-Mar26-462,2025-02-12,Lloyds,41283719,,Northbridge Trading Ltd Current,FPO,FPO CARROW SECURITY LTD REF 2208,2208,0.0,883.16,-883.16,351523.21,Carrow Security Ltd,CARROW SECURITY LTD,,,False,Lloyds_41283719_Oct24-Mar26.csv,462
LLOYDS-Lloyds_41283719_Oct24-Mar26-463,2025-02-12,Lloyds,41283719,,Northbridge Trading Ltd Current,FPO,FPO RIDLEY TOOLS LTD REF 7730,7730,0.0,4649.61,-4649.61,346873.6,Ridley Tools Ltd,RIDLEY TOOLS LTD,,,False,Lloyds_41283719_Oct24-Mar26.csv,463
LLOYDS-Lloyds_41283719_Oct24-Mar26-464,2025-02-13,Lloyds,41283719,,Northbridge Trading Ltd Current,BGC,BGC BEXLEY HOMEWARE PLC INV26274,,4741.2,-0.0,4741.2,351614.8,Bexley Homeware Plc,BEXLEY HOMEWARE PLC,,,False,Lloyds_41283719_Oct24-Mar26.csv,464
LLOYDS-Lloyds_41283719_Oct24-Mar26-465,2025-02-13,Lloyds,41283719,,Northbridge Trading Ltd Current,BGC,BGC EVERLY INTERIORS LTD INV66704,,4622.34,-0.0,4622.34,356237.14,Everly Interiors Ltd,EVERLY INTERIORS LTD,,,False,Lloyds_41283719_Oct24-Mar26.csv,465
LLOYDS-Lloyds_41283719_Oct24-Mar26-466,2025-02-13,Lloyds,41283719,,Northbridge Trading Ltd Current,BGC,BGC SELBY HOME STORES INV33850,,6688.7,-0.0,6688.7,362925.84,Selby Home Stores,SELBY HOME STORES,,,False,Lloyds_41283719_Oct24-Mar26.csv,466
LLOYDS-Lloyds_41283719_Oct24-Mar26-467,2025-02-13,Lloyds,41283719,,Northbridge Trading Ltd Current,FPO,FPO HALCYON IT SERVICES REF 6669,6669,0.0,5692.78,-5692.78,357233.06,Halcyon It Services,HALCYON IT SERVICES,,,False,Lloyds_41283719_Oct24-Mar26.csv,467
LLOYDS-Lloyds_41283719_Oct24-Mar26-468,2025-02-13,Lloyds,41283719,,Northbridge Trading Ltd Current,FPO,FPO PENNANT FREIGHT LTD REF 3653,3653,0.0,2037.57,-2037.57,355195.49,Pennant Freight Ltd,PENNANT FREIGHT LTD,,,False,Lloyds_41283719_Oct24-Mar26.csv,468
LLOYDS-Lloyds_41283719_Oct24-Mar26-469,2025-02-14,Lloyds,41283719,,Northbridge Trading Ltd Current,BGC,BGC ISLEY & CO INV35729,,5653.45,-0.0,5653.45,360848.94,Isley & Co,ISLEY AND CO,,,False,Lloyds_41283719_Oct24-Mar26.csv,469
LLOYDS-Lloyds_41283719_Oct24-Mar26-470,2025-02-14,Lloyds,41283719,,Northbridge Trading Ltd Current,FPO,FPO ELLERY LEGAL LLP REF 3762,3762,0.0,3612.08,-3612.08,357236.86,Ellery Legal Llp,ELLERY LEGAL LLP,,,False,Lloyds_41283719_Oct24-Mar26.csv,470
LLOYDS-Lloyds_41283719_Oct24-Mar26-471,2025-02-14,Lloyds,41283719,,Northbridge Trading Ltd Current,FPO,FPO REDGATE CLEANING LTD REF 3050,3050,0.0,3806.38,-3806.38,353430.48,Redgate Cleaning Ltd,REDGATE CLEANING LTD,,,False,Lloyds_41283719_Oct24-Mar26.csv,471
LLOYDS-Lloyds_41283719_Oct24-Mar26-472,2025-02-14,Lloyds,41283719,,Northbridge Trading Ltd Current,FPO,FPO WEXFORD CATERING LTD REF 9740,9740,0.0,696.56,-696.56,352733.92,Wexford Catering Ltd,WEXFORD CATERING LTD,,,False,Lloyds_41283719_Oct24-Mar26.csv,472
BARCLAYS-Barclays_90311276_export-35,2025-02-17,Barclays,90311276,20-45-18,Northbridge Trading Ltd,,TFR FROM 30-96-26 41283719,,4000.0,0.0,4000.0,23107.35,Northbridge Trading Ltd,NORTHBRIDGE TRADING LTD,30-96-26,41283719,True,Barclays_90311276_export.csv,35
LLOYDS-Lloyds_41283719_Oct24-Mar26-473,2025-02-17,Lloyds,41283719,,Northbridge Trading Ltd Current,BGC,BGC ALDERTON RETAIL LTD INV20646,,1054.6,-0.0,1054.6,353788.52,Alderton Retail Ltd,ALDERTON RETAIL LTD,,,False,Lloyds_41283719_Oct24-Mar26.csv,473
LLOYDS-Lloyds_41283719_Oct24-Mar26-474,2025-02-17,Lloyds,41283719,,Northbridge Trading Ltd Current,BGC,BGC SELBY HOME STORES INV15399,,7136.84,-0.0,7136.84,360925.36,Selby Home Stores,SELBY HOME STORES,,,False,Lloyds_41283719_Oct24-Mar26.csv,474
LLOYDS-Lloyds_41283719_Oct24-Mar26-475,2025-02-17,Lloyds,41283719,,Northbridge Trading Ltd Current,FPO,FPO BRITISH GAS BUSINESS REF 1496,1496,0.0,3063.52,-3063.52,357861.84,British Gas Business,BRITISH GAS BUSINESS,,,False,Lloyds_41283719_Oct24-Mar26.csv,475
LLOYDS-Lloyds_41283719_Oct24-Mar26-476,2025-02-17,Lloyds,41283719,,Northbridge Trading Ltd Current,FPO,FPO ELLERY LEGAL LLP REF 9938,9938,0.0,1844.58,-1844.58,356017.26,Ellery Legal Llp,ELLERY LEGAL LLP,,,False,Lloyds_41283719_Oct24-Mar26.csv,476
LLOYDS-Lloyds_41283719_Oct24-Mar26-477,2025-02-17,Lloyds,41283719,,Northbridge Trading Ltd Current,FPO,FPO REDGATE CLEANING LTD REF 4453,4453,0.0,4636.71,-4636.71,351380.55,Redgate Cleaning Ltd,REDGATE CLEANING LTD,,,False,Lloyds_41283719_Oct24-Mar26.csv,477
LLOYDS-Lloyds_41283719_Oct24-Mar26-478,2025-02-17,Lloyds,41283719,,Northbridge Trading Ltd Current,TFR,TFR TO 20-45-18 90311276,,0.0,4000.0,-4000.0,347380.55,Northbridge Trading Ltd,NORTHBRIDGE TRADING LTD,20-45-18,90311276,True,Lloyds_41283719_Oct24-Mar26.csv,478
LLOYDS-Lloyds_41283719_Oct24-Mar26-479,2025-02-18,Lloyds,41283719,,Northbridge Trading Ltd Current,BGC,BGC BEXLEY HOMEWARE PLC INV30719,,4128.92,-0.0,4128.92,351509.47,Bexley Homeware Plc,BEXLEY HOMEWARE PLC,,,False,Lloyds_41283719_Oct24-Mar26.csv,479
LLOYDS-Lloyds_41283719_Oct24-Mar26-480,2025-02-18,Lloyds,41283719,,Northbridge Trading Ltd Current,BGC,BGC MARSDEN DIY INV48985,,4237.64,-0.0,4237.64,355747.11,Marsden Diy,MARSDEN DIY,,,False,Lloyds_41283719_Oct24-Mar26.csv,480
LLOYDS-Lloyds_41283719_Oct24-Mar26-481,2025-02-18,Lloyds,41283719,,Northbridge Trading Ltd Current,BGC,BGC PEMBROKE LIVING INV70875,,2291.38,-0.0,2291.38,358038.49,Pembroke Living,PEMBROKE LIVING,,,False,Lloyds_41283719_Oct24-Mar26.csv,481
LLOYDS-Lloyds_41283719_Oct24-Mar26-482,2025-02-18,Lloyds,41283719,,Northbridge Trading Ltd Current,BGC,BGC TAMAR TRADERS INV28830,,3138.14,-0.0,3138.14,361176.63,Tamar Traders,TAMAR TRADERS,,,False,Lloyds_41283719_Oct24-Mar26.csv,482
LLOYDS-Lloyds_41283719_Oct24-Mar26-483,2025-02-18,Lloyds,41283719,,Northbridge Trading Ltd Current,FPO,FPO LUMEN ENERGY LTD REF 7532,7532,0.0,914.98,-914.98,360261.65,Lumen Energy Ltd,LUMEN ENERGY LTD,,,False,Lloyds_41283719_Oct24-Mar26.csv,483
LLOYDS-Lloyds_41283719_Oct24-Mar26-484,2025-02-18,Lloyds,41283719,,Northbridge Trading Ltd Current,FPO,FPO LUMEN ENERGY LTD REF 9437,9437,0.0,3435.66,-3435.66,356825.99,Lumen Energy Ltd,LUMEN ENERGY LTD,,,False,Lloyds_41283719_Oct24-Mar26.csv,484
LLOYDS-Lloyds_41283719_Oct24-Mar26-485,2025-02-19,Lloyds,41283719,,Northbridge Trading Ltd Current,BGC,BGC BEXLEY HOMEWARE PLC INV48038,,8074.0,-0.0,8074.0,364899.99,Bexley Homeware Plc,BEXLEY HOMEWARE PLC,,,False,Lloyds_41283719_Oct24-Mar26.csv,485
LLOYDS-Lloyds_41283719_Oct24-Mar26-486,2025-02-19,Lloyds,41283719,,Northbridge Trading Ltd Current,BGC,BGC ORWELL FURNISHINGS LTD INV42495,,1798.85,-0.0,1798.85,366698.84,Orwell Furnishings Ltd,ORWELL FURNISHINGS LTD,,,False,Lloyds_41283719_Oct24-Mar26.csv,486
LLOYDS-Lloyds_41283719_Oct24-Mar26-487,2025-02-19,Lloyds,41283719,,Northbridge Trading Ltd Current,FPO,FPO BRITISH GAS BUSINESS REF 5067,5067,0.0,5781.71,-5781.71,360917.13,British Gas Business,BRITISH GAS BUSINESS,,,False,Lloyds_41283719_Oct24-Mar26.csv,487
LLOYDS-Lloyds_41283719_Oct24-Mar26-488,2025-02-19,Lloyds,41283719,,Northbridge Trading Ltd Current,FPO,FPO KESTREL FUEL CARDS REF 4110,4110,0.0,4614.26,-4614.26,356302.87,Kestrel Fuel Cards,KESTREL FUEL CARDS,,,False,Lloyds_41283719_Oct24-Mar26.csv,488
LLOYDS-Lloyds_41283719_Oct24-Mar26-489,2025-02-19,Lloyds,41283719,,Northbridge Trading Ltd Current,FPO,FPO PENNANT FREIGHT LTD REF 6364,6364,0.0,5612.45,-5612.45,350690.42,Pennant Freight Ltd,PENNANT FREIGHT LTD,,,False,Lloyds_41283719_Oct24-Mar26.csv,489
LLOYDS-Lloyds_41283719_Oct24-Mar26-490,2025-02-20,Lloyds,41283719,,Northbridge Trading Ltd Current,BGC,BGC HEXHAM SUPPLIES LTD INV38199,,5250.08,-0.0,5250.08,355940.5,Hexham Supplies Ltd,HEXHAM SUPPLIES LTD,,,False,Lloyds_41283719_Oct24-Mar26.csv,490
LLOYDS-Lloyds_41283719_Oct24-Mar26-491,2025-02-20,Lloyds,41283719,,Northbridge Trading Ltd Current,BGC,BGC JARROW BUILDERS MERCHANTS INV75191,,880.78,-0.0,880.78,356821.28,Jarrow Builders Merchants,JARROW BUILDERS MERCHANTS,,,False,Lloyds_41283719_Oct24-Mar26.csv,491
LLOYDS-Lloyds_41283719_Oct24-Mar26-492,2025-02-20,Lloyds,41283719,,Northbridge Trading Ltd Current,BGC,BGC MARSDEN DIY INV76249,,4266.4,-0.0,4266.4,361087.68,Marsden Diy,MARSDEN DIY,,,False,Lloyds_41283719_Oct24-Mar26.csv,492
LLOYDS-Lloyds_41283719_Oct24-Mar26-493,2025-02-20,Lloyds,41283719,,Northbridge Trading Ltd Current,FPO,FPO COASTLINE LOGISTICS LTD REF 5609,5609,0.0,3045.13,-3045.13,358042.55,Coastline Logistics Ltd,COASTLINE LOGISTICS LTD,,,False,Lloyds_41283719_Oct24-Mar26.csv,493
LLOYDS-Lloyds_41283719_Oct24-Mar26-494,2025-02-20,Lloyds,41283719,,Northbridge Trading Ltd Current,TFR,TFR TO 60-12-44 77120931,,0.0,56000.0,-56000.0,302042.55,Northbridge Trading Ltd,NORTHBRIDGE TRADING LTD,60-12-44,77120931,True,Lloyds_41283719_Oct24-Mar26.csv,494
NATWEST-NatWest_77120931_statement-70,2025-02-20,NatWest,77120931,,Northbridge Trading Ltd,TFR,TFR FROM 30-96-26 41283719,,56000.0,0.0,56000.0,128313.89,Northbridge Trading Ltd,NORTHBRIDGE TRADING LTD,30-96-26,41283719,True,NatWest_77120931_statement.xlsx,70
LLOYDS-Lloyds_41283719_Oct24-Mar26-495,2025-02-21,Lloyds,41283719,,Northbridge Trading Ltd Current,BGC,BGC DENBY GARDEN CENTRES INV66482,,1744.69,-0.0,1744.69,303787.24,Denby Garden Centres,DENBY GARDEN CENTRES,,,False,Lloyds_41283719_Oct24-Mar26.csv,495
LLOYDS-Lloyds_41283719_Oct24-Mar26-496,2025-02-21,Lloyds,41283719,,Northbridge Trading Ltd Current,BGC,BGC ISLEY & CO INV57943,,6658.08,-0.0,6658.08,310445.32,Isley & Co,ISLEY AND CO,,,False,Lloyds_41283719_Oct24-Mar26.csv,496
LLOYDS-Lloyds_41283719_Oct24-Mar26-497,2025-02-21,Lloyds,41283719,,Northbridge Trading Ltd Current,BGC,BGC JARROW BUILDERS MERCHANTS INV80345,,763.78,-0.0,763.78,311209.1,Jarrow Builders Merchants,JARROW BUILDERS MERCHANTS,,,False,Lloyds_41283719_Oct24-Mar26.csv,497
LLOYDS-Lloyds_41283719_Oct24-Mar26-498,2025-02-21,Lloyds,41283719,,Northbridge Trading Ltd Current,FPO,FPO COASTLINE LOGISTICS LTD REF 7563,7563,0.0,449.27,-449.27,310759.83,Coastline Logistics Ltd,COASTLINE LOGISTICS LTD,,,False,Lloyds_41283719_Oct24-Mar26.csv,498
LLOYDS-Lloyds_41283719_Oct24-Mar26-499,2025-02-21,Lloyds,41283719,,Northbridge Trading Ltd Current,FPO,FPO SABLE MARKETING LTD REF 4189,4189,0.0,2270.76,-2270.76,308489.07,Sable Marketing Ltd,SABLE MARKETING LTD,,,False,Lloyds_41283719_Oct24-Mar26.csv,499
BARCLAYS-Barclays_90311276_export-36,2025-02-24,Barclays,90311276,20-45-18,Northbridge Trading Ltd,,CARD PAYMENT NORTHGATE VEHICLE HIRE,,0.0,83.04,-83.04,23024.31,Northgate Vehicle Hire,NORTHGATE VEHICLE HIRE,,,False,Barclays_90311276_export.csv,36
LLOYDS-Lloyds_41283719_Oct24-Mar26-500,2025-02-24,Lloyds,41283719,,Northbridge Trading Ltd Current,BGC,BGC DENBY GARDEN CENTRES INV61629,,3610.95,-0.0,3610.95,312100.02,Denby Garden Centres,DENBY GARDEN CENTRES,,,False,Lloyds_41283719_Oct24-Mar26.csv,500
LLOYDS-Lloyds_41283719_Oct24-Mar26-501,2025-02-24,Lloyds,41283719,,Northbridge Trading Ltd Current,BGC,BGC KINGSMEAD DISTRIBUTION INV83116,,8023.8,-0.0,8023.8,320123.82,Kingsmead Distribution,KINGSMEAD DISTRIBUTION,,,False,Lloyds_41283719_Oct24-Mar26.csv,501
LLOYDS-Lloyds_41283719_Oct24-Mar26-502,2025-02-24,Lloyds,41283719,,Northbridge Trading Ltd Current,BGC,BGC TAMAR TRADERS INV25572,,1703.57,-0.0,1703.57,321827.39,Tamar Traders,TAMAR TRADERS,,,False,Lloyds_41283719_Oct24-Mar26.csv,502
LLOYDS-Lloyds_41283719_Oct24-Mar26-503,2025-02-24,Lloyds,41283719,,Northbridge Trading Ltd Current,FPO,FPO FENWICK COMPONENTS LTD REF 9341,9341,0.0,2498.11,-2498.11,319329.28,Fenwick Components Ltd,FENWICK COMPONENTS LTD,,,False,Lloyds_41283719_Oct24-Mar26.csv,503
NATWEST-NatWest_77120931_statement-71,2025-02-24,NatWest,77120931,,Northbridge Trading Ltd,FPO,FPO HMRC PAYE 0225,,0.0,11026.59,-11026.59,117287.3,HMRC,HMRC,,,False,NatWest_77120931_statement.xlsx,71
BARCLAYS-Barclays_90311276_export-37,2025-02-25,Barclays,90311276,20-45-18,Northbridge Trading Ltd,,CARD PAYMENT DHL EXPRESS,,0.0,329.95,-329.95,22694.36,Dhl Express,DHL EXPRESS,,,False,Barclays_90311276_export.csv,37
LLOYDS-Lloyds_41283719_Oct24-Mar26-504,2025-02-25,Lloyds,41283719,,Northbridge Trading Ltd Current,BGC,BGC QUAYSIDE RETAIL INV28321,,3258.13,-0.0,3258.13,322587.41,Quayside Retail,QUAYSIDE RETAIL,,,False,Lloyds_41283719_Oct24-Mar26.csv,504
LLOYDS-Lloyds_41283719_Oct24-Mar26-505,2025-02-25,Lloyds,41283719,,Northbridge Trading Ltd Current,BGC,BGC QUAYSIDE RETAIL INV69898,,1861.74,-0.0,1861.74,324449.15,Quayside Retail,QUAYSIDE RETAIL,,,False,Lloyds_41283719_Oct24-Mar26.csv,505
LLOYDS-Lloyds_41283719_Oct24-Mar26-506,2025-02-25,Lloyds,41283719,,Northbridge Trading Ltd Current,BGC,BGC TAMAR TRADERS INV51750,,1967.52,-0.0,1967.52,326416.67,Tamar Traders,TAMAR TRADERS,,,False,Lloyds_41283719_Oct24-Mar26.csv,506
LLOYDS-Lloyds_41283719_Oct24-Mar26-507,2025-02-25,Lloyds,41283719,,Northbridge Trading Ltd Current,FPO,FPO CARROW SECURITY LTD REF 5911,5911,0.0,2928.12,-2928.12,323488.55,Carrow Security Ltd,CARROW SECURITY LTD,,,False,Lloyds_41283719_Oct24-Mar26.csv,507
LLOYDS-Lloyds_41283719_Oct24-Mar26-508,2025-02-25,Lloyds,41283719,,Northbridge Trading Ltd Current,FPO,FPO RIDLEY TOOLS LTD REF 9721,9721,0.0,3015.6,-3015.6,320472.95,Ridley Tools Ltd,RIDLEY TOOLS LTD,,,False,Lloyds_41283719_Oct24-Mar26.csv,508
LLOYDS-Lloyds_41283719_Oct24-Mar26-509,2025-02-25,Lloyds,41283719,,Northbridge Trading Ltd Current,FPO,FPO STONEBRIDGE INSURANCE BROKERS REF 6511,6511,0.0,3117.79,-3117.79,317355.16,Stonebridge Insurance Brokers,STONEBRIDGE INSURANCE BROKERS,,,False,Lloyds_41283719_Oct24-Mar26.csv,509
NATWEST-NatWest_77120931_statement-72,2025-02-25,NatWest,77120931,,Northbridge Trading Ltd,FPO,FPO A PATEL SALARY FEB25,,0.0,3565.83,-3565.83,113721.47,A Patel,A PATEL,,,False,NatWest_77120931_statement.xlsx,72
NATWEST-NatWest_77120931_statement-73,2025-02-25,NatWest,77120931,,Northbridge Trading Ltd,FPO,FPO C WALSH SALARY FEB25,,0.0,3544.02,-3544.02,110177.45,C Walsh,C WALSH,,,False,NatWest_77120931_statement.xlsx,73
NATWEST-NatWest_77120931_statement-74,2025-02-25,NatWest,77120931,,Northbridge Trading Ltd,FPO,FPO D O'BRIEN SALARY FEB25,,0.0,3230.94,-3230.94,106946.51,D O'Brien,D O'BRIEN,,,False,NatWest_77120931_statement.xlsx,74
NATWEST-NatWest_77120931_statement-75,2025-02-25,NatWest,77120931,,Northbridge Trading Ltd,FPO,FPO E MORGAN SALARY FEB25,,0.0,1945.3,-1945.3,105001.21,E Morgan,E MORGAN,,,False,NatWest_77120931_statement.xlsx,75
NATWEST-NatWest_77120931_statement-76,2025-02-25,NatWest,77120931,,Northbridge Trading Ltd,FPO,FPO H SCHMIDT SALARY FEB25,,0.0,3219.48,-3219.48,101781.73,H Schmidt,H SCHMIDT,,,False,NatWest_77120931_statement.xlsx,76
NATWEST-NatWest_77120931_statement-77,2025-02-25,NatWest,77120931,,Northbridge Trading Ltd,FPO,FPO J SMITH SALARY FEB25,,0.0,4200.0,-4200.0,97581.73,J Smith,J SMITH,,,False,NatWest_77120931_statement.xlsx,77
NATWEST-NatWest_77120931_statement-78,2025-02-25,NatWest,77120931,,Northbridge Trading Ltd,FPO,FPO J TAYLOR SALARY FEB25,,0.0,3126.38,-3126.38,94455.35,J Taylor,J TAYLOR,,,False,NatWest_77120931_statement.xlsx,78
NATWEST-NatWest_77120931_statement-79,2025-02-25,NatWest,77120931,,Northbridge Trading Ltd,FPO,FPO L KOWALSKI SALARY FEB25,,0.0,3254.48,-3254.48,91200.87,L Kowalski,L KOWALSKI,,,False,NatWest_77120931_statement.xlsx,79
NATWEST-NatWest_77120931_statement-80,2025-02-25,NatWest,77120931,,Northbridge Trading Ltd,FPO,FPO M HUGHES SALARY FEB25,,0.0,3133.05,-3133.05,88067.82,M Hughes,M HUGHES,,,False,NatWest_77120931_statement.xlsx,80
NATWEST-NatWest_77120931_statement-81,2025-02-25,NatWest,77120931,,Northbridge Trading Ltd,FPO,FPO P SINGH SALARY FEB25,,0.0,2881.98,-2881.98,85185.84,P Singh,P SINGH,,,False,NatWest_77120931_statement.xlsx,81
NATWEST-NatWest_77120931_statement-82,2025-02-25,NatWest,77120931,,Northbridge Trading Ltd,FPO,FPO R DAVIES SALARY FEB25,,0.0,3069.67,-3069.67,82116.17,R Davies,R DAVIES,,,False,NatWest_77120931_statement.xlsx,82
NATWEST-NatWest_77120931_statement-83,2025-02-25,NatWest,77120931,,Northbridge Trading Ltd,FPO,FPO S OKAFOR SALARY FEB25,,0.0,2892.29,-2892.29,79223.88,S Okafor,S OKAFOR,,,False,NatWest_77120931_statement.xlsx,83
NATWEST-NatWest_77120931_statement-84,2025-02-25,NatWest,77120931,,Northbridge Trading Ltd,FPO,FPO T NGUYEN SALARY FEB25,,0.0,2706.8,-2706.8,76517.08,T Nguyen,T NGUYEN,,,False,NatWest_77120931_statement.xlsx,84
LLOYDS-Lloyds_41283719_Oct24-Mar26-510,2025-02-26,Lloyds,41283719,,Northbridge Trading Ltd Current,BGC,BGC MARSDEN DIY INV29369,,7108.96,-0.0,7108.96,324464.12,Marsden Diy,MARSDEN DIY,,,False,Lloyds_41283719_Oct24-Mar26.csv,510
LLOYDS-Lloyds_41283719_Oct24-Mar26-511,2025-02-26,Lloyds,41283719,,Northbridge Trading Ltd Current,BGC,BGC QUAYSIDE RETAIL INV92447,,6325.23,-0.0,6325.23,330789.35,Quayside Retail,QUAYSIDE RETAIL,,,False,Lloyds_41283719_Oct24-Mar26.csv,511
LLOYDS-Lloyds_41283719_Oct24-Mar26-512,2025-02-26,Lloyds,41283719,,Northbridge Trading Ltd Current,FPO,FPO COASTLINE LOGISTICS LTD REF 2800,2800,0.0,1266.09,-1266.09,329523.26,Coastline Logistics Ltd,COASTLINE LOGISTICS LTD,,,False,Lloyds_41283719_Oct24-Mar26.csv,512
LLOYDS-Lloyds_41283719_Oct24-Mar26-513,2025-02-27,Lloyds,41283719,,Northbridge Trading Ltd Current,BGC,BGC BEXLEY HOMEWARE PLC INV28098,,4745.73,-0.0,4745.73,334268.99,Bexley Homeware Plc,BEXLEY HOMEWARE PLC,,,False,Lloyds_41283719_Oct24-Mar26.csv,513
LLOYDS-Lloyds_41283719_Oct24-Mar26-514,2025-02-27,Lloyds,41283719,,Northbridge Trading Ltd Current,BGC,BGC GLENMORE TRADING INV63788,,4614.19,-0.0,4614.19,338883.18,Glenmore Trading,GLENMORE TRADING,,,False,Lloyds_41283719_Oct24-Mar26.csv,514
LLOYDS-Lloyds_41283719_Oct24-Mar26-515,2025-02-27,Lloyds,41283719,,Northbridge Trading Ltd Current,BGC,BGC TAMAR TRADERS INV71814,,7507.98,-0.0,7507.98,346391.16,Tamar Traders,TAMAR TRADERS,,,False,Lloyds_41283719_Oct24-Mar26.csv,515
LLOYDS-Lloyds_41283719_Oct24-Mar26-516,2025-02-27,Lloyds,41283719,,Northbridge Trading Ltd Current,FPO,FPO KESTREL FUEL CARDS REF 3837,3837,0.0,2839.03,-2839.03,343552.13,Kestrel Fuel Cards,KESTREL FUEL CARDS,,,False,Lloyds_41283719_Oct24-Mar26.csv,516
LLOYDS-Lloyds_41283719_Oct24-Mar26-517,2025-02-27,Lloyds,41283719,,Northbridge Trading Ltd Current,FPO,FPO KESTREL FUEL CARDS REF 8837,8837,0.0,3224.04,-3224.04,340328.09,Kestrel Fuel Cards,KESTREL FUEL CARDS,,,False,Lloyds_41283719_Oct24-Mar26.csv,517
LLOYDS-Lloyds_41283719_Oct24-Mar26-518,2025-02-27,Lloyds,41283719,,Northbridge Trading Ltd Current,FPO,FPO SABLE MARKETING LTD REF 6608,6608,0.0,3345.7,-3345.7,336982.39,Sable Marketing Ltd,SABLE MARKETING LTD,,,False,Lloyds_41283719_Oct24-Mar26.csv,518
LLOYDS-Lloyds_41283719_Oct24-Mar26-519,2025-02-28,Lloyds,41283719,,Northbridge Trading Ltd Current,BGC,BGC GLENMORE TRADING INV74094,,3172.92,-0.0,3172.92,340155.31,Glenmore Trading,GLENMORE TRADING,,,False,Lloyds_41283719_Oct24-Mar26.csv,519
LLOYDS-Lloyds_41283719_Oct24-Mar26-520,2025-02-28,Lloyds,41283719,,Northbridge Trading Ltd Current,BGC,BGC HEXHAM SUPPLIES LTD INV46569,,5053.08,-0.0,5053.08,345208.39,Hexham Supplies Ltd,HEXHAM SUPPLIES LTD,,,False,Lloyds_41283719_Oct24-Mar26.csv,520
LLOYDS-Lloyds_41283719_Oct24-Mar26-521,2025-02-28,Lloyds,41283719,,Northbridge Trading Ltd Current,BGC,BGC HEXHAM SUPPLIES LTD INV49008,,6715.16,-0.0,6715.16,351923.55,Hexham Supplies Ltd,HEXHAM SUPPLIES LTD,,,False,Lloyds_41283719_Oct24-Mar26.csv,521
LLOYDS-Lloyds_41283719_Oct24-Mar26-522,2025-02-28,Lloyds,41283719,,Northbridge Trading Ltd Current,BGC,BGC ISLEY & CO INV89963,,4476.6,-0.0,4476.6,356400.15,Isley & Co,ISLEY AND CO,,,False,Lloyds_41283719_Oct24-Mar26.csv,522
LLOYDS-Lloyds_41283719_Oct24-Mar26-523,2025-02-28,Lloyds,41283719,,Northbridge Trading Ltd Current,DEB,ACCOUNT FEE,,0.0,55.46,-55.46,356344.69,Lloyds,LLOYDS,,,False,Lloyds_41283719_Oct24-Mar26.csv,523
LLOYDS-Lloyds_41283719_Oct24-Mar26-524,2025-02-28,Lloyds,41283719,,Northbridge Trading Ltd Current,FPO,FPO CARROW SECURITY LTD REF 9899,9899,0.0,2371.21,-2371.21,353973.48,Carrow Security Ltd,CARROW SECURITY LTD,,,False,Lloyds_41283719_Oct24-Mar26.csv,524
LLOYDS-Lloyds_41283719_Oct24-Mar26-525,2025-02-28,Lloyds,41283719,,Northbridge Trading Ltd Current,FPO,FPO SABLE MARKETING LTD REF 5480,5480,0.0,1833.57,-1833.57,352139.91,Sable Marketing Ltd,SABLE MARKETING LTD,,,False,Lloyds_41283719_Oct24-Mar26.csv,525
NATWEST-NatWest_77120931_statement-85,2025-02-28,NatWest,77120931,,Northbridge Trading Ltd,DEB,ACCOUNT CHARGES,,0.0,39.09,-39.09,76477.99,NatWest,NATWEST,,,False,NatWest_77120931_statement.xlsx,85
LLOYDS-Lloyds_41283719_Oct24-Mar26-526,2025-03-03,Lloyds,41283719,,Northbridge Trading Ltd Current,BGC,BGC CASTLEFORD STORES INV55398,,7907.28,-0.0,7907.28,360047.19,Castleford Stores,CASTLEFORD STORES,,,False,Lloyds_41283719_Oct24-Mar26.csv,526
LLOYDS-Lloyds_41283719_Oct24-Mar26-527,2025-03-03,Lloyds,41283719,,Northbridge Trading Ltd Current,BGC,BGC ISLEY & CO INV27992,,1551.97,-0.0,1551.97,361599.16,Isley & Co,ISLEY AND CO,,,False,Lloyds_41283719_Oct24-Mar26.csv,527
LLOYDS-Lloyds_41283719_Oct24-Mar26-528,2025-03-03,Lloyds,41283719,,Northbridge Trading Ltd Current,BGC,BGC ISLEY & CO INV72793,,2369.1,-0.0,2369.1,363968.26,Isley & Co,ISLEY AND CO,,,False,Lloyds_41283719_Oct24-Mar26.csv,528
LLOYDS-Lloyds_41283719_Oct24-Mar26-529,2025-03-03,Lloyds,41283719,,Northbridge Trading Ltd Current,BGC,BGC RAVENSCOURT LTD INV45537,,7977.59,-0.0,7977.59,371945.85,Ravenscourt Ltd,RAVENSCOURT LTD,,,False,Lloyds_41283719_Oct24-Mar26.csv,529
LLOYDS-Lloyds_41283719_Oct24-Mar26-530,2025-03-03,Lloyds,41283719,,Northbridge Trading Ltd Current,DD,DD HARTWELL FINANCE PLC,,0.0,3180.4,-3180.4,368765.45,Hartwell Finance plc,HARTWELL FINANCE PLC,,,False,Lloyds_41283719_Oct24-Mar26.csv,530
LLOYDS-Lloyds_41283719_Oct24-Mar26-531,2025-03-03,Lloyds,41283719,,Northbridge Trading Ltd Current,FPO,FPO COASTLINE LOGISTICS LTD REF 2641,2641,0.0,2567.81,-2567.81,366197.64,Coastline Logistics Ltd,COASTLINE LOGISTICS LTD,,,False,Lloyds_41283719_Oct24-Mar26.csv,531
LLOYDS-Lloyds_41283719_Oct24-Mar26-532,2025-03-03,Lloyds,41283719,,Northbridge Trading Ltd Current,FPO,FPO HALCYON IT SERVICES REF 4972,4972,0.0,446.98,-446.98,365750.66,Halcyon It Services,HALCYON IT SERVICES,,,False,Lloyds_41283719_Oct24-Mar26.csv,532
LLOYDS-Lloyds_41283719_Oct24-Mar26-533,2025-03-03,Lloyds,41283719,,Northbridge Trading Ltd Current,FPO,FPO RIDLEY TOOLS LTD REF 4697,4697,0.0,3881.98,-3881.98,361868.68,Ridley Tools Ltd,RIDLEY TOOLS LTD,,,False,Lloyds_41283719_Oct24-Mar26.csv,533
LLOYDS-Lloyds_41283719_Oct24-Mar26-534,2025-03-03,Lloyds,41283719,,Northbridge Trading Ltd Current,SO,SO ASHCOMBE ESTATES RENT,,0.0,6250.0,-6250.0,355618.68,Ashcombe Estates,ASHCOMBE ESTATES,,,False,Lloyds_41283719_Oct24-Mar26.csv,534
BARCLAYS-Barclays_90311276_export-38,2025-03-04,Barclays,90311276,20-45-18,Northbridge Trading Ltd,,CARD PAYMENT AMAZON BUSINESS,,0.0,320.06,-320.06,22374.3,Amazon Business,AMAZON BUSINESS,,,False,Barclays_90311276_export.csv,38
LLOYDS-Lloyds_41283719_Oct24-Mar26-535,2025-03-04,Lloyds,41283719,,Northbridge Trading Ltd Current,BGC,BGC ALDERTON RETAIL LTD INV82135,,8327.7,-0.0,8327.7,363946.38,Alderton Retail Ltd,ALDERTON RETAIL LTD,,,False,Lloyds_41283719_Oct24-Mar26.csv,535
LLOYDS-Lloyds_41283719_Oct24-Mar26-536,2025-03-04,Lloyds,41283719,,Northbridge Trading Ltd Current,BGC,BGC FAIRBANK WHOLESALE INV63334,,5792.56,-0.0,5792.56,369738.94,Fairbank Wholesale,FAIRBANK WHOLESALE,,,False,Lloyds_41283719_Oct24-Mar26.csv,536
LLOYDS-Lloyds_41283719_Oct24-Mar26-537,2025-03-04,Lloyds,41283719,,Northbridge Trading Ltd Current,FPO,FPO STONEBRIDGE INSURANCE BROKERS REF 6262,6262,0.0,1819.68,-1819.68,367919.26,Stonebridge Insurance Brokers,STONEBRIDGE INSURANCE BROKERS,,,False,Lloyds_41283719_Oct24-Mar26.csv,537
LLOYDS-Lloyds_41283719_Oct24-Mar26-538,2025-03-04,Lloyds,41283719,,Northbridge Trading Ltd Current,FPO,FPO VODAFONE BUSINESS REF 4267,4267,0.0,4572.08,-4572.08,363347.18,Vodafone Business,VODAFONE BUSINESS,,,False,Lloyds_41283719_Oct24-Mar26.csv,538
LLOYDS-Lloyds_41283719_Oct24-Mar26-539,2025-03-05,Lloyds,41283719,,Northbridge Trading Ltd Current,BGC,BGC BEXLEY HOMEWARE PLC INV32946,,3959.5,-0.0,3959.5,367306.68,Bexley Homeware Plc,BEXLEY HOMEWARE PLC,,,False,Lloyds_41283719_Oct24-Mar26.csv,539
LLOYDS-Lloyds_41283719_Oct24-Mar26-540,2025-03-05,Lloyds,41283719,,Northbridge Trading Ltd Current,BGC,BGC FAIRBANK WHOLESALE INV14763,,8477.94,-0.0,8477.94,375784.62,Fairbank Wholesale,FAIRBANK WHOLESALE,,,False,Lloyds_41283719_Oct24-Mar26.csv,540
LLOYDS-Lloyds_41283719_Oct24-Mar26-541,2025-03-05,Lloyds,41283719,,Northbridge Trading Ltd Current,BGC,BGC JARROW BUILDERS MERCHANTS INV14910,,772.28,-0.0,772.28,376556.9,Jarrow Builders Merchants,JARROW BUILDERS MERCHANTS,,,False,Lloyds_41283719_Oct24-Mar26.csv,541
LLOYDS-Lloyds_41283719_Oct24-Mar26-542,2025-03-05,Lloyds,41283719,,Northbridge Trading Ltd Current,BGC,BGC MARSDEN DIY INV74930,,2153.23,-0.0,2153.23,378710.13,Marsden Diy,MARSDEN DIY,,,False,Lloyds_41283719_Oct24-Mar26.csv,542
LLOYDS-Lloyds_41283719_Oct24-Mar26-543,2025-03-05,Lloyds,41283719,,Northbridge Trading Ltd Current,FPO,FPO ELLERY LEGAL LLP REF 9901,9901,0.0,3217.26,-3217.26,375492.87,Ellery Legal Llp,ELLERY LEGAL LLP,,,False,Lloyds_41283719_Oct24-Mar26.csv,543
LLOYDS-Lloyds_41283719_Oct24-Mar26-544,2025-03-05,Lloyds,41283719,,Northbridge Trading Ltd Current,FPO,FPO KESTREL FUEL CARDS REF 5662,5662,0.0,2807.94,-2807.94,372684.93,Kestrel Fuel Cards,KESTREL FUEL CARDS,,,False,Lloyds_41283719_Oct24-Mar26.csv,544
LLOYDS-Lloyds_41283719_Oct24-Mar26-545,2025-03-05,Lloyds,41283719,,Northbridge Trading Ltd Current,FPO,FPO WEXFORD CATERING LTD REF 2758,2758,0.0,5581.46,-5581.46,367103.47,Wexford Catering Ltd,WEXFORD CATERING LTD,,,False,Lloyds_41283719_Oct24-Mar26.csv,545
LLOYDS-Lloyds_41283719_Oct24-Mar26-546,2025-03-06,Lloyds,41283719,,Northbridge Trading Ltd Current,BGC,BGC DENBY GARDEN CENTRES INV53343,,1967.46,-0.0,1967.46,369070.93,Denby Garden Centres,DENBY GARDEN CENTRES,,,False,Lloyds_41283719_Oct24-Mar26.csv,546
LLOYDS-Lloyds_41283719_Oct24-Mar26-547,2025-03-06,Lloyds,41283719,,Northbridge Trading Ltd Current,BGC,BGC ORWELL FURNISHINGS LTD INV45761,,2203.93,-0.0,2203.93,371274.86,Orwell Furnishings Ltd,ORWELL FURNISHINGS LTD,,,False,Lloyds_41283719_Oct24-Mar26.csv,547
LLOYDS-Lloyds_41283719_Oct24-Mar26-548,2025-03-06,Lloyds,41283719,,Northbridge Trading Ltd Current,BGC,BGC ORWELL FURNISHINGS LTD INV94972,,2706.67,-0.0,2706.67,373981.53,Orwell Furnishings Ltd,ORWELL FURNISHINGS LTD,,,False,Lloyds_41283719_Oct24-Mar26.csv,548
LLOYDS-Lloyds_41283719_Oct24-Mar26-549,2025-03-06,Lloyds,41283719,,Northbridge Trading Ltd Current,FPO,FPO MERIDIAN PACKAGING LTD REF 6523,6523,0.0,4775.99,-4775.99,369205.54,Meridian Packaging Ltd,MERIDIAN PACKAGING LTD,,,False,Lloyds_41283719_Oct24-Mar26.csv,549
BARCLAYS-Barclays_90311276_export-39,2025-03-07,Barclays,90311276,20-45-18,Northbridge Trading Ltd,,CARD PAYMENT ROYAL MAIL,,0.0,196.44,-196.44,22177.86,Royal Mail,ROYAL MAIL,,,False,Barclays_90311276_export.csv,39
LLOYDS-Lloyds_41283719_Oct24-Mar26-550,2025-03-07,Lloyds,41283719,,Northbridge Trading Ltd Current,BGC,BGC NEWHAM HARDWARE INV77538,,3257.83,-0.0,3257.83,372463.37,Newham Hardware,NEWHAM HARDWARE,,,False,Lloyds_41283719_Oct24-Mar26.csv,550
LLOYDS-Lloyds_41283719_Oct24-Mar26-551,2025-03-07,Lloyds,41283719,,Northbridge Trading Ltd Current,BGC,BGC TAMAR TRADERS INV93719,,7696.93,-0.0,7696.93,380160.3,Tamar Traders,TAMAR TRADERS,,,False,Lloyds_41283719_Oct24-Mar26.csv,551
LLOYDS-Lloyds_41283719_Oct24-Mar26-552,2025-03-07,Lloyds,41283719,,Northbridge Trading Ltd Current,FPO,FPO BRAMBLE ACCOUNTANTS REF 2562,2562,0.0,1230.97,-1230.97,378929.33,Bramble Accountants,BRAMBLE ACCOUNTANTS,,,False,Lloyds_41283719_Oct24-Mar26.csv,552
LLOYDS-Lloyds_41283719_Oct24-Mar26-553,2025-03-07,Lloyds,41283719,,Northbridge Trading Ltd Current,FPO,FPO OAKLINE OFFICE LTD REF 8822,8822,0.0,2043.07,-2043.07,376886.26,Oakline Office Ltd,OAKLINE OFFICE LTD,,,False,Lloyds_41283719_Oct24-Mar26.csv,553
LLOYDS-Lloyds_41283719_Oct24-Mar26-554,2025-03-10,Lloyds,41283719,,Northbridge Trading Ltd Current,BGC,BGC DENBY GARDEN CENTRES INV71000,,3093.09,-0.0,3093.09,379979.35,Denby Garden Centres,DENBY GARDEN CENTRES,,,False,Lloyds_41283719_Oct24-Mar26.csv,554
LLOYDS-Lloyds_41283719_Oct24-Mar26-555,2025-03-10,Lloyds,41283719,,Northbridge Trading Ltd Current,BGC,BGC LARKHILL LTD INV40972,,1184.57,-0.0,1184.57,381163.92,Larkhill Ltd,LARKHILL LTD,,,False,Lloyds_41283719_Oct24-Mar26.csv,555
LLOYDS-Lloyds_41283719_Oct24-Mar26-556,2025-03-10,Lloyds,41283719,,Northbridge Trading Ltd Current,BGC,BGC SELBY HOME STORES INV11498,,2740.11,-0.0,2740.11,383904.03,Selby Home Stores,SELBY HOME STORES,,,False,Lloyds_41283719_Oct24-Mar26.csv,556
LLOYDS-Lloyds_41283719_Oct24-Mar26-557,2025-03-10,Lloyds,41283719,,Northbridge Trading Ltd Current,FPO,FPO BRAMBLE ACCOUNTANTS REF 9233,9233,0.0,5550.17,-5550.17,378353.86,Bramble Accountants,BRAMBLE ACCOUNTANTS,,,False,Lloyds_41283719_Oct24-Mar26.csv,557
LLOYDS-Lloyds_41283719_Oct24-Mar26-558,2025-03-10,Lloyds,41283719,,Northbridge Trading Ltd Current,FPO,FPO STONEBRIDGE INSURANCE BROKERS REF 2923,2923,0.0,3886.46,-3886.46,374467.4,Stonebridge Insurance Brokers,STONEBRIDGE INSURANCE BROKERS,,,False,Lloyds_41283719_Oct24-Mar26.csv,558
LLOYDS-Lloyds_41283719_Oct24-Mar26-559,2025-03-11,Lloyds,41283719,,Northbridge Trading Ltd Current,BGC,BGC HEXHAM SUPPLIES LTD INV27507,,4429.82,-0.0,4429.82,378897.22,Hexham Supplies Ltd,HEXHAM SUPPLIES LTD,,,False,Lloyds_41283719_Oct24-Mar26.csv,559
LLOYDS-Lloyds_41283719_Oct24-Mar26-560,2025-03-11,Lloyds,41283719,,Northbridge Trading Ltd Current,BGC,BGC ORWELL FURNISHINGS LTD INV89395,,3614.27,-0.0,3614.27,382511.49,Orwell Furnishings Ltd,ORWELL FURNISHINGS LTD,,,False,Lloyds_41283719_Oct24-Mar26.csv,560
LLOYDS-Lloyds_41283719_Oct24-Mar26-561,2025-03-11,Lloyds,41283719,,Northbridge Trading Ltd Current,FPO,FPO FENWICK COMPONENTS LTD REF 5054,5054,0.0,4130.0,-4130.0,378381.49,Fenwick Components Ltd,FENWICK COMPONENTS LTD,,,False,Lloyds_41283719_Oct24-Mar26.csv,561
LLOYDS-Lloyds_41283719_Oct24-Mar26-562,2025-03-11,Lloyds,41283719,,Northbridge Trading Ltd Current,FPO,FPO VODAFONE BUSINESS REF 9806,9806,0.0,4841.67,-4841.67,373539.82,Vodafone Business,VODAFONE BUSINESS,,,False,Lloyds_41283719_Oct24-Mar26.csv,562
LLOYDS-Lloyds_41283719_Oct24-Mar26-563,2025-03-11,Lloyds,41283719,,Northbridge Trading Ltd Current,FPO,FPO WEXFORD CATERING LTD REF 2341,2341,0.0,3224.21,-3224.21,370315.61,Wexford Catering Ltd,WEXFORD CATERING LTD,,,False,Lloyds_41283719_Oct24-Mar26.csv,563
LLOYDS-Lloyds_41283719_Oct24-Mar26-564,2025-03-12,Lloyds,41283719,,Northbridge Trading Ltd Current,BGC,BGC DENBY GARDEN CENTRES INV18094,,7164.44,-0.0,7164.44,377480.05,Denby Garden Centres,DENBY GARDEN CENTRES,,,False,Lloyds_41283719_Oct24-Mar26.csv,564
LLOYDS-Lloyds_41283719_Oct24-Mar26-565,2025-03-12,Lloyds,41283719,,Northbridge Trading Ltd Current,BGC,BGC EVERLY INTERIORS LTD INV31566,,3259.32,-0.0,3259.32,380739.37,Everly Interiors Ltd,EVERLY INTERIORS LTD,,,False,Lloyds_41283719_Oct24-Mar26.csv,565
LLOYDS-Lloyds_41283719_Oct24-Mar26-566,2025-03-12,Lloyds,41283719,,Northbridge Trading Ltd Current,BGC,BGC QUAYSIDE RETAIL INV36497,,5167.07,-0.0,5167.07,385906.44,Quayside Retail,QUAYSIDE RETAIL,,,False,Lloyds_41283719_Oct24-Mar26.csv,566
LLOYDS-Lloyds_41283719_Oct24-Mar26-567,2025-03-12,Lloyds,41283719,,Northbridge Trading Ltd Current,DD,DD BRITISH GAS BUSINESS,,0.0,642.54,-642.54,385263.9,British Gas Business,BRITISH GAS BUSINESS,,,False,Lloyds_41283719_Oct24-Mar26.csv,567
LLOYDS-Lloyds_41283719_Oct24-Mar26-568,2025-03-12,Lloyds,41283719,,Northbridge Trading Ltd Current,DD,DD BT BUSINESS,,0.0,337.39,-337.39,384926.51,Bt Business,BT BUSINESS,,,False,Lloyds_41283719_Oct24-Mar26.csv,568
LLOYDS-Lloyds_41283719_Oct24-Mar26-569,2025-03-12,Lloyds,41283719,,Northbridge Trading Ltd Current,DD,DD LUMEN ENERGY LTD,,0.0,1107.36,-1107.36,383819.15,Lumen Energy Ltd,LUMEN ENERGY LTD,,,False,Lloyds_41283719_Oct24-Mar26.csv,569
LLOYDS-Lloyds_41283719_Oct24-Mar26-570,2025-03-12,Lloyds,41283719,,Northbridge Trading Ltd Current,DD,DD THAMES WATER,,0.0,212.21,-212.21,383606.94,Thames Water,THAMES WATER,,,False,Lloyds_41283719_Oct24-Mar26.csv,570
LLOYDS-Lloyds_41283719_Oct24-Mar26-571,2025-03-12,Lloyds,41283719,,Northbridge Trading Ltd Current,FPO,FPO BT BUSINESS REF 2904,2904,0.0,4129.73,-4129.73,379477.21,Bt Business,BT BUSINESS,,,False,Lloyds_41283719_Oct24-Mar26.csv,571
LLOYDS-Lloyds_41283719_Oct24-Mar26-572,2025-03-12,Lloyds,41283719,,Northbridge Trading Ltd Current,FPO,FPO CARROW SECURITY LTD REF 9008,9008,0.0,682.01,-682.01,378795.2,Carrow Security Ltd,CARROW SECURITY LTD,,,False,Lloyds_41283719_Oct24-Mar26.csv,572
LLOYDS-Lloyds_41283719_Oct24-Mar26-573,2025-03-12,Lloyds,41283719,,Northbridge Trading Ltd Current,FPO,FPO RIDLEY TOOLS LTD REF 8298,8298,0.0,4880.85,-4880.85,373914.35,Ridley Tools Ltd,RIDLEY TOOLS LTD,,,False,Lloyds_41283719_Oct24-Mar26.csv,573
BARCLAYS-Barclays_90311276_export-40,2025-03-13,Barclays,90311276,20-45-18,Northbridge Trading Ltd,,CARD PAYMENT SCREWFIX,,0.0,372.28,-372.28,21805.58,Screwfix,SCREWFIX,,,False,Barclays_90311276_export.csv,40
LLOYDS-Lloyds_41283719_Oct24-Mar26-574,2025-03-13,Lloyds,41283719,,Northbridge Trading Ltd Current,BGC,BGC ALDERTON RETAIL LTD INV38560,,5210.83,-0.0,5210.83,379125.18,Alderton Retail Ltd,ALDERTON RETAIL LTD,,,False,Lloyds_41283719_Oct24-Mar26.csv,574
LLOYDS-Lloyds_41283719_Oct24-Mar26-575,2025-03-13,Lloyds,41283719,,Northbridge Trading Ltd Current,BGC,BGC ALDERTON RETAIL LTD INV61897,,2684.77,-0.0,2684.77,381809.95,Alderton Retail Ltd,ALDERTON RETAIL LTD,,,False,Lloyds_41283719_Oct24-Mar26.csv,575
LLOYDS-Lloyds_41283719_Oct24-Mar26-576,2025-03-13,Lloyds,41283719,,Northbridge Trading Ltd Current,BGC,BGC BEXLEY HOMEWARE PLC INV65534,,3387.33,-0.0,3387.33,385197.28,Bexley Homeware Plc,BEXLEY HOMEWARE PLC,,,False,Lloyds_41283719_Oct24-Mar26.csv,576
LLOYDS-Lloyds_41283719_Oct24-Mar26-577,2025-03-13,Lloyds,41283719,,Northbridge Trading Ltd Current,BGC,BGC CASTLEFORD STORES INV80931,,8454.16,-0.0,8454.16,393651.44,Castleford Stores,CASTLEFORD STORES,,,False,Lloyds_41283719_Oct24-Mar26.csv,577
LLOYDS-Lloyds_41283719_Oct24-Mar26-578,2025-03-13,Lloyds,41283719,,Northbridge Trading Ltd Current,FPO,FPO VODAFONE BUSINESS REF 1519,1519,0.0,1829.48,-1829.48,391821.96,Vodafone Business,VODAFONE BUSINESS,,,False,Lloyds_41283719_Oct24-Mar26.csv,578
LLOYDS-Lloyds_41283719_Oct24-Mar26-579,2025-03-14,Lloyds,41283719,,Northbridge Trading Ltd Current,BGC,BGC MARSDEN DIY INV59236,,1325.95,-0.0,1325.95,393147.91,Marsden Diy,MARSDEN DIY,,,False,Lloyds_41283719_Oct24-Mar26.csv,579
LLOYDS-Lloyds_41283719_Oct24-Mar26-580,2025-03-14,Lloyds,41283719,,Northbridge Trading Ltd Current,BGC,BGC MARSDEN DIY INV68790,,7483.04,-0.0,7483.04,400630.95,Marsden Diy,MARSDEN DIY,,,False,Lloyds_41283719_Oct24-Mar26.csv,580
LLOYDS-Lloyds_41283719_Oct24-Mar26-581,2025-03-14,Lloyds,41283719,,Northbridge Trading Ltd Current,BGC,BGC NEWHAM HARDWARE INV59081,,8444.28,-0.0,8444.28,409075.23,Newham Hardware,NEWHAM HARDWARE,,,False,Lloyds_41283719_Oct24-Mar26.csv,581
LLOYDS-Lloyds_41283719_Oct24-Mar26-582,2025-03-14,Lloyds,41283719,,Northbridge Trading Ltd Current,BGC,BGC RAVENSCOURT LTD INV27431,,5797.57,-0.0,5797.57,414872.8,Ravenscourt Ltd,RAVENSCOURT LTD,,,False,Lloyds_41283719_Oct24-Mar26.csv,582
LLOYDS-Lloyds_41283719_Oct24-Mar26-583,2025-03-14,Lloyds,41283719,,Northbridge Trading Ltd Current,FPO,FPO BRIGHTPATH PRINT LTD REF 3924,3924,0.0,5958.15,-5958.15,408914.65,Brightpath Print Ltd,BRIGHTPATH PRINT LTD,,,False,Lloyds_41283719_Oct24-Mar26.csv,583
LLOYDS-Lloyds_41283719_Oct24-Mar26-584,2025-03-14,Lloyds,41283719,,Northbridge Trading Ltd Current,FPO,FPO THAMES WATER REF 9664,9664,0.0,894.98,-894.98,408019.67,Thames Water,THAMES WATER,,,False,Lloyds_41283719_Oct24-Mar26.csv,584
BARCLAYS-Barclays_90311276_export-41,2025-03-17,Barclays,90311276,20-45-18,Northbridge Trading Ltd,,TFR FROM 30-96-26 41283719,,4000.0,0.0,4000.0,25805.58,Northbridge Trading Ltd,NORTHBRIDGE TRADING LTD,30-96-26,41283719,True,Barclays_90311276_export.csv,41
LLOYDS-Lloyds_41283719_Oct24-Mar26-585,2025-03-17,Lloyds,41283719,,Northbridge Trading Ltd Current,BGC,BGC EVERLY INTERIORS LTD INV46129,,2170.15,-0.0,2170.15,410189.82,Everly Interiors Ltd,EVERLY INTERIORS LTD,,,False,Lloyds_41283719_Oct24-Mar26.csv,585
LLOYDS-Lloyds_41283719_Oct24-Mar26-586,2025-03-17,Lloyds,41283719,,Northbridge Trading Ltd Current,BGC,BGC HEXHAM SUPPLIES LTD INV42441,,4292.88,-0.0,4292.88,414482.7,Hexham Supplies Ltd,HEXHAM SUPPLIES LTD,,,False,Lloyds_41283719_Oct24-Mar26.csv,586
LLOYDS-Lloyds_41283719_Oct24-Mar26-587,2025-03-17,Lloyds,41283719,,Northbridge Trading Ltd Current,BGC,BGC RAVENSCOURT LTD INV65591,,4849.08,-0.0,4849.08,419331.78,Ravenscourt Ltd,RAVENSCOURT LTD,,,False,Lloyds_41283719_Oct24-Mar26.csv,587
LLOYDS-Lloyds_41283719_Oct24-Mar26-588,2025-03-17,Lloyds,41283719,,Northbridge Trading Ltd Current,FPO,FPO COASTLINE LOGISTICS LTD REF 7868,7868,0.0,3747.3,-3747.3,415584.48,Coastline Logistics Ltd,COASTLINE LOGISTICS LTD,,,False,Lloyds_41283719_Oct24-Mar26.csv,588
LLOYDS-Lloyds_41283719_Oct24-Mar26-589,2025-03-17,Lloyds,41283719,,Northbridge Trading Ltd Current,TFR,TFR TO 20-45-18 90311276,,0.0,4000.0,-4000.0,411584.48,Northbridge Trading Ltd,NORTHBRIDGE TRADING LTD,20-45-18,90311276,True,Lloyds_41283719_Oct24-Mar26.csv,589
BARCLAYS-Barclays_90311276_export-42,2025-03-18,Barclays,90311276,20-45-18,Northbridge Trading Ltd,,CARD PAYMENT TRAVIS PERKINS,,0.0,367.02,-367.02,25438.56,Travis Perkins,TRAVIS PERKINS,,,False,Barclays_90311276_export.csv,42
LLOYDS-Lloyds_41283719_Oct24-Mar26-590,2025-03-18,Lloyds,41283719,,Northbridge Trading Ltd Current,BGC,BGC BEXLEY HOMEWARE PLC INV68515,,5362.72,-0.0,5362.72,416947.2,Bexley Homeware Plc,BEXLEY HOMEWARE PLC,,,False,Lloyds_41283719_Oct24-Mar26.csv,590
LLOYDS-Lloyds_41283719_Oct24-Mar26-591,2025-03-18,Lloyds,41283719,,Northbridge Trading Ltd Current,BGC,BGC GLENMORE TRADING INV18819,,1486.99,-0.0,1486.99,418434.19,Glenmore Trading,GLENMORE TRADING,,,False,Lloyds_41283719_Oct24-Mar26.csv,591
LLOYDS-Lloyds_41283719_Oct24-Mar26-592,2025-03-18,Lloyds,41283719,,Northbridge Trading Ltd Current,FPO,FPO HALCYON IT SERVICES REF 1724,1724,0.0,2503.25,-2503.25,415930.94,Halcyon It Services,HALCYON IT SERVICES,,,False,Lloyds_41283719_Oct24-Mar26.csv,592
LLOYDS-Lloyds_41283719_Oct24-Mar26-593,2025-03-19,Lloyds,41283719,,Northbridge Trading Ltd Current,BGC,BGC QUAYSIDE RETAIL INV47914,,2526.46,-0.0,2526.46,418457.4,Quayside Retail,QUAYSIDE RETAIL,,,False,Lloyds_41283719_Oct24-Mar26.csv,593
LLOYDS-Lloyds_41283719_Oct24-Mar26-594,2025-03-19,Lloyds,41283719,,Northbridge Trading Ltd Current,BGC,BGC SELBY HOME STORES INV51799,,5204.3,-0.0,5204.3,423661.7,Selby Home Stores,SELBY HOME STORES,,,False,Lloyds_41283719_Oct24-Mar26.csv,594
LLOYDS-Lloyds_41283719_Oct24-Mar26-595,2025-03-19,Lloyds,41283719,,Northbridge Trading Ltd Current,FPO,FPO BRAMBLE ACCOUNTANTS REF 9540,9540,0.0,1443.1,-1443.1,422218.6,Bramble Accountants,BRAMBLE ACCOUNTANTS,,,False,Lloyds_41283719_Oct24-Mar26.csv,595
LLOYDS-Lloyds_41283719_Oct24-Mar26-596,2025-03-19,Lloyds,41283719,,Northbridge Trading Ltd Current,FPO,FPO HALCYON IT SERVICES REF 5944,5944,0.0,5276.11,-5276.11,416942.49,Halcyon It Services,HALCYON IT SERVICES,,,False,Lloyds_41283719_Oct24-Mar26.csv,596
BARCLAYS-Barclays_90311276_export-43,2025-03-20,Barclays,90311276,20-45-18,Northbridge Trading Ltd,,CARD PAYMENT SCREWFIX,,0.0,390.66,-390.66,25047.9,Screwfix,SCREWFIX,,,False,Barclays_90311276_export.csv,43
LLOYDS-Lloyds_41283719_Oct24-Mar26-597,2025-03-20,Lloyds,41283719,,Northbridge Trading Ltd Current,BGC,BGC FAIRBANK WHOLESALE INV92050,,5994.25,-0.0,5994.25,422936.74,Fairbank Wholesale,FAIRBANK WHOLESALE,,,False,Lloyds_41283719_Oct24-Mar26.csv,597
LLOYDS-Lloyds_41283719_Oct24-Mar26-598,2025-03-20,Lloyds,41283719,,Northbridge Trading Ltd Current,BGC,BGC LARKHILL LTD INV94320,,5936.47,-0.0,5936.47,428873.21,Larkhill Ltd,LARKHILL LTD,,,False,Lloyds_41283719_Oct24-Mar26.csv,598
LLOYDS-Lloyds_41283719_Oct24-Mar26-599,2025-03-20,Lloyds,41283719,,Northbridge Trading Ltd Current,BGC,BGC RAVENSCOURT LTD INV74962,,1065.7,-0.0,1065.7,429938.91,Ravenscourt Ltd,RAVENSCOURT LTD,,,False,Lloyds_41283719_Oct24-Mar26.csv,599
LLOYDS-Lloyds_41283719_Oct24-Mar26-600,2025-03-20,Lloyds,41283719,,Northbridge Trading Ltd Current,FPO,FPO KESTREL FUEL CARDS REF 7821,7821,0.0,2538.32,-2538.32,427400.59,Kestrel Fuel Cards,KESTREL FUEL CARDS,,,False,Lloyds_41283719_Oct24-Mar26.csv,600
LLOYDS-Lloyds_41283719_Oct24-Mar26-601,2025-03-20,Lloyds,41283719,,Northbridge Trading Ltd Current,FPO,FPO SABLE MARKETING LTD REF 8758,8758,0.0,1559.66,-1559.66,425840.93,Sable Marketing Ltd,SABLE MARKETING LTD,,,False,Lloyds_41283719_Oct24-Mar26.csv,601
LLOYDS-Lloyds_41283719_Oct24-Mar26-602,2025-03-20,Lloyds,41283719,,Northbridge Trading Ltd Current,FPO,FPO STONEBRIDGE INSURANCE BROKERS REF 7167,7167,0.0,1225.69,-1225.69,424615.24,Stonebridge Insurance Brokers,STONEBRIDGE INSURANCE BROKERS,,,False,Lloyds_41283719_Oct24-Mar26.csv,602
LLOYDS-Lloyds_41283719_Oct24-Mar26-603,2025-03-20,Lloyds,41283719,,Northbridge Trading Ltd Current,TFR,TFR TO 60-12-44 77120931,,0.0,56000.0,-56000.0,368615.24,Northbridge Trading Ltd,NORTHBRIDGE TRADING LTD,60-12-44,77120931,True,Lloyds_41283719_Oct24-Mar26.csv,603
NATWEST-NatWest_77120931_statement-86,2025-03-20,NatWest,77120931,,Northbridge Trading Ltd,TFR,TFR FROM 30-96-26 41283719,,56000.0,0.0,56000.0,132477.99,Northbridge Trading Ltd,NORTHBRIDGE TRADING LTD,30-96-26,41283719,True,NatWest_77120931_statement.xlsx,86
LLOYDS-Lloyds_41283719_Oct24-Mar26-604,2025-03-21,Lloyds,41283719,,Northbridge Trading Ltd Current,BGC,BGC EVERLY INTERIORS LTD INV60910,,2594.3,-0.0,2594.3,371209.54,Everly Interiors Ltd,EVERLY INTERIORS LTD,,,False,Lloyds_41283719_Oct24-Mar26.csv,604
LLOYDS-Lloyds_41283719_Oct24-Mar26-605,2025-03-21,Lloyds,41283719,,Northbridge Trading Ltd Current,BGC,BGC GLENMORE TRADING INV53288,,5744.31,-0.0,5744.31,376953.85,Glenmore Trading,GLENMORE TRADING,,,False,Lloyds_41283719_Oct24-Mar26.csv,605
LLOYDS-Lloyds_41283719_Oct24-Mar26-606,2025-03-21,Lloyds,41283719,,Northbridge Trading Ltd Current,BGC,BGC NEWHAM HARDWARE INV64592,,5046.84,-0.0,5046.84,382000.69,Newham Hardware,NEWHAM HARDWARE,,,False,Lloyds_41283719_Oct24-Mar26.csv,606
LLOYDS-Lloyds_41283719_Oct24-Mar26-607,2025-03-21,Lloyds,41283719,,Northbridge Trading Ltd Current,FPO,FPO FENWICK COMPONENTS LTD REF 1844,1844,0.0,1720.5,-1720.5,380280.19,Fenwick Components Ltd,FENWICK COMPONENTS LTD,,,False,Lloyds_41283719_Oct24-Mar26.csv,607
LLOYDS-Lloyds_41283719_Oct24-Mar26-608,2025-03-21,Lloyds,41283719,,Northbridge Trading Ltd Current,FPO,FPO LUMEN ENERGY LTD REF 2514,2514,0.0,3283.47,-3283.47,376996.72,Lumen Energy Ltd,LUMEN ENERGY LTD,,,False,Lloyds_41283719_Oct24-Mar26.csv,608
LLOYDS-Lloyds_41283719_Oct24-Mar26-609,2025-03-24,Lloyds,41283719,,Northbridge Trading Ltd Current,BGC,BGC ALDERTON RETAIL LTD INV37762,,8009.85,-0.0,8009.85,385006.57,Alderton Retail Ltd,ALDERTON RETAIL LTD,,,False,Lloyds_41283719_Oct24-Mar26.csv,609
LLOYDS-Lloyds_41283719_Oct24-Mar26-610,2025-03-24,Lloyds,41283719,,Northbridge Trading Ltd Current,BGC,BGC DENBY GARDEN CENTRES INV72773,,7832.64,-0.0,7832.64,392839.21,Denby Garden Centres,DENBY GARDEN CENTRES,,,False,Lloyds_41283719_Oct24-Mar26.csv,610
LLOYDS-Lloyds_41283719_Oct24-Mar26-611,2025-03-24,Lloyds,41283719,,Northbridge Trading Ltd Current,BGC,BGC KINGSMEAD DISTRIBUTION INV49739,,8164.75,-0.0,8164.75,401003.96,Kingsmead Distribution,KINGSMEAD DISTRIBUTION,,,False,Lloyds_41283719_Oct24-Mar26.csv,611
LLOYDS-Lloyds_41283719_Oct24-Mar26-612,2025-03-24,Lloyds,41283719,,Northbridge Trading Ltd Current,BGC,BGC RAVENSCOURT LTD INV38444,,4439.27,-0.0,4439.27,405443.23,Ravenscourt Ltd,RAVENSCOURT LTD,,,False,Lloyds_41283719_Oct24-Mar26.csv,612
LLOYDS-Lloyds_41283719_Oct24-Mar26-613,2025-03-24,Lloyds,41283719,,Northbridge Trading Ltd Current,FPO,FPO FENWICK COMPONENTS LTD REF 7498,7498,0.0,5503.49,-5503.49,399939.74,Fenwick Components Ltd,FENWICK COMPONENTS LTD,,,False,Lloyds_41283719_Oct24-Mar26.csv,613
LLOYDS-Lloyds_41283719_Oct24-Mar26-614,2025-03-24,Lloyds,41283719,,Northbridge Trading Ltd Current,FPO,FPO SABLE MARKETING LTD REF 6269,6269,0.0,4686.76,-4686.76,395252.98,Sable Marketing Ltd,SABLE MARKETING LTD,,,False,Lloyds_41283719_Oct24-Mar26.csv,614
LLOYDS-Lloyds_41283719_Oct24-Mar26-615,2025-03-24,Lloyds,41283719,,Northbridge Trading Ltd Current,FPO,FPO THAMES WATER REF 8639,8639,0.0,3271.85,-3271.85,391981.13,Thames Water,THAMES WATER,,,False,Lloyds_41283719_Oct24-Mar26.csv,615
NATWEST-NatWest_77120931_statement-87,2025-03-24,NatWest,77120931,,Northbridge Trading Ltd,FPO,FPO HMRC PAYE 0325,,0.0,12931.29,-12931.29,119546.7,HMRC,HMRC,,,False,NatWest_77120931_statement.xlsx,87
LLOYDS-Lloyds_41283719_Oct24-Mar26-616,2025-03-25,Lloyds,41283719,,Northbridge Trading Ltd Current,BGC,BGC LARKHILL LTD INV51015,,3928.66,-0.0,3928.66,395909.79,Larkhill Ltd,LARKHILL LTD,,,False,Lloyds_41283719_Oct24-Mar26.csv,616
LLOYDS-Lloyds_41283719_Oct24-Mar26-617,2025-03-25,Lloyds,41283719,,Northbridge Trading Ltd Current,BGC,BGC PEMBROKE LIVING INV51973,,7831.78,-0.0,7831.78,403741.57,Pembroke Living,PEMBROKE LIVING,,,False,Lloyds_41283719_Oct24-Mar26.csv,617
LLOYDS-Lloyds_41283719_Oct24-Mar26-618,2025-03-25,Lloyds,41283719,,Northbridge Trading Ltd Current,BGC,BGC PEMBROKE LIVING INV71080,,1469.14,-0.0,1469.14,405210.71,Pembroke Living,PEMBROKE LIVING,,,False,Lloyds_41283719_Oct24-Mar26.csv,618
LLOYDS-Lloyds_41283719_Oct24-Mar26-619,2025-03-25,Lloyds,41283719,,Northbridge Trading Ltd Current,FPO,FPO FENWICK COMPONENTS LTD REF 6404,6404,0.0,1495.61,-1495.61,403715.1,Fenwick Components Ltd,FENWICK COMPONENTS LTD,,,False,Lloyds_41283719_Oct24-Mar26.csv,619
LLOYDS-Lloyds_41283719_Oct24-Mar26-620,2025-03-25,Lloyds,41283719,,Northbridge Trading Ltd Current,FPO,FPO HALCYON IT SERVICES REF 3390,3390,0.0,244.89,-244.89,403470.21,Halcyon It Services,HALCYON IT SERVICES,,,False,Lloyds_41283719_Oct24-Mar26.csv,620
LLOYDS-Lloyds_41283719_Oct24-Mar26-621,2025-03-25,Lloyds,41283719,,Northbridge Trading Ltd Current,FPO,FPO SABLE MARKETING LTD REF 7841,7841,0.0,1876.87,-1876.87,401593.34,Sable Marketing Ltd,SABLE MARKETING LTD,,,False,Lloyds_41283719_Oct24-Mar26.csv,621
NATWEST-NatWest_77120931_statement-88,2025-03-25,NatWest,77120931,,Northbridge Trading Ltd,FPO,FPO A PATEL SALARY MAR25,,0.0,2317.74,-2317.74,117228.96,A Patel,A PATEL,,,False,NatWest_77120931_statement.xlsx,88
NATWEST-NatWest_77120931_statement-89,2025-03-25,NatWest,77120931,,Northbridge Trading Ltd,FPO,FPO C WALSH SALARY MAR25,,0.0,3157.31,-3157.31,114071.65,C Walsh,C WALSH,,,False,NatWest_77120931_statement.xlsx,89
NATWEST-NatWest_77120931_statement-90,2025-03-25,NatWest,77120931,,Northbridge Trading Ltd,FPO,FPO D O'BRIEN SALARY MAR25,,0.0,2683.41,-2683.41,111388.24,D O'Brien,D O'BRIEN,,,False,NatWest_77120931_statement.xlsx,90
NATWEST-NatWest_77120931_statement-91,2025-03-25,NatWest,77120931,,Northbridge Trading Ltd,FPO,FPO E MORGAN SALARY MAR25,,0.0,2730.66,-2730.66,108657.58,E Morgan,E MORGAN,,,False,NatWest_77120931_statement.xlsx,91
NATWEST-NatWest_77120931_statement-92,2025-03-25,NatWest,77120931,,Northbridge Trading Ltd,FPO,FPO H SCHMIDT SALARY MAR25,,0.0,3145.71,-3145.71,105511.87,H Schmidt,H SCHMIDT,,,False,NatWest_77120931_statement.xlsx,92
NATWEST-NatWest_77120931_statement-93,2025-03-25,NatWest,77120931,,Northbridge Trading Ltd,FPO,FPO J SMITH SALARY MAR25,,0.0,4200.0,-4200.0,101311.87,J Smith,J SMITH,,,False,NatWest_77120931_statement.xlsx,93
NATWEST-NatWest_77120931_statement-94,2025-03-25,NatWest,77120931,,Northbridge Trading Ltd,FPO,FPO J TAYLOR SALARY MAR25,,0.0,2137.93,-2137.93,99173.94,J Taylor,J TAYLOR,,,False,NatWest_77120931_statement.xlsx,94
NATWEST-NatWest_77120931_statement-95,2025-03-25,NatWest,77120931,,Northbridge Trading Ltd,FPO,FPO L KOWALSKI SALARY MAR25,,0.0,3503.89,-3503.89,95670.05,L Kowalski,L KOWALSKI,,,False,NatWest_77120931_statement.xlsx,95
NATWEST-NatWest_77120931_statement-96,2025-03-25,NatWest,77120931,,Northbridge Trading Ltd,FPO,FPO M HUGHES SALARY MAR25,,0.0,2473.86,-2473.86,93196.19,M Hughes,M HUGHES,,,False,NatWest_77120931_statement.xlsx,96
NATWEST-NatWest_77120931_statement-97,2025-03-25,NatWest,77120931,,Northbridge Trading Ltd,FPO,FPO P SINGH SALARY MAR25,,0.0,2498.7,-2498.7,90697.49,P Singh,P SINGH,,,False,NatWest_77120931_statement.xlsx,97
NATWEST-NatWest_77120931_statement-98,2025-03-25,NatWest,77120931,,Northbridge Trading Ltd,FPO,FPO R DAVIES SALARY MAR25,,0.0,3197.71,-3197.71,87499.78,R Davies,R DAVIES,,,False,NatWest_77120931_statement.xlsx,98
NATWEST-NatWest_77120931_statement-99,2025-03-25,NatWest,77120931,,Northbridge Trading Ltd,FPO,FPO S OKAFOR SALARY MAR25,,0.0,2836.09,-2836.09,84663.69,S Okafor,S OKAFOR,,,False,NatWest_77120931_statement.xlsx,99
NATWEST-NatWest_77120931_statement-100,2025-03-25,NatWest,77120931,,Northbridge Trading Ltd,FPO,FPO T NGUYEN SALARY MAR25,,0.0,3130.05,-3130.05,81533.64,T Nguyen,T NGUYEN,,,False,NatWest_77120931_statement.xlsx,100
LLOYDS-Lloyds_41283719_Oct24-Mar26-622,2025-03-26,Lloyds,41283719,,Northbridge Trading Ltd Current,BGC,BGC QUAYSIDE RETAIL INV14433,,7244.73,-0.0,7244.73,408838.07,Quayside Retail,QUAYSIDE RETAIL,,,False,Lloyds_41283719_Oct24-Mar26.csv,622
LLOYDS-Lloyds_41283719_Oct24-Mar26-623,2025-03-26,Lloyds,41283719,,Northbridge Trading Ltd Current,BGC,BGC RAVENSCOURT LTD INV94123,,8166.45,-0.0,8166.45,417004.52,Ravenscourt Ltd,RAVENSCOURT LTD,,,False,Lloyds_41283719_Oct24-Mar26.csv,623
LLOYDS-Lloyds_41283719_Oct24-Mar26-624,2025-03-26,Lloyds,41283719,,Northbridge Trading Ltd Current,FPO,FPO BRAMBLE ACCOUNTANTS REF 1794,1794,0.0,4621.38,-4621.38,412383.14,Bramble Accountants,BRAMBLE ACCOUNTANTS,,,False,Lloyds_41283719_Oct24-Mar26.csv,624
LLOYDS-Lloyds_41283719_Oct24-Mar26-625,2025-03-27,Lloyds,41283719,,Northbridge Trading Ltd Current,BGC,BGC CASTLEFORD STORES INV29795,,771.3,-0.0,771.3,413154.44,Castleford Stores,CASTLEFORD STORES,,,False,Lloyds_41283719_Oct24-Mar26.csv,625
LLOYDS-Lloyds_41283719_Oct24-Mar26-626,2025-03-27,Lloyds,41283719,,Northbridge Trading Ltd Current,BGC,BGC QUAYSIDE RETAIL INV69770,,3610.97,-0.0,3610.97,416765.41,Quayside Retail,QUAYSIDE RETAIL,,,False,Lloyds_41283719_Oct24-Mar26.csv,626
LLOYDS-Lloyds_41283719_Oct24-Mar26-627,2025-03-27,Lloyds,41283719,,Northbridge Trading Ltd Current,FPO,FPO BRITISH GAS BUSINESS REF 1194,1194,0.0,247.85,-247.85,416517.56,British Gas Business,BRITISH GAS BUSINESS,,,False,Lloyds_41283719_Oct24-Mar26.csv,627
LLOYDS-Lloyds_41283719_Oct24-Mar26-628,2025-03-27,Lloyds,41283719,,Northbridge Trading Ltd Current,FPO,FPO ELLERY LEGAL LLP REF 8916,8916,0.0,4006.81,-4006.81,412510.75,Ellery Legal Llp,ELLERY LEGAL LLP,,,False,Lloyds_41283719_Oct24-Mar26.csv,628
LLOYDS-Lloyds_41283719_Oct24-Mar26-629,2025-03-27,Lloyds,41283719,,Northbridge Trading Ltd Current,FPO,FPO MERIDIAN PACKAGING LTD REF 1108,1108,0.0,3263.44,-3263.44,409247.31,Meridian Packaging Ltd,MERIDIAN PACKAGING LTD,,,False,Lloyds_41283719_Oct24-Mar26.csv,629
LLOYDS-Lloyds_41283719_Oct24-Mar26-630,2025-03-28,Lloyds,41283719,,Northbridge Trading Ltd Current,BGC,BGC ALDERTON RETAIL LTD INV75826,,7042.63,-0.0,7042.63,416289.94,Alderton Retail Ltd,ALDERTON RETAIL LTD,,,False,Lloyds_41283719_Oct24-Mar26.csv,630
LLOYDS-Lloyds_41283719_Oct24-Mar26-631,2025-03-28,Lloyds,41283719,,Northbridge Trading Ltd Current,BGC,BGC NEWHAM HARDWARE INV33496,,1534.73,-0.0,1534.73,417824.67,Newham Hardware,NEWHAM HARDWARE,,,False,Lloyds_41283719_Oct24-Mar26.csv,631
LLOYDS-Lloyds_41283719_Oct24-Mar26-632,2025-03-28,Lloyds,41283719,,Northbridge Trading Ltd Current,DEB,ACCOUNT FEE,,0.0,41.31,-41.31,417783.36,Lloyds,LLOYDS,,,False,Lloyds_41283719_Oct24-Mar26.csv,632
LLOYDS-Lloyds_41283719_Oct24-Mar26-633,2025-03-28,Lloyds,41283719,,Northbridge Trading Ltd Current,FPO,FPO RIDLEY TOOLS LTD REF 3439,3439,0.0,1559.67,-1559.67,416223.69,Ridley Tools Ltd,RIDLEY TOOLS LTD,,,False,Lloyds_41283719_Oct24-Mar26.csv,633
NATWEST-NatWest_77120931_statement-101,2025-03-28,NatWest,77120931,,Northbridge Trading Ltd,DEB,ACCOUNT CHARGES,,0.0,27.09,-27.09,81506.55,NatWest,NATWEST,,,False,NatWest_77120931_statement.xlsx,101
LLOYDS-Lloyds_41283719_Oct24-Mar26-634,2025-03-31,Lloyds,41283719,,Northbridge Trading Ltd Current,BGC,BGC CASTLEFORD STORES INV95686,,8435.06,-0.0,8435.06,424658.75,Castleford Stores,CASTLEFORD STORES,,,False,Lloyds_41283719_Oct24-Mar26.csv,634
LLOYDS-Lloyds_41283719_Oct24-Mar26-635,2025-03-31,Lloyds,41283719,,Northbridge Trading Ltd Current,BGC,BGC HEXHAM SUPPLIES LTD INV49318,,6035.52,-0.0,6035.52,430694.27,Hexham Supplies Ltd,HEXHAM SUPPLIES LTD,,,False,Lloyds_41283719_Oct24-Mar26.csv,635
LLOYDS-Lloyds_41283719_Oct24-Mar26-636,2025-03-31,Lloyds,41283719,,Northbridge Trading Ltd Current,BGC,BGC SELBY HOME STORES INV41877,,8423.82,-0.0,8423.82,439118.09,Selby Home Stores,SELBY HOME STORES,,,False,Lloyds_41283719_Oct24-Mar26.csv,636
LLOYDS-Lloyds_41283719_Oct24-Mar26-637,2025-03-31,Lloyds,41283719,,Northbridge Trading Ltd Current,FPO,FPO ASHFORD STEEL SUPPLIES REF 7640,7640,0.0,2368.69,-2368.69,436749.4,Ashford Steel Supplies,ASHFORD STEEL SUPPLIES,,,False,Lloyds_41283719_Oct24-Mar26.csv,637
BARCLAYS-Barclays_90311276_export-44,2025-04-01,Barclays,90311276,20-45-18,Northbridge Trading Ltd,,CARD PAYMENT MICROSOFT,,0.0,144.7,-144.7,24903.2,Microsoft,MICROSOFT,,,False,Barclays_90311276_export.csv,44
LLOYDS-Lloyds_41283719_Oct24-Mar26-638,2025-04-01,Lloyds,41283719,,Northbridge Trading Ltd Current,BGC,BGC FAIRBANK WHOLESALE INV20837,,4598.9,-0.0,4598.9,441348.3,Fairbank Wholesale,FAIRBANK WHOLESALE,,,False,Lloyds_41283719_Oct24-Mar26.csv,638
LLOYDS-Lloyds_41283719_Oct24-Mar26-639,2025-04-01,Lloyds,41283719,,Northbridge Trading Ltd Current,DD,DD HARTWELL FINANCE PLC,,0.0,3180.4,-3180.4,438167.9,Hartwell Finance plc,HARTWELL FINANCE PLC,,,False,Lloyds_41283719_Oct24-Mar26.csv,639
LLOYDS-Lloyds_41283719_Oct24-Mar26-640,2025-04-01,Lloyds,41283719,,Northbridge Trading Ltd Current,FPO,FPO BRIGHTPATH PRINT LTD REF 9653,9653,0.0,5527.04,-5527.04,432640.86,Brightpath Print Ltd,BRIGHTPATH PRINT LTD,,,False,Lloyds_41283719_Oct24-Mar26.csv,640
LLOYDS-Lloyds_41283719_Oct24-Mar26-641,2025-04-01,Lloyds,41283719,,Northbridge Trading Ltd Current,FPO,FPO ELLERY LEGAL LLP REF 6427,6427,0.0,3460.26,-3460.26,429180.6,Ellery Legal Llp,ELLERY LEGAL LLP,,,False,Lloyds_41283719_Oct24-Mar26.csv,641
LLOYDS-Lloyds_41283719_Oct24-Mar26-642,2025-04-01,Lloyds,41283719,,Northbridge Trading Ltd Current,SO,SO ASHCOMBE ESTATES RENT,,0.0,6250.0,-6250.0,422930.6,Ashcombe Estates,ASHCOMBE ESTATES,,,False,Lloyds_41283719_Oct24-Mar26.csv,642
LLOYDS-Lloyds_41283719_Oct24-Mar26-643,2025-04-02,Lloyds,41283719,,Northbridge Trading Ltd Current,BGC,BGC BEXLEY HOMEWARE PLC INV33508,,7944.38,-0.0,7944.38,430874.98,Bexley Homeware Plc,BEXLEY HOMEWARE PLC,,,False,Lloyds_41283719_Oct24-Mar26.csv,643
LLOYDS-Lloyds_41283719_Oct24-Mar26-644,2025-04-02,Lloyds,41283719,,Northbridge Trading Ltd Current,BGC,BGC ISLEY & CO INV81176,,5095.38,-0.0,5095.38,435970.36,Isley & Co,ISLEY AND CO,,,False,Lloyds_41283719_Oct24-Mar26.csv,644
LLOYDS-Lloyds_41283719_Oct24-Mar26-645,2025-04-02,Lloyds,41283719,,Northbridge Trading Ltd Current,BGC,BGC KINGSMEAD DISTRIBUTION INV12052,,8199.46,-0.0,8199.46,444169.82,Kingsmead Distribution,KINGSMEAD DISTRIBUTION,,,False,Lloyds_41283719_Oct24-Mar26.csv,645
LLOYDS-Lloyds_41283719_Oct24-Mar26-646,2025-04-02,Lloyds,41283719,,Northbridge Trading Ltd Current,BGC,BGC SELBY HOME STORES INV28899,,6567.58,-0.0,6567.58,450737.4,Selby Home Stores,SELBY HOME STORES,,,False,Lloyds_41283719_Oct24-Mar26.csv,646
LLOYDS-Lloyds_41283719_Oct24-Mar26-647,2025-04-02,Lloyds,41283719,,Northbridge Trading Ltd Current,FPO,FPO ASHFORD STEEL SUPPLIES REF 5903,5903,0.0,1100.33,-1100.33,449637.07,Ashford Steel Supplies,ASHFORD STEEL SUPPLIES,,,False,Lloyds_41283719_Oct24-Mar26.csv,647
LLOYDS-Lloyds_41283719_Oct24-Mar26-648,2025-04-02,Lloyds,41283719,,Northbridge Trading Ltd Current,FPO,FPO HALCYON IT SERVICES REF 7375,7375,0.0,4110.65,-4110.65,445526.42,Halcyon It Services,HALCYON IT SERVICES,,,False,Lloyds_41283719_Oct24-Mar26.csv,648
LLOYDS-Lloyds_41283719_Oct24-Mar26-649,2025-04-03,Lloyds,41283719,,Northbridge Trading Ltd Current,BGC,BGC EVERLY INTERIORS LTD INV20279,,4606.18,-0.0,4606.18,450132.6,Everly Interiors Ltd,EVERLY INTERIORS LTD,,,False,Lloyds_41283719_Oct24-Mar26.csv,649
LLOYDS-Lloyds_41283719_Oct24-Mar26-650,2025-04-03,Lloyds,41283719,,Northbridge Trading Ltd Current,BGC,BGC HEXHAM SUPPLIES LTD INV19963,,3356.62,-0.0,3356.62,453489.22,Hexham Supplies Ltd,HEXHAM SUPPLIES LTD,,,False,Lloyds_41283719_Oct24-Mar26.csv,650
LLOYDS-Lloyds_41283719_Oct24-Mar26-651,2025-04-03,Lloyds,41283719,,Northbridge Trading Ltd Current,BGC,BGC LARKHILL LTD INV17038,,1461.95,-0.0,1461.95,454951.17,Larkhill Ltd,LARKHILL LTD,,,False,Lloyds_41283719_Oct24-Mar26.csv,651
LLOYDS-Lloyds_41283719_Oct24-Mar26-652,2025-04-03,Lloyds,41283719,,Northbridge Trading Ltd Current,BGC,BGC TAMAR TRADERS INV88067,,3794.28,-0.0,3794.28,458745.45,Tamar Traders,TAMAR TRADERS,,,False,Lloyds_41283719_Oct24-Mar26.csv,652
LLOYDS-Lloyds_41283719_Oct24-Mar26-653,2025-04-03,Lloyds,41283719,,Northbridge Trading Ltd Current,FPO,FPO BT BUSINESS REF 9038,9038,0.0,1484.61,-1484.61,457260.84,Bt Business,BT BUSINESS,,,False,Lloyds_41283719_Oct24-Mar26.csv,653
LLOYDS-Lloyds_41283719_Oct24-Mar26-654,2025-04-03,Lloyds,41283719,,Northbridge Trading Ltd Current,FPO,FPO MERIDIAN PACKAGING LTD REF 5478,5478,0.0,4733.76,-4733.76,452527.08,Meridian Packaging Ltd,MERIDIAN PACKAGING LTD,,,False,Lloyds_41283719_Oct24-Mar26.csv,654
LLOYDS-Lloyds_41283719_Oct24-Mar26-655,2025-04-04,Lloyds,41283719,,Northbridge Trading Ltd Current,BGC,BGC SELBY HOME STORES INV96595,,3664.57,-0.0,3664.57,456191.65,Selby Home Stores,SELBY HOME STORES,,,False,Lloyds_41283719_Oct24-Mar26.csv,655
LLOYDS-Lloyds_41283719_Oct24-Mar26-656,2025-04-04,Lloyds,41283719,,Northbridge Trading Ltd Current,BGC,BGC TAMAR TRADERS INV48715,,6924.83,-0.0,6924.83,463116.48,Tamar Traders,TAMAR TRADERS,,,False,Lloyds_41283719_Oct24-Mar26.csv,656
LLOYDS-Lloyds_41283719_Oct24-Mar26-657,2025-04-04,Lloyds,41283719,,Northbridge Trading Ltd Current,FPO,FPO ASHFORD STEEL SUPPLIES REF 5390,5390,0.0,1052.19,-1052.19,462064.29,Ashford Steel Supplies,ASHFORD STEEL SUPPLIES,,,False,Lloyds_41283719_Oct24-Mar26.csv,657
LLOYDS-Lloyds_41283719_Oct24-Mar26-658,2025-04-07,Lloyds,41283719,,Northbridge Trading Ltd Current,BGC,BGC CASTLEFORD STORES INV10680,,8055.09,-0.0,8055.09,470119.38,Castleford Stores,CASTLEFORD STORES,,,False,Lloyds_41283719_Oct24-Mar26.csv,658
LLOYDS-Lloyds_41283719_Oct24-Mar26-659,2025-04-07,Lloyds,41283719,,Northbridge Trading Ltd Current,FPO,FPO ASHFORD STEEL SUPPLIES REF 4070,4070,0.0,2671.23,-2671.23,467448.15,Ashford Steel Supplies,ASHFORD STEEL SUPPLIES,,,False,Lloyds_41283719_Oct24-Mar26.csv,659
LLOYDS-Lloyds_41283719_Oct24-Mar26-660,2025-04-07,Lloyds,41283719,,Northbridge Trading Ltd Current,FPO,FPO HMRC VAT,,0.0,26199.05,-26199.05,441249.1,HMRC,HMRC,,,False,Lloyds_41283719_Oct24-Mar26.csv,660
LLOYDS-Lloyds_41283719_Oct24-Mar26-661,2025-04-07,Lloyds,41283719,,Northbridge Trading Ltd Current,FPO,FPO LUMEN ENERGY LTD REF 5419,5419,0.0,748.05,-748.05,440501.05,Lumen Energy Ltd,LUMEN ENERGY LTD,,,False,Lloyds_41283719_Oct24-Mar26.csv,661
BARCLAYS-Barclays_90311276_export-45,2025-04-08,Barclays,90311276,20-45-18,Northbridge Trading Ltd,,CARD PAYMENT SAGE SOFTWARE,,0.0,97.97,-97.97,24805.23,Sage Software,SAGE SOFTWARE,,,False,Barclays_90311276_export.csv,45
LLOYDS-Lloyds_41283719_Oct24-Mar26-662,2025-04-08,Lloyds,41283719,,Northbridge Trading Ltd Current,BGC,BGC LARKHILL LTD INV82642,,1425.9,-0.0,1425.9,441926.95,Larkhill Ltd,LARKHILL LTD,,,False,Lloyds_41283719_Oct24-Mar26.csv,662
LLOYDS-Lloyds_41283719_Oct24-Mar26-663,2025-04-08,Lloyds,41283719,,Northbridge Trading Ltd Current,FPO,FPO BRITISH GAS BUSINESS REF 7353,7353,0.0,4708.14,-4708.14,437218.81,British Gas Business,BRITISH GAS BUSINESS,,,False,Lloyds_41283719_Oct24-Mar26.csv,663
LLOYDS-Lloyds_41283719_Oct24-Mar26-664,2025-04-08,Lloyds,41283719,,Northbridge Trading Ltd Current,FPO,FPO KESTREL FUEL CARDS REF 7311,7311,0.0,222.19,-222.19,436996.62,Kestrel Fuel Cards,KESTREL FUEL CARDS,,,False,Lloyds_41283719_Oct24-Mar26.csv,664
LLOYDS-Lloyds_41283719_Oct24-Mar26-665,2025-04-08,Lloyds,41283719,,Northbridge Trading Ltd Current,FPO,FPO SABLE MARKETING LTD REF 4977,4977,0.0,3495.97,-3495.97,433500.65,Sable Marketing Ltd,SABLE MARKETING LTD,,,False,Lloyds_41283719_Oct24-Mar26.csv,665
BARCLAYS-Barclays_90311276_export-46,2025-04-09,Barclays,90311276,20-45-18,Northbridge Trading Ltd,,CARD PAYMENT AMAZON BUSINESS,,0.0,82.33,-82.33,24722.9,Amazon Business,AMAZON BUSINESS,,,False,Barclays_90311276_export.csv,46
BARCLAYS-Barclays_90311276_export-47,2025-04-09,Barclays,90311276,20-45-18,Northbridge Trading Ltd,,CASH WDL 09APR,,0.0,250.0,-250.0,24472.9,CASH,CASH,,,False,Barclays_90311276_export.csv,47
LLOYDS-Lloyds_41283719_Oct24-Mar26-666,2025-04-09,Lloyds,41283719,,Northbridge Trading Ltd Current,BGC,BGC NEWHAM HARDWARE INV46170,,3984.6,-0.0,3984.6,437485.25,Newham Hardware,NEWHAM HARDWARE,,,False,Lloyds_41283719_Oct24-Mar26.csv,666
LLOYDS-Lloyds_41283719_Oct24-Mar26-667,2025-04-09,Lloyds,41283719,,Northbridge Trading Ltd Current,BGC,BGC PEMBROKE LIVING INV29127,,1193.48,-0.0,1193.48,438678.73,Pembroke Living,PEMBROKE LIVING,,,False,Lloyds_41283719_Oct24-Mar26.csv,667
LLOYDS-Lloyds_41283719_Oct24-Mar26-668,2025-04-09,Lloyds,41283719,,Northbridge Trading Ltd Current,FPO,FPO ASHFORD STEEL SUPPLIES REF 6916,6916,0.0,1622.44,-1622.44,437056.29,Ashford Steel Supplies,ASHFORD STEEL SUPPLIES,,,False,Lloyds_41283719_Oct24-Mar26.csv,668
LLOYDS-Lloyds_41283719_Oct24-Mar26-669,2025-04-09,Lloyds,41283719,,Northbridge Trading Ltd Current,FPO,FPO HALCYON IT SERVICES REF 9123,9123,0.0,3623.77,-3623.77,433432.52,Halcyon It Services,HALCYON IT SERVICES,,,False,Lloyds_41283719_Oct24-Mar26.csv,669
LLOYDS-Lloyds_41283719_Oct24-Mar26-670,2025-04-10,Lloyds,41283719,,Northbridge Trading Ltd Current,BGC,BGC KINGSMEAD DISTRIBUTION INV67700,,3310.94,-0.0,3310.94,436743.46,Kingsmead Distribution,KINGSMEAD DISTRIBUTION,,,False,Lloyds_41283719_Oct24-Mar26.csv,670
LLOYDS-Lloyds_41283719_Oct24-Mar26-671,2025-04-10,Lloyds,41283719,,Northbridge Trading Ltd Current,BGC,BGC TAMAR TRADERS INV59792,,6971.8,-0.0,6971.8,443715.26,Tamar Traders,TAMAR TRADERS,,,False,Lloyds_41283719_Oct24-Mar26.csv,671
LLOYDS-Lloyds_41283719_Oct24-Mar26-672,2025-04-10,Lloyds,41283719,,Northbridge Trading Ltd Current,FPO,FPO FENWICK COMPONENTS LTD REF 8848,8848,0.0,1987.97,-1987.97,441727.29,Fenwick Components Ltd,FENWICK COMPONENTS LTD,,,False,Lloyds_41283719_Oct24-Mar26.csv,672
LLOYDS-Lloyds_41283719_Oct24-Mar26-673,2025-04-10,Lloyds,41283719,,Northbridge Trading Ltd Current,FPO,FPO OAKLINE OFFICE LTD REF 5922,5922,0.0,2025.89,-2025.89,439701.4,Oakline Office Ltd,OAKLINE OFFICE LTD,,,False,Lloyds_41283719_Oct24-Mar26.csv,673
LLOYDS-Lloyds_41283719_Oct24-Mar26-674,2025-04-10,Lloyds,41283719,,Northbridge Trading Ltd Current,FPO,FPO THAMES WATER REF 6228,6228,0.0,1854.97,-1854.97,437846.43,Thames Water,THAMES WATER,,,False,Lloyds_41283719_Oct24-Mar26.csv,674
LLOYDS-Lloyds_41283719_Oct24-Mar26-675,2025-04-11,Lloyds,41283719,,Northbridge Trading Ltd Current,BGC,BGC HEXHAM SUPPLIES LTD INV52714,,3633.23,-0.0,3633.23,441479.66,Hexham Supplies Ltd,HEXHAM SUPPLIES LTD,,,False,Lloyds_41283719_Oct24-Mar26.csv,675
LLOYDS-Lloyds_41283719_Oct24-Mar26-676,2025-04-11,Lloyds,41283719,,Northbridge Trading Ltd Current,BGC,BGC MARSDEN DIY INV57843,,1588.33,-0.0,1588.33,443067.99,Marsden Diy,MARSDEN DIY,,,False,Lloyds_41283719_Oct24-Mar26.csv,676
LLOYDS-Lloyds_41283719_Oct24-Mar26-677,2025-04-11,Lloyds,41283719,,Northbridge Trading Ltd Current,BGC,BGC SELBY HOME STORES INV36188,,5319.37,-0.0,5319.37,448387.36,Selby Home Stores,SELBY HOME STORES,,,False,Lloyds_41283719_Oct24-Mar26.csv,677
LLOYDS-Lloyds_41283719_Oct24-Mar26-678,2025-04-11,Lloyds,41283719,,Northbridge Trading Ltd Current,FPO,FPO BT BUSINESS REF 4434,4434,0.0,2714.96,-2714.96,445672.4,Bt Business,BT BUSINESS,,,False,Lloyds_41283719_Oct24-Mar26.csv,678
LLOYDS-Lloyds_41283719_Oct24-Mar26-679,2025-04-11,Lloyds,41283719,,Northbridge Trading Ltd Current,FPO,FPO PENNANT FREIGHT LTD REF 1440,1440,0.0,5725.08,-5725.08,439947.32,Pennant Freight Ltd,PENNANT FREIGHT LTD,,,False,Lloyds_41283719_Oct24-Mar26.csv,679
LLOYDS-Lloyds_41283719_Oct24-Mar26-680,2025-04-11,Lloyds,41283719,,Northbridge Trading Ltd Current,FPO,FPO STONEBRIDGE INSURANCE BROKERS REF 2133,2133,0.0,4940.95,-4940.95,435006.37,Stonebridge Insurance Brokers,STONEBRIDGE INSURANCE BROKERS,,,False,Lloyds_41283719_Oct24-Mar26.csv,680
LLOYDS-Lloyds_41283719_Oct24-Mar26-681,2025-04-14,Lloyds,41283719,,Northbridge Trading Ltd Current,BGC,BGC ORWELL FURNISHINGS LTD INV88372,,4438.03,-0.0,4438.03,439444.4,Orwell Furnishings Ltd,ORWELL FURNISHINGS LTD,,,False,Lloyds_41283719_Oct24-Mar26.csv,681
LLOYDS-Lloyds_41283719_Oct24-Mar26-682,2025-04-14,Lloyds,41283719,,Northbridge Trading Ltd Current,DD,DD BRITISH GAS BUSINESS,,0.0,639.87,-639.87,438804.53,British Gas Business,BRITISH GAS BUSINESS,,,False,Lloyds_41283719_Oct24-Mar26.csv,682
LLOYDS-Lloyds_41283719_Oct24-Mar26-683,2025-04-14,Lloyds,41283719,,Northbridge Trading Ltd Current,DD,DD BT BUSINESS,,0.0,358.89,-358.89,438445.64,Bt Business,BT BUSINESS,,,False,Lloyds_41283719_Oct24-Mar26.csv,683
LLOYDS-Lloyds_41283719_Oct24-Mar26-684,2025-04-14,Lloyds,41283719,,Northbridge Trading Ltd Current,DD,DD LUMEN ENERGY LTD,,0.0,1173.31,-1173.31,437272.33,Lumen Energy Ltd,LUMEN ENERGY LTD,,,False,Lloyds_41283719_Oct24-Mar26.csv,684
LLOYDS-Lloyds_41283719_Oct24-Mar26-685,2025-04-14,Lloyds,41283719,,Northbridge Trading Ltd Current,DD,DD THAMES WATER,,0.0,223.6,-223.6,437048.73,Thames Water,THAMES WATER,,,False,Lloyds_41283719_Oct24-Mar26.csv,685
LLOYDS-Lloyds_41283719_Oct24-Mar26-686,2025-04-14,Lloyds,41283719,,Northbridge Trading Ltd Current,FPO,FPO BRITISH GAS BUSINESS REF 9907,9907,0.0,365.08,-365.08,436683.65,British Gas Business,BRITISH GAS BUSINESS,,,False,Lloyds_41283719_Oct24-Mar26.csv,686
LLOYDS-Lloyds_41283719_Oct24-Mar26-687,2025-04-14,Lloyds,41283719,,Northbridge Trading Ltd Current,FPO,FPO SABLE MARKETING LTD REF 9300,9300,0.0,5552.45,-5552.45,431131.2,Sable Marketing Ltd,SABLE MARKETING LTD,,,False,Lloyds_41283719_Oct24-Mar26.csv,687
BARCLAYS-Barclays_90311276_export-48,2025-04-15,Barclays,90311276,20-45-18,Northbridge Trading Ltd,,TFR FROM 30-96-26 41283719,,4000.0,0.0,4000.0,28472.9,Northbridge Trading Ltd,NORTHBRIDGE TRADING LTD,30-96-26,41283719,True,Barclays_90311276_export.csv,48
LLOYDS-Lloyds_41283719_Oct24-Mar26-688,2025-04-15,Lloyds,41283719,,Northbridge Trading Ltd Current,BGC,BGC DENBY GARDEN CENTRES INV42536,,5829.29,-0.0,5829.29,436960.49,Denby Garden Centres,DENBY GARDEN CENTRES,,,False,Lloyds_41283719_Oct24-Mar26.csv,688
LLOYDS-Lloyds_41283719_Oct24-Mar26-689,2025-04-15,Lloyds,41283719,,Northbridge Trading Ltd Current,BGC,BGC LARKHILL LTD INV31802,,5746.6,-0.0,5746.6,442707.09,Larkhill Ltd,LARKHILL LTD,,,False,Lloyds_41283719_Oct24-Mar26.csv,689
LLOYDS-Lloyds_41283719_Oct24-Mar26-690,2025-04-15,Lloyds,41283719,,Northbridge Trading Ltd Current,BGC,BGC TAMAR TRADERS INV93647,,7832.33,-0.0,7832.33,450539.42,Tamar Traders,TAMAR TRADERS,,,False,Lloyds_41283719_Oct24-Mar26.csv,690
LLOYDS-Lloyds_41283719_Oct24-Mar26-691,2025-04-15,Lloyds,41283719,,Northbridge Trading Ltd Current,FPO,FPO CARROW SECURITY LTD REF 7547,7547,0.0,5805.85,-5805.85,444733.57,Carrow Security Ltd,CARROW SECURITY LTD,,,False,Lloyds_41283719_Oct24-Mar26.csv,691
LLOYDS-Lloyds_41283719_Oct24-Mar26-692,2025-04-15,Lloyds,41283719,,Northbridge Trading Ltd Current,TFR,TFR TO 20-45-18 90311276,,0.0,4000.0,-4000.0,440733.57,Northbridge Trading Ltd,NORTHBRIDGE TRADING LTD,20-45-18,90311276,True,Lloyds_41283719_Oct24-Mar26.csv,692
LLOYDS-Lloyds_41283719_Oct24-Mar26-693,2025-04-16,Lloyds,41283719,,Northbridge Trading Ltd Current,BGC,BGC ALDERTON RETAIL LTD INV22924,,2718.16,-0.0,2718.16,443451.73,Alderton Retail Ltd,ALDERTON RETAIL LTD,,,False,Lloyds_41283719_Oct24-Mar26.csv,693
LLOYDS-Lloyds_41283719_Oct24-Mar26-694,2025-04-16,Lloyds,41283719,,Northbridge Trading Ltd Current,FPO,FPO CARROW SECURITY LTD REF 9199,9199,0.0,1031.86,-1031.86,442419.87,Carrow Security Ltd,CARROW SECURITY LTD,,,False,Lloyds_41283719_Oct24-Mar26.csv,694
LLOYDS-Lloyds_41283719_Oct24-Mar26-695,2025-04-16,Lloyds,41283719,,Northbridge Trading Ltd Current,FPO,FPO RIDLEY TOOLS LTD REF 4621,4621,0.0,2757.8,-2757.8,439662.07,Ridley Tools Ltd,RIDLEY TOOLS LTD,,,False,Lloyds_41283719_Oct24-Mar26.csv,695
LLOYDS-Lloyds_41283719_Oct24-Mar26-696,2025-04-16,Lloyds,41283719,,Northbridge Trading Ltd Current,FPO,FPO THAMES WATER REF 8586,8586,0.0,4668.2,-4668.2,434993.87,Thames Water,THAMES WATER,,,False,Lloyds_41283719_Oct24-Mar26.csv,696
LLOYDS-Lloyds_41283719_Oct24-Mar26-697,2025-04-17,Lloyds,41283719,,Northbridge Trading Ltd Current,BGC,BGC EVERLY INTERIORS LTD INV55656,,3132.74,-0.0,3132.74,438126.61,Everly Interiors Ltd,EVERLY INTERIORS LTD,,,False,Lloyds_41283719_Oct24-Mar26.csv,697
LLOYDS-Lloyds_41283719_Oct24-Mar26-698,2025-04-17,Lloyds,41283719,,Northbridge Trading Ltd Current,BGC,BGC NEWHAM HARDWARE INV21253,,1605.34,-0.0,1605.34,439731.95,Newham Hardware,NEWHAM HARDWARE,,,False,Lloyds_41283719_Oct24-Mar26.csv,698
LLOYDS-Lloyds_41283719_Oct24-Mar26-699,2025-04-17,Lloyds,41283719,,Northbridge Trading Ltd Current,FPO,FPO FENWICK COMPONENTS LTD REF 9537,9537,0.0,2975.12,-2975.12,436756.83,Fenwick Components Ltd,FENWICK COMPONENTS LTD,,,False,Lloyds_41283719_Oct24-Mar26.csv,699
LLOYDS-Lloyds_41283719_Oct24-Mar26-700,2025-04-17,Lloyds,41283719,,Northbridge Trading Ltd Current,FPO,FPO VODAFONE BUSINESS REF 2599,2599,0.0,2713.27,-2713.27,434043.56,Vodafone Business,VODAFONE BUSINESS,,,False,Lloyds_41283719_Oct24-Mar26.csv,700
BARCLAYS-Barclays_90311276_export-49,2025-04-18,Barclays,90311276,20-45-18,Northbridge Trading Ltd,,CARD PAYMENT SAGE SOFTWARE,,0.0,460.89,-460.89,28012.01,Sage Software,SAGE SOFTWARE,,,False,Barclays_90311276_export.csv,49
LLOYDS-Lloyds_41283719_Oct24-Mar26-701,2025-04-18,Lloyds,41283719,,Northbridge Trading Ltd Current,BGC,BGC BEXLEY HOMEWARE PLC INV25084,,876.16,-0.0,876.16,434919.72,Bexley Homeware Plc,BEXLEY HOMEWARE PLC,,,False,Lloyds_41283719_Oct24-Mar26.csv,701
LLOYDS-Lloyds_41283719_Oct24-Mar26-702,2025-04-18,Lloyds,41283719,,Northbridge Trading Ltd Current,BGC,BGC KINGSMEAD DISTRIBUTION INV94930,,1553.03,-0.0,1553.03,436472.75,Kingsmead Distribution,KINGSMEAD DISTRIBUTION,,,False,Lloyds_41283719_Oct24-Mar26.csv,702
LLOYDS-Lloyds_41283719_Oct24-Mar26-703,2025-04-18,Lloyds,41283719,,Northbridge Trading Ltd Current,FPO,FPO HALCYON IT SERVICES REF 9454,9454,0.0,1170.55,-1170.55,435302.2,Halcyon It Services,HALCYON IT SERVICES,,,False,Lloyds_41283719_Oct24-Mar26.csv,703
LLOYDS-Lloyds_41283719_Oct24-Mar26-704,2025-04-21,Lloyds,41283719,,Northbridge Trading Ltd Current,BGC,BGC GLENMORE TRADING INV36972,,2871.09,-0.0,2871.09,438173.29,Glenmore Trading,GLENMORE TRADING,,,False,Lloyds_41283719_Oct24-Mar26.csv,704
LLOYDS-Lloyds_41283719_Oct24-Mar26-705,2025-04-21,Lloyds,41283719,,Northbridge Trading Ltd Current,BGC,BGC NEWHAM HARDWARE INV60965,,734.71,-0.0,734.71,438908.0,Newham Hardware,NEWHAM HARDWARE,,,False,Lloyds_41283719_Oct24-Mar26.csv,705
LLOYDS-Lloyds_41283719_Oct24-Mar26-706,2025-04-21,Lloyds,41283719,,Northbridge Trading Ltd Current,BGC,BGC NEWHAM HARDWARE INV61849,,927.7,-0.0,927.7,439835.7,Newham Hardware,NEWHAM HARDWARE,,,False,Lloyds_41283719_Oct24-Mar26.csv,706
LLOYDS-Lloyds_41283719_Oct24-Mar26-707,2025-04-21,Lloyds,41283719,,Northbridge Trading Ltd Current,BGC,BGC TAMAR TRADERS INV35863,,4206.69,-0.0,4206.69,444042.39,Tamar Traders,TAMAR TRADERS,,,False,Lloyds_41283719_Oct24-Mar26.csv,707
LLOYDS-Lloyds_41283719_Oct24-Mar26-708,2025-04-21,Lloyds,41283719,,Northbridge Trading Ltd Current,FPO,FPO CARROW SECURITY LTD REF 2667,2667,0.0,4827.09,-4827.09,439215.3,Carrow Security Ltd,CARROW SECURITY LTD,,,False,Lloyds_41283719_Oct24-Mar26.csv,708
LLOYDS-Lloyds_41283719_Oct24-Mar26-709,2025-04-21,Lloyds,41283719,,Northbridge Trading Ltd Current,TFR,TFR TO 60-12-44 77120931,,0.0,56000.0,-56000.0,383215.3,Northbridge Trading Ltd,NORTHBRIDGE TRADING LTD,60-12-44,77120931,True,Lloyds_41283719_Oct24-Mar26.csv,709
NATWEST-NatWest_77120931_statement-102,2025-04-21,NatWest,77120931,,Northbridge Trading Ltd,TFR,TFR FROM 30-96-26 41283719,,56000.0,0.0,56000.0,137506.55,Northbridge Trading Ltd,NORTHBRIDGE TRADING LTD,30-96-26,41283719,True,NatWest_77120931_statement.xlsx,102
LLOYDS-Lloyds_41283719_Oct24-Mar26-710,2025-04-22,Lloyds,41283719,,Northbridge Trading Ltd Current,BGC,BGC ORWELL FURNISHINGS LTD INV24936,,2746.36,-0.0,2746.36,385961.66,Orwell Furnishings Ltd,ORWELL FURNISHINGS LTD,,,False,Lloyds_41283719_Oct24-Mar26.csv,710
LLOYDS-Lloyds_41283719_Oct24-Mar26-711,2025-04-22,Lloyds,41283719,,Northbridge Trading Ltd Current,BGC,BGC PEMBROKE LIVING INV79168,,8234.15,-0.0,8234.15,394195.81,Pembroke Living,PEMBROKE LIVING,,,False,Lloyds_41283719_Oct24-Mar26.csv,711
LLOYDS-Lloyds_41283719_Oct24-Mar26-712,2025-04-22,Lloyds,41283719,,Northbridge Trading Ltd Current,FPO,FPO CARROW SECURITY LTD REF 2871,2871,0.0,2185.36,-2185.36,392010.45,Carrow Security Ltd,CARROW SECURITY LTD,,,False,Lloyds_41283719_Oct24-Mar26.csv,712
LLOYDS-Lloyds_41283719_Oct24-Mar26-713,2025-04-22,Lloyds,41283719,,Northbridge Trading Ltd Current,FPO,FPO WEXFORD CATERING LTD REF 7367,7367,0.0,3726.15,-3726.15,388284.3,Wexford Catering Ltd,WEXFORD CATERING LTD,,,False,Lloyds_41283719_Oct24-Mar26.csv,713
NATWEST-NatWest_77120931_statement-103,2025-04-22,NatWest,77120931,,Northbridge Trading Ltd,FPO,FPO HMRC PAYE 0425,,0.0,11778.13,-11778.13,125728.42,HMRC,HMRC,,,False,NatWest_77120931_statement.xlsx,103
LLOYDS-Lloyds_41283719_Oct24-Mar26-714,2025-04-23,Lloyds,41283719,,Northbridge Trading Ltd Current,BGC,BGC EVERLY INTERIORS LTD INV51049,,1619.32,-0.0,1619.32,389903.62,Everly Interiors Ltd,EVERLY INTERIORS LTD,,,False,Lloyds_41283719_Oct24-Mar26.csv,714
LLOYDS-Lloyds_41283719_Oct24-Mar26-715,2025-04-23,Lloyds,41283719,,Northbridge Trading Ltd Current,BGC,BGC EVERLY INTERIORS LTD INV76954,,3730.01,-0.0,3730.01,393633.63,Everly Interiors Ltd,EVERLY INTERIORS LTD,,,False,Lloyds_41283719_Oct24-Mar26.csv,715
LLOYDS-Lloyds_41283719_Oct24-Mar26-716,2025-04-23,Lloyds,41283719,,Northbridge Trading Ltd Current,BGC,BGC JARROW BUILDERS MERCHANTS INV25328,,2127.75,-0.0,2127.75,395761.38,Jarrow Builders Merchants,JARROW BUILDERS MERCHANTS,,,False,Lloyds_41283719_Oct24-Mar26.csv,716
LLOYDS-Lloyds_41283719_Oct24-Mar26-717,2025-04-23,Lloyds,41283719,,Northbridge Trading Ltd Current,BGC,BGC JARROW BUILDERS MERCHANTS INV90541,,5303.31,-0.0,5303.31,401064.69,Jarrow Builders Merchants,JARROW BUILDERS MERCHANTS,,,False,Lloyds_41283719_Oct24-Mar26.csv,717
LLOYDS-Lloyds_41283719_Oct24-Mar26-718,2025-04-23,Lloyds,41283719,,Northbridge Trading Ltd Current,FPO,FPO ELLERY LEGAL LLP REF 3838,3838,0.0,3396.24,-3396.24,397668.45,Ellery Legal Llp,ELLERY LEGAL LLP,,,False,Lloyds_41283719_Oct24-Mar26.csv,718
LLOYDS-Lloyds_41283719_Oct24-Mar26-719,2025-04-23,Lloyds,41283719,,Northbridge Trading Ltd Current,FPO,FPO OAKLINE OFFICE LTD REF 7286,7286,0.0,2624.78,-2624.78,395043.67,Oakline Office Ltd,OAKLINE OFFICE LTD,,,False,Lloyds_41283719_Oct24-Mar26.csv,719
LLOYDS-Lloyds_41283719_Oct24-Mar26-720,2025-04-23,Lloyds,41283719,,Northbridge Trading Ltd Current,FPO,FPO VODAFONE BUSINESS REF 9804,9804,0.0,4206.58,-4206.58,390837.09,Vodafone Business,VODAFONE BUSINESS,,,False,Lloyds_41283719_Oct24-Mar26.csv,720
LLOYDS-Lloyds_41283719_Oct24-Mar26-721,2025-04-24,Lloyds,41283719,,Northbridge Trading Ltd Current,BGC,BGC LARKHILL LTD INV11256,,4479.95,-0.0,4479.95,395317.04,Larkhill Ltd,LARKHILL LTD,,,False,Lloyds_41283719_Oct24-Mar26.csv,721
LLOYDS-Lloyds_41283719_Oct24-Mar26-722,2025-04-24,Lloyds,41283719,,Northbridge Trading Ltd Current,BGC,BGC ORWELL FURNISHINGS LTD INV91187,,1118.17,-0.0,1118.17,396435.21,Orwell Furnishings Ltd,ORWELL FURNISHINGS LTD,,,False,Lloyds_41283719_Oct24-Mar26.csv,722
LLOYDS-Lloyds_41283719_Oct24-Mar26-723,2025-04-24,Lloyds,41283719,,Northbridge Trading Ltd Current,FPO,FPO THAMES WATER REF 9281,9281,0.0,3970.46,-3970.46,392464.75,Thames Water,THAMES WATER,,,False,Lloyds_41283719_Oct24-Mar26.csv,723
LLOYDS-Lloyds_41283719_Oct24-Mar26-724,2025-04-25,Lloyds,41283719,,Northbridge Trading Ltd Current,BGC,BGC HEXHAM SUPPLIES LTD INV48284,,955.02,-0.0,955.02,393419.77,Hexham Supplies Ltd,HEXHAM SUPPLIES LTD,,,False,Lloyds_41283719_Oct24-Mar26.csv,724
LLOYDS-Lloyds_41283719_Oct24-Mar26-725,2025-04-25,Lloyds,41283719,,Northbridge Trading Ltd Current,BGC,BGC HEXHAM SUPPLIES LTD INV80465,,2951.63,-0.0,2951.63,396371.4,Hexham Supplies Ltd,HEXHAM SUPPLIES LTD,,,False,Lloyds_41283719_Oct24-Mar26.csv,725
LLOYDS-Lloyds_41283719_Oct24-Mar26-726,2025-04-25,Lloyds,41283719,,Northbridge Trading Ltd Current,BGC,BGC ORWELL FURNISHINGS LTD INV74054,,2004.58,-0.0,2004.58,398375.98,Orwell Furnishings Ltd,ORWELL FURNISHINGS LTD,,,False,Lloyds_41283719_Oct24-Mar26.csv,726
LLOYDS-Lloyds_41283719_Oct24-Mar26-727,2025-04-25,Lloyds,41283719,,Northbridge Trading Ltd Current,BGC,BGC SELBY HOME STORES INV14044,,6907.87,-0.0,6907.87,405283.85,Selby Home Stores,SELBY HOME STORES,,,False,Lloyds_41283719_Oct24-Mar26.csv,727
LLOYDS-Lloyds_41283719_Oct24-Mar26-728,2025-04-25,Lloyds,41283719,,Northbridge Trading Ltd Current,FPO,FPO BRIGHTPATH PRINT LTD REF 2871,2871,0.0,1717.15,-1717.15,403566.7,Brightpath Print Ltd,BRIGHTPATH PRINT LTD,,,False,Lloyds_41283719_Oct24-Mar26.csv,728
LLOYDS-Lloyds_41283719_Oct24-Mar26-729,2025-04-25,Lloyds,41283719,,Northbridge Trading Ltd Current,FPO,FPO CARROW SECURITY LTD REF 9115,9115,0.0,3365.9,-3365.9,400200.8,Carrow Security Ltd,CARROW SECURITY LTD,,,False,Lloyds_41283719_Oct24-Mar26.csv,729
NATWEST-NatWest_77120931_statement-104,2025-04-25,NatWest,77120931,,Northbridge Trading Ltd,FPO,FPO A PATEL SALARY APR25,,0.0,3584.52,-3584.52,122143.9,A Patel,A PATEL,,,False,NatWest_77120931_statement.xlsx,104
NATWEST-NatWest_77120931_statement-105,2025-04-25,NatWest,77120931,,Northbridge Trading Ltd,FPO,FPO C WALSH SALARY APR25,,0.0,3151.18,-3151.18,118992.72,C Walsh,C WALSH,,,False,NatWest_77120931_statement.xlsx,105
NATWEST-NatWest_77120931_statement-106,2025-04-25,NatWest,77120931,,Northbridge Trading Ltd,FPO,FPO D O'BRIEN SALARY APR25,,0.0,3011.24,-3011.24,115981.48,D O'Brien,D O'BRIEN,,,False,NatWest_77120931_statement.xlsx,106
NATWEST-NatWest_77120931_statement-107,2025-04-25,NatWest,77120931,,Northbridge Trading Ltd,FPO,FPO E MORGAN SALARY APR25,,0.0,2271.52,-2271.52,113709.96,E Morgan,E MORGAN,,,False,NatWest_77120931_statement.xlsx,107
NATWEST-NatWest_77120931_statement-108,2025-04-25,NatWest,77120931,,Northbridge Trading Ltd,FPO,FPO H SCHMIDT SALARY APR25,,0.0,2320.8,-2320.8,111389.16,H Schmidt,H SCHMIDT,,,False,NatWest_77120931_statement.xlsx,108
NATWEST-NatWest_77120931_statement-109,2025-04-25,NatWest,77120931,,Northbridge Trading Ltd,FPO,FPO J SMITH SALARY APR25,,0.0,4200.0,-4200.0,107189.16,J Smith,J SMITH,,,False,NatWest_77120931_statement.xlsx,109
NATWEST-NatWest_77120931_statement-110,2025-04-25,NatWest,77120931,,Northbridge Trading Ltd,FPO,FPO J TAYLOR SALARY APR25,,0.0,1954.79,-1954.79,105234.37,J Taylor,J TAYLOR,,,False,NatWest_77120931_statement.xlsx,110
NATWEST-NatWest_77120931_statement-111,2025-04-25,NatWest,77120931,,Northbridge Trading Ltd,FPO,FPO L KOWALSKI SALARY APR25,,0.0,3186.54,-3186.54,102047.83,L Kowalski,L KOWALSKI,,,False,NatWest_77120931_statement.xlsx,111
NATWEST-NatWest_77120931_statement-112,2025-04-25,NatWest,77120931,,Northbridge Trading Ltd,FPO,FPO M HUGHES SALARY APR25,,0.0,3192.01,-3192.01,98855.82,M Hughes,M HUGHES,,,False,NatWest_77120931_statement.xlsx,112
NATWEST-NatWest_77120931_statement-113,2025-04-25,NatWest,77120931,,Northbridge Trading Ltd,FPO,FPO P SINGH SALARY APR25,,0.0,3387.18,-3387.18,95468.64,P Singh,P SINGH,,,False,NatWest_77120931_statement.xlsx,113
NATWEST-NatWest_77120931_statement-114,2025-04-25,NatWest,77120931,,Northbridge Trading Ltd,FPO,FPO R DAVIES SALARY APR25,,0.0,2650.32,-2650.32,92818.32,R Davies,R DAVIES,,,False,NatWest_77120931_statement.xlsx,114
NATWEST-NatWest_77120931_statement-115,2025-04-25,NatWest,77120931,,Northbridge Trading Ltd,FPO,FPO S OKAFOR SALARY APR25,,0.0,2821.47,-2821.47,89996.85,S Okafor,S OKAFOR,,,False,NatWest_77120931_statement.xlsx,115
NATWEST-NatWest_77120931_statement-116,2025-04-25,NatWest,77120931,,Northbridge Trading Ltd,FPO,FPO T NGUYEN SALARY APR25,,0.0,2622.76,-2622.76,87374.09,T Nguyen,T NGUYEN,,,False,NatWest_77120931_statement.xlsx,116
LLOYDS-Lloyds_41283719_Oct24-Mar26-730,2025-04-28,Lloyds,41283719,,Northbridge Trading Ltd Current,BGC,BGC HEXHAM SUPPLIES LTD INV37509,,7023.48,-0.0,7023.48,407224.28,Hexham Supplies Ltd,HEXHAM SUPPLIES LTD,,,False,Lloyds_41283719_Oct24-Mar26.csv,730
LLOYDS-Lloyds_41283719_Oct24-Mar26-731,2025-04-28,Lloyds,41283719,,Northbridge Trading Ltd Current,DEB,ACCOUNT FEE,,0.0,39.21,-39.21,407185.07,Lloyds,LLOYDS,,,False,Lloyds_41283719_Oct24-Mar26.csv,731
LLOYDS-Lloyds_41283719_Oct24-Mar26-732,2025-04-28,Lloyds,41283719,,Northbridge Trading Ltd Current,FPO,FPO COASTLINE LOGISTICS LTD REF 6747,6747,0.0,3263.84,-3263.84,403921.23,Coastline Logistics Ltd,COASTLINE LOGISTICS LTD,,,False,Lloyds_41283719_Oct24-Mar26.csv,732
LLOYDS-Lloyds_41283719_Oct24-Mar26-733,2025-04-28,Lloyds,41283719,,Northbridge Trading Ltd Current,FPO,FPO LUMEN ENERGY LTD REF 8015,8015,0.0,1120.99,-1120.99,402800.24,Lumen Energy Ltd,LUMEN ENERGY LTD,,,False,Lloyds_41283719_Oct24-Mar26.csv,733
LLOYDS-Lloyds_41283719_Oct24-Mar26-734,2025-04-28,Lloyds,41283719,,Northbridge Trading Ltd Current,FPO,FPO OAKLINE OFFICE LTD REF 4385,4385,0.0,4909.15,-4909.15,397891.09,Oakline Office Ltd,OAKLINE OFFICE LTD,,,False,Lloyds_41283719_Oct24-Mar26.csv,734
NATWEST-NatWest_77120931_statement-117,2025-04-28,NatWest,77120931,,Northbridge Trading Ltd,DEB,ACCOUNT CHARGES,,0.0,39.58,-39.58,87334.51,NatWest,NATWEST,,,False,NatWest_77120931_statement.xlsx,117
LLOYDS-Lloyds_41283719_Oct24-Mar26-735,2025-04-29,Lloyds,41283719,,Northbridge Trading Ltd Current,BGC,BGC DENBY GARDEN CENTRES INV27771,,8209.62,-0.0,8209.62,406100.71,Denby Garden Centres,DENBY GARDEN CENTRES,,,False,Lloyds_41283719_Oct24-Mar26.csv,735
LLOYDS-Lloyds_41283719_Oct24-Mar26-736,2025-04-29,Lloyds,41283719,,Northbridge Trading Ltd Current,BGC,BGC ISLEY & CO INV77425,,8386.81,-0.0,8386.81,414487.52,Isley & Co,ISLEY AND CO,,,False,Lloyds_41283719_Oct24-Mar26.csv,736
LLOYDS-Lloyds_41283719_Oct24-Mar26-737,2025-04-29,Lloyds,41283719,,Northbridge Trading Ltd Current,BGC,BGC NEWHAM HARDWARE INV17770,,8441.39,-0.0,8441.39,422928.91,Newham Hardware,NEWHAM HARDWARE,,,False,Lloyds_41283719_Oct24-Mar26.csv,737
LLOYDS-Lloyds_41283719_Oct24-Mar26-738,2025-04-29,Lloyds,41283719,,Northbridge Trading Ltd Current,FPO,FPO OAKLINE OFFICE LTD REF 5090,5090,0.0,1005.52,-1005.52,421923.39,Oakline Office Ltd,OAKLINE OFFICE LTD,,,False,Lloyds_41283719_Oct24-Mar26.csv,738
LLOYDS-Lloyds_41283719_Oct24-Mar26-739,2025-04-30,Lloyds,41283719,,Northbridge Trading Ltd Current,BGC,BGC CASTLEFORD STORES INV62802,,4721.79,-0.0,4721.79,426645.18,Castleford Stores,CASTLEFORD STORES,,,False,Lloyds_41283719_Oct24-Mar26.csv,739
LLOYDS-Lloyds_41283719_Oct24-Mar26-740,2025-04-30,Lloyds,41283719,,Northbridge Trading Ltd Current,BGC,BGC ISLEY & CO INV92288,,3930.96,-0.0,3930.96,430576.14,Isley & Co,ISLEY AND CO,,,False,Lloyds_41283719_Oct24-Mar26.csv,740
LLOYDS-Lloyds_41283719_Oct24-Mar26-741,2025-04-30,Lloyds,41283719,,Northbridge Trading Ltd Current,BGC,BGC MARSDEN DIY INV74154,,1808.94,-0.0,1808.94,432385.08,Marsden Diy,MARSDEN DIY,,,False,Lloyds_41283719_Oct24-Mar26.csv,741
LLOYDS-Lloyds_41283719_Oct24-Mar26-742,2025-04-30,Lloyds,41283719,,Northbridge Trading Ltd Current,BGC,BGC ORWELL FURNISHINGS LTD INV19898,,5642.3,-0.0,5642.3,438027.38,Orwell Furnishings Ltd,ORWELL FURNISHINGS LTD,,,False,Lloyds_41283719_Oct24-Mar26.csv,742
LLOYDS-Lloyds_41283719_Oct24-Mar26-743,2025-04-30,Lloyds,41283719,,Northbridge Trading Ltd Current,FPO,FPO KESTREL FUEL CARDS REF 1040,1040,0.0,5233.11,-5233.11,432794.27,Kestrel Fuel Cards,KESTREL FUEL CARDS,,,False,Lloyds_41283719_Oct24-Mar26.csv,743
LLOYDS-Lloyds_41283719_Oct24-Mar26-744,2025-04-30,Lloyds,41283719,,Northbridge Trading Ltd Current,FPO,FPO LUMEN ENERGY LTD REF 8449,8449,0.0,5708.99,-5708.99,427085.28,Lumen Energy Ltd,LUMEN ENERGY LTD,,,False,Lloyds_41283719_Oct24-Mar26.csv,744
LLOYDS-Lloyds_41283719_Oct24-Mar26-745,2025-05-01,Lloyds,41283719,,Northbridge Trading Ltd Current,BGC,BGC GLENMORE TRADING INV74843,,2794.59,-0.0,2794.59,429879.87,Glenmore Trading,GLENMORE TRADING,,,False,Lloyds_41283719_Oct24-Mar26.csv,745
LLOYDS-Lloyds_41283719_Oct24-Mar26-746,2025-05-01,Lloyds,41283719,,Northbridge Trading Ltd Current,BGC,BGC LARKHILL LTD INV18300,,6906.29,-0.0,6906.29,436786.16,Larkhill Ltd,LARKHILL LTD,,,False,Lloyds_41283719_Oct24-Mar26.csv,746
LLOYDS-Lloyds_41283719_Oct24-Mar26-747,2025-05-01,Lloyds,41283719,,Northbridge Trading Ltd Current,BGC,BGC MARSDEN DIY INV38551,,8251.4,-0.0,8251.4,445037.56,Marsden Diy,MARSDEN DIY,,,False,Lloyds_41283719_Oct24-Mar26.csv,747
LLOYDS-Lloyds_41283719_Oct24-Mar26-748,2025-05-01,Lloyds,41283719,,Northbridge Trading Ltd Current,DD,DD HARTWELL FINANCE PLC,,0.0,3180.4,-3180.4,441857.16,Hartwell Finance plc,HARTWELL FINANCE PLC,,,False,Lloyds_41283719_Oct24-Mar26.csv,748
LLOYDS-Lloyds_41283719_Oct24-Mar26-749,2025-05-01,Lloyds,41283719,,Northbridge Trading Ltd Current,FPO,FPO CARROW SECURITY LTD REF 8951,8951,0.0,4761.58,-4761.58,437095.58,Carrow Security Ltd,CARROW SECURITY LTD,,,False,Lloyds_41283719_Oct24-Mar26.csv,749
LLOYDS-Lloyds_41283719_Oct24-Mar26-750,2025-05-01,Lloyds,41283719,,Northbridge Trading Ltd Current,FPO,FPO KESTREL FUEL CARDS REF 9967,9967,0.0,3530.91,-3530.91,433564.67,Kestrel Fuel Cards,KESTREL FUEL CARDS,,,False,Lloyds_41283719_Oct24-Mar26.csv,750
LLOYDS-Lloyds_41283719_Oct24-Mar26-751,2025-05-01,Lloyds,41283719,,Northbridge Trading Ltd Current,SO,SO ASHCOMBE ESTATES RENT,,0.0,6250.0,-6250.0,427314.67,Ashcombe Estates,ASHCOMBE ESTATES,,,False,Lloyds_41283719_Oct24-Mar26.csv,751
LLOYDS-Lloyds_41283719_Oct24-Mar26-752,2025-05-02,Lloyds,41283719,,Northbridge Trading Ltd Current,BGC,BGC DENBY GARDEN CENTRES INV92074,,6814.34,-0.0,6814.34,434129.01,Denby Garden Centres,DENBY GARDEN CENTRES,,,False,Lloyds_41283719_Oct24-Mar26.csv,752
LLOYDS-Lloyds_41283719_Oct24-Mar26-753,2025-05-02,Lloyds,41283719,,Northbridge Trading Ltd Current,FPO,FPO MERIDIAN PACKAGING LTD REF 3035,3035,0.0,5587.18,-5587.18,428541.83,Meridian Packaging Ltd,MERIDIAN PACKAGING LTD,,,False,Lloyds_41283719_Oct24-Mar26.csv,753
LLOYDS-Lloyds_41283719_Oct24-Mar26-754,2025-05-02,Lloyds,41283719,,Northbridge Trading Ltd Current,FPO,FPO PENNANT FREIGHT LTD REF 8230,8230,0.0,2820.63,-2820.63,425721.2,Pennant Freight Ltd,PENNANT FREIGHT LTD,,,False,Lloyds_41283719_Oct24-Mar26.csv,754
BARCLAYS-Barclays_90311276_export-50,2025-05-05,Barclays,90311276,20-45-18,Northbridge Trading Ltd,,CARD PAYMENT TRAVIS PERKINS,,0.0,258.94,-258.94,27753.07,Travis Perkins,TRAVIS PERKINS,,,False,Barclays_90311276_export.csv,50
LLOYDS-Lloyds_41283719_Oct24-Mar26-755,2025-05-05,Lloyds,41283719,,Northbridge Trading Ltd Current,BGC,BGC FAIRBANK WHOLESALE INV16787,,3791.46,-0.0,3791.46,429512.66,Fairbank Wholesale,FAIRBANK WHOLESALE,,,False,Lloyds_41283719_Oct24-Mar26.csv,755
LLOYDS-Lloyds_41283719_Oct24-Mar26-756,2025-05-05,Lloyds,41283719,,Northbridge Trading Ltd Current,BGC,BGC ISLEY & CO INV20803,,3600.38,-0.0,3600.38,433113.04,Isley & Co,ISLEY AND CO,,,False,Lloyds_41283719_Oct24-Mar26.csv,756
LLOYDS-Lloyds_41283719_Oct24-Mar26-757,2025-05-05,Lloyds,41283719,,Northbridge Trading Ltd Current,BGC,BGC ISLEY & CO INV22234,,5805.79,-0.0,5805.79,438918.83,Isley & Co,ISLEY AND CO,,,False,Lloyds_41283719_Oct24-Mar26.csv,757
LLOYDS-Lloyds_41283719_Oct24-Mar26-758,2025-05-05,Lloyds,41283719,,Northbridge Trading Ltd Current,BGC,BGC JARROW BUILDERS MERCHANTS INV30837,,7520.5,-0.0,7520.5,446439.33,Jarrow Builders Merchants,JARROW BUILDERS MERCHANTS,,,False,Lloyds_41283719_Oct24-Mar26.csv,758
LLOYDS-Lloyds_41283719_Oct24-Mar26-759,2025-05-05,Lloyds,41283719,,Northbridge Trading Ltd Current,FPO,FPO BRIGHTPATH PRINT LTD REF 1017,1017,0.0,1398.51,-1398.51,445040.82,Brightpath Print Ltd,BRIGHTPATH PRINT LTD,,,False,Lloyds_41283719_Oct24-Mar26.csv,759
LLOYDS-Lloyds_41283719_Oct24-Mar26-760,2025-05-05,Lloyds,41283719,,Northbridge Trading Ltd Current,FPO,FPO HALCYON IT SERVICES REF 8032,8032,0.0,3984.59,-3984.59,441056.23,Halcyon It Services,HALCYON IT SERVICES,,,False,Lloyds_41283719_Oct24-Mar26.csv,760
BARCLAYS-Barclays_90311276_export-51,2025-05-06,Barclays,90311276,20-45-18,Northbridge Trading Ltd,,CARD PAYMENT DHL EXPRESS,,0.0,189.08,-189.08,27563.99,Dhl Express,DHL EXPRESS,,,False,Barclays_90311276_export.csv,51
LLOYDS-Lloyds_41283719_Oct24-Mar26-761,2025-05-06,Lloyds,41283719,,Northbridge Trading Ltd Current,BGC,BGC KINGSMEAD DISTRIBUTION INV25806,,8407.61,-0.0,8407.61,449463.84,Kingsmead Distribution,KINGSMEAD DISTRIBUTION,,,False,Lloyds_41283719_Oct24-Mar26.csv,761
LLOYDS-Lloyds_41283719_Oct24-Mar26-762,2025-05-06,Lloyds,41283719,,Northbridge Trading Ltd Current,FPO,FPO OAKLINE OFFICE LTD REF 8826,8826,0.0,564.35,-564.35,448899.49,Oakline Office Ltd,OAKLINE OFFICE LTD,,,False,Lloyds_41283719_Oct24-Mar26.csv,762
LLOYDS-Lloyds_41283719_Oct24-Mar26-763,2025-05-06,Lloyds,41283719,,Northbridge Trading Ltd Current,FPO,FPO THAMES WATER REF 2463,2463,0.0,4424.97,-4424.97,444474.52,Thames Water,THAMES WATER,,,False,Lloyds_41283719_Oct24-Mar26.csv,763
LLOYDS-Lloyds_41283719_Oct24-Mar26-764,2025-05-07,Lloyds,41283719,,Northbridge Trading Ltd Current,BGC,BGC ALDERTON RETAIL LTD INV89995,,5770.16,-0.0,5770.16,450244.68,Alderton Retail Ltd,ALDERTON RETAIL LTD,,,False,Lloyds_41283719_Oct24-Mar26.csv,764
LLOYDS-Lloyds_41283719_Oct24-Mar26-765,2025-05-07,Lloyds,41283719,,Northbridge Trading Ltd Current,BGC,BGC EVERLY INTERIORS LTD INV18966,,4837.96,-0.0,4837.96,455082.64,Everly Interiors Ltd,EVERLY INTERIORS LTD,,,False,Lloyds_41283719_Oct24-Mar26.csv,765
LLOYDS-Lloyds_41283719_Oct24-Mar26-766,2025-05-07,Lloyds,41283719,,Northbridge Trading Ltd Current,BGC,BGC EVERLY INTERIORS LTD INV94092,,8444.93,-0.0,8444.93,463527.57,Everly Interiors Ltd,EVERLY INTERIORS LTD,,,False,Lloyds_41283719_Oct24-Mar26.csv,766
LLOYDS-Lloyds_41283719_Oct24-Mar26-767,2025-05-07,Lloyds,41283719,,Northbridge Trading Ltd Current,FPO,FPO LUMEN ENERGY LTD REF 4490,4490,0.0,3824.27,-3824.27,459703.3,Lumen Energy Ltd,LUMEN ENERGY LTD,,,False,Lloyds_41283719_Oct24-Mar26.csv,767
LLOYDS-Lloyds_41283719_Oct24-Mar26-768,2025-05-07,Lloyds,41283719,,Northbridge Trading Ltd Current,FPO,FPO OAKLINE OFFICE LTD REF 7745,7745,0.0,3754.04,-3754.04,455949.26,Oakline Office Ltd,OAKLINE OFFICE LTD,,,False,Lloyds_41283719_Oct24-Mar26.csv,768
BARCLAYS-Barclays_90311276_export-52,2025-05-08,Barclays,90311276,20-45-18,Northbridge Trading Ltd,,CARD PAYMENT ROYAL MAIL,,0.0,378.33,-378.33,27185.66,Royal Mail,ROYAL MAIL,,,False,Barclays_90311276_export.csv,52
LLOYDS-Lloyds_41283719_Oct24-Mar26-769,2025-05-08,Lloyds,41283719,,Northbridge Trading Ltd Current,BGC,BGC EVERLY INTERIORS LTD INV26142,,5298.68,-0.0,5298.68,461247.94,Everly Interiors Ltd,EVERLY INTERIORS LTD,,,False,Lloyds_41283719_Oct24-Mar26.csv,769
LLOYDS-Lloyds_41283719_Oct24-Mar26-770,2025-05-08,Lloyds,41283719,,Northbridge Trading Ltd Current,FPO,FPO LUMEN ENERGY LTD REF 8035,8035,0.0,1989.85,-1989.85,459258.09,Lumen Energy Ltd,LUMEN ENERGY LTD,,,False,Lloyds_41283719_Oct24-Mar26.csv,770
LLOYDS-Lloyds_41283719_Oct24-Mar26-771,2025-05-08,Lloyds,41283719,,Northbridge Trading Ltd Current,FPO,FPO OAKLINE OFFICE LTD REF 5059,5059,0.0,1770.26,-1770.26,457487.83,Oakline Office Ltd,OAKLINE OFFICE LTD,,,False,Lloyds_41283719_Oct24-Mar26.csv,771
LLOYDS-Lloyds_41283719_Oct24-Mar26-772,2025-05-09,Lloyds,41283719,,Northbridge Trading Ltd Current,BGC,BGC HEXHAM SUPPLIES LTD INV74865,,3709.91,-0.0,3709.91,461197.74,Hexham Supplies Ltd,HEXHAM SUPPLIES LTD,,,False,Lloyds_41283719_Oct24-Mar26.csv,772
LLOYDS-Lloyds_41283719_Oct24-Mar26-773,2025-05-09,Lloyds,41283719,,Northbridge Trading Ltd Current,BGC,BGC JARROW BUILDERS MERCHANTS INV36928,,4738.44,-0.0,4738.44,465936.18,Jarrow Builders Merchants,JARROW BUILDERS MERCHANTS,,,False,Lloyds_41283719_Oct24-Mar26.csv,773
LLOYDS-Lloyds_41283719_Oct24-Mar26-774,2025-05-09,Lloyds,41283719,,Northbridge Trading Ltd Current,BGC,BGC JARROW BUILDERS MERCHANTS INV94694,,1125.64,-0.0,1125.64,467061.82,Jarrow Builders Merchants,JARROW BUILDERS MERCHANTS,,,False,Lloyds_41283719_Oct24-Mar26.csv,774
LLOYDS-Lloyds_41283719_Oct24-Mar26-775,2025-05-09,Lloyds,41283719,,Northbridge Trading Ltd Current,BGC,BGC QUAYSIDE RETAIL INV34726,,6533.18,-0.0,6533.18,473595.0,Quayside Retail,QUAYSIDE RETAIL,,,False,Lloyds_41283719_Oct24-Mar26.csv,775
LLOYDS-Lloyds_41283719_Oct24-Mar26-776,2025-05-09,Lloyds,41283719,,Northbridge Trading Ltd Current,FPO,FPO VODAFONE BUSINESS REF 2163,2163,0.0,3240.48,-3240.48,470354.52,Vodafone Business,VODAFONE BUSINESS,,,False,Lloyds_41283719_Oct24-Mar26.csv,776
BARCLAYS-Barclays_90311276_export-53,2025-05-12,Barclays,90311276,20-45-18,Northbridge Trading Ltd,,CARD PAYMENT SAGE SOFTWARE,,0.0,253.04,-253.04,26932.62,Sage Software,SAGE SOFTWARE,,,False,Barclays_90311276_export.csv,53
LLOYDS-Lloyds_41283719_Oct24-Mar26-777,2025-05-12,Lloyds,41283719,,Northbridge Trading Ltd Current,BGC,BGC CASTLEFORD STORES INV12187,,5281.44,-0.0,5281.44,475635.96,Castleford Stores,CASTLEFORD STORES,,,False,Lloyds_41283719_Oct24-Mar26.csv,777
LLOYDS-Lloyds_41283719_Oct24-Mar26-778,2025-05-12,Lloyds,41283719,,Northbridge Trading Ltd Current,BGC,BGC FAIRBANK WHOLESALE INV71736,,8144.73,-0.0,8144.73,483780.69,Fairbank Wholesale,FAIRBANK WHOLESALE,,,False,Lloyds_41283719_Oct24-Mar26.csv,778
LLOYDS-Lloyds_41283719_Oct24-Mar26-779,2025-05-12,Lloyds,41283719,,Northbridge Trading Ltd Current,BGC,BGC NEWHAM HARDWARE INV57895,,4961.58,-0.0,4961.58,488742.27,Newham Hardware,NEWHAM HARDWARE,,,False,Lloyds_41283719_Oct24-Mar26.csv,779
LLOYDS-Lloyds_41283719_Oct24-Mar26-780,2025-05-12,Lloyds,41283719,,Northbridge Trading Ltd Current,DD,DD BRITISH GAS BUSINESS,,0.0,664.69,-664.69,488077.58,British Gas Business,BRITISH GAS BUSINESS,,,False,Lloyds_41283719_Oct24-Mar26.csv,780
LLOYDS-Lloyds_41283719_Oct24-Mar26-781,2025-05-12,Lloyds,41283719,,Northbridge Trading Ltd Current,DD,DD BT BUSINESS,,0.0,379.13,-379.13,487698.45,Bt Business,BT BUSINESS,,,False,Lloyds_41283719_Oct24-Mar26.csv,781
LLOYDS-Lloyds_41283719_Oct24-Mar26-782,2025-05-12,Lloyds,41283719,,Northbridge Trading Ltd Current,DD,DD LUMEN ENERGY LTD,,0.0,1187.81,-1187.81,486510.64,Lumen Energy Ltd,LUMEN ENERGY LTD,,,False,Lloyds_41283719_Oct24-Mar26.csv,782
LLOYDS-Lloyds_41283719_Oct24-Mar26-783,2025-05-12,Lloyds,41283719,,Northbridge Trading Ltd Current,DD,DD THAMES WATER,,0.0,215.07,-215.07,486295.57,Thames Water,THAMES WATER,,,False,Lloyds_41283719_Oct24-Mar26.csv,783
LLOYDS-Lloyds_41283719_Oct24-Mar26-784,2025-05-12,Lloyds,41283719,,Northbridge Trading Ltd Current,FPO,FPO REDGATE CLEANING LTD REF 4534,4534,0.0,382.99,-382.99,485912.58,Redgate Cleaning Ltd,REDGATE CLEANING LTD,,,False,Lloyds_41283719_Oct24-Mar26.csv,784
BARCLAYS-Barclays_90311276_export-54,2025-05-13,Barclays,90311276,20-45-18,Northbridge Trading Ltd,,CARD PAYMENT SAGE SOFTWARE,,0.0,73.35,-73.35,26859.27,Sage Software,SAGE SOFTWARE,,,False,Barclays_90311276_export.csv,54
LLOYDS-Lloyds_41283719_Oct24-Mar26-785,2025-05-13,Lloyds,41283719,,Northbridge Trading Ltd Current,BGC,BGC CASTLEFORD STORES INV50620,,1316.37,-0.0,1316.37,487228.95,Castleford Stores,CASTLEFORD STORES,,,False,Lloyds_41283719_Oct24-Mar26.csv,785
LLOYDS-Lloyds_41283719_Oct24-Mar26-786,2025-05-13,Lloyds,41283719,,Northbridge Trading Ltd Current,BGC,BGC GLENMORE TRADING INV30365,,4883.84,-0.0,4883.84,492112.79,Glenmore Trading,GLENMORE TRADING,,,False,Lloyds_41283719_Oct24-Mar26.csv,786
LLOYDS-Lloyds_41283719_Oct24-Mar26-787,2025-05-13,Lloyds,41283719,,Northbridge Trading Ltd Current,BGC,BGC RAVENSCOURT LTD INV90746,,1890.91,-0.0,1890.91,494003.7,Ravenscourt Ltd,RAVENSCOURT LTD,,,False,Lloyds_41283719_Oct24-Mar26.csv,787
LLOYDS-Lloyds_41283719_Oct24-Mar26-788,2025-05-13,Lloyds,41283719,,Northbridge Trading Ltd Current,FPO,FPO BRITISH GAS BUSINESS REF 4909,4909,0.0,488.75,-488.75,493514.95,British Gas Business,BRITISH GAS BUSINESS,,,False,Lloyds_41283719_Oct24-Mar26.csv,788
LLOYDS-Lloyds_41283719_Oct24-Mar26-789,2025-05-13,Lloyds,41283719,,Northbridge Trading Ltd Current,FPO,FPO CARROW SECURITY LTD REF 2083,2083,0.0,1964.49,-1964.49,491550.46,Carrow Security Ltd,CARROW SECURITY LTD,,,False,Lloyds_41283719_Oct24-Mar26.csv,789
LLOYDS-Lloyds_41283719_Oct24-Mar26-790,2025-05-14,Lloyds,41283719,,Northbridge Trading Ltd Current,BGC,BGC JARROW BUILDERS MERCHANTS INV97304,,6485.21,-0.0,6485.21,498035.67,Jarrow Builders Merchants,JARROW BUILDERS MERCHANTS,,,False,Lloyds_41283719_Oct24-Mar26.csv,790
LLOYDS-Lloyds_41283719_Oct24-Mar26-791,2025-05-14,Lloyds,41283719,,Northbridge Trading Ltd Current,FPO,FPO BRIGHTPATH PRINT LTD REF 1207,1207,0.0,4291.22,-4291.22,493744.45,Brightpath Print Ltd,BRIGHTPATH PRINT LTD,,,False,Lloyds_41283719_Oct24-Mar26.csv,791
BARCLAYS-Barclays_90311276_export-55,2025-05-15,Barclays,90311276,20-45-18,Northbridge Trading Ltd,,TFR FROM 30-96-26 41283719,,4000.0,0.0,4000.0,30859.27,Northbridge Trading Ltd,NORTHBRIDGE TRADING LTD,30-96-26,41283719,True,Barclays_90311276_export.csv,55
LLOYDS-Lloyds_41283719_Oct24-Mar26-792,2025-05-15,Lloyds,41283719,,Northbridge Trading Ltd Current,BGC,BGC ISLEY & CO INV31884,,3600.58,-0.0,3600.58,497345.03,Isley & Co,ISLEY AND CO,,,False,Lloyds_41283719_Oct24-Mar26.csv,792
LLOYDS-Lloyds_41283719_Oct24-Mar26-793,2025-05-15,Lloyds,41283719,,Northbridge Trading Ltd Current,BGC,BGC QUAYSIDE RETAIL INV77793,,6807.3,-0.0,6807.3,504152.33,Quayside Retail,QUAYSIDE RETAIL,,,False,Lloyds_41283719_Oct24-Mar26.csv,793
LLOYDS-Lloyds_41283719_Oct24-Mar26-794,2025-05-15,Lloyds,41283719,,Northbridge Trading Ltd Current,FPO,FPO BRIGHTPATH PRINT LTD REF 1480,1480,0.0,2109.81,-2109.81,502042.52,Brightpath Print Ltd,BRIGHTPATH PRINT LTD,,,False,Lloyds_41283719_Oct24-Mar26.csv,794
LLOYDS-Lloyds_41283719_Oct24-Mar26-795,2025-05-15,Lloyds,41283719,,Northbridge Trading Ltd Current,FPO,FPO BRITISH GAS BUSINESS REF 5456,5456,0.0,3214.55,-3214.55,498827.97,British Gas Business,BRITISH GAS BUSINESS,,,False,Lloyds_41283719_Oct24-Mar26.csv,795
LLOYDS-Lloyds_41283719_Oct24-Mar26-796,2025-05-15,Lloyds,41283719,,Northbridge Trading Ltd Current,TFR,TFR TO 20-45-18 90311276,,0.0,4000.0,-4000.0,494827.97,Northbridge Trading Ltd,NORTHBRIDGE TRADING LTD,20-45-18,90311276,True,Lloyds_41283719_Oct24-Mar26.csv,796
BARCLAYS-Barclays_90311276_export-56,2025-05-16,Barclays,90311276,20-45-18,Northbridge Trading Ltd,,CASH WDL 16MAY,,0.0,100.0,-100.0,30759.27,CASH,CASH,,,False,Barclays_90311276_export.csv,56
LLOYDS-Lloyds_41283719_Oct24-Mar26-797,2025-05-16,Lloyds,41283719,,Northbridge Trading Ltd Current,BGC,BGC CASTLEFORD STORES INV75031,,4250.54,-0.0,4250.54,499078.51,Castleford Stores,CASTLEFORD STORES,,,False,Lloyds_41283719_Oct24-Mar26.csv,797
LLOYDS-Lloyds_41283719_Oct24-Mar26-798,2025-05-16,Lloyds,41283719,,Northbridge Trading Ltd Current,BGC,BGC ISLEY & CO INV23487,,7675.29,-0.0,7675.29,506753.8,Isley & Co,ISLEY AND CO,,,False,Lloyds_41283719_Oct24-Mar26.csv,798
LLOYDS-Lloyds_41283719_Oct24-Mar26-799,2025-05-16,Lloyds,41283719,,Northbridge Trading Ltd Current,BGC,BGC LARKHILL LTD INV17266,,4596.96,-0.0,4596.96,511350.76,Larkhill Ltd,LARKHILL LTD,,,False,Lloyds_41283719_Oct24-Mar26.csv,799
LLOYDS-Lloyds_41283719_Oct24-Mar26-800,2025-05-16,Lloyds,41283719,,Northbridge Trading Ltd Current,BGC,BGC SELBY HOME STORES INV31873,,3567.96,-0.0,3567.96,514918.72,Selby Home Stores,SELBY HOME STORES,,,False,Lloyds_41283719_Oct24-Mar26.csv,800
LLOYDS-Lloyds_41283719_Oct24-Mar26-801,2025-05-16,Lloyds,41283719,,Northbridge Trading Ltd Current,FPO,FPO HALCYON IT SERVICES REF 9336,9336,0.0,165.03,-165.03,514753.69,Halcyon It Services,HALCYON IT SERVICES,,,False,Lloyds_41283719_Oct24-Mar26.csv,801
LLOYDS-Lloyds_41283719_Oct24-Mar26-802,2025-05-19,Lloyds,41283719,,Northbridge Trading Ltd Current,BGC,BGC FAIRBANK WHOLESALE INV14635,,5012.35,-0.0,5012.35,519766.04,Fairbank Wholesale,FAIRBANK WHOLESALE,,,False,Lloyds_41283719_Oct24-Mar26.csv,802
LLOYDS-Lloyds_41283719_Oct24-Mar26-803,2025-05-19,Lloyds,41283719,,Northbridge Trading Ltd Current,BGC,BGC NEWHAM HARDWARE INV39427,,3210.06,-0.0,3210.06,522976.1,Newham Hardware,NEWHAM HARDWARE,,,False,Lloyds_41283719_Oct24-Mar26.csv,803
LLOYDS-Lloyds_41283719_Oct24-Mar26-804,2025-05-19,Lloyds,41283719,,Northbridge Trading Ltd Current,FPO,FPO CARROW SECURITY LTD REF 7108,7108,0.0,848.5,-848.5,522127.6,Carrow Security Ltd,CARROW SECURITY LTD,,,False,Lloyds_41283719_Oct24-Mar26.csv,804
LLOYDS-Lloyds_41283719_Oct24-Mar26-805,2025-05-19,Lloyds,41283719,,Northbridge Trading Ltd Current,FPO,FPO KESTREL FUEL CARDS REF 5444,5444,0.0,4982.08,-4982.08,517145.52,Kestrel Fuel Cards,KESTREL FUEL CARDS,,,False,Lloyds_41283719_Oct24-Mar26.csv,805
LLOYDS-Lloyds_41283719_Oct24-Mar26-806,2025-05-20,Lloyds,41283719,,Northbridge Trading Ltd Current,BGC,BGC CASTLEFORD STORES INV70960,,7455.05,-0.0,7455.05,524600.57,Castleford Stores,CASTLEFORD STORES,,,False,Lloyds_41283719_Oct24-Mar26.csv,806
LLOYDS-Lloyds_41283719_Oct24-Mar26-807,2025-05-20,Lloyds,41283719,,Northbridge Trading Ltd Current,BGC,BGC QUAYSIDE RETAIL INV16019,,8141.82,-0.0,8141.82,532742.39,Quayside Retail,QUAYSIDE RETAIL,,,False,Lloyds_41283719_Oct24-Mar26.csv,807
LLOYDS-Lloyds_41283719_Oct24-Mar26-808,2025-05-20,Lloyds,41283719,,Northbridge Trading Ltd Current,FPO,FPO KESTREL FUEL CARDS REF 2415,2415,0.0,3385.58,-3385.58,529356.81,Kestrel Fuel Cards,KESTREL FUEL CARDS,,,False,Lloyds_41283719_Oct24-Mar26.csv,808
LLOYDS-Lloyds_41283719_Oct24-Mar26-809,2025-05-20,Lloyds,41283719,,Northbridge Trading Ltd Current,FPO,FPO MERIDIAN PACKAGING LTD REF 7044,7044,0.0,1323.93,-1323.93,528032.88,Meridian Packaging Ltd,MERIDIAN PACKAGING LTD,,,False,Lloyds_41283719_Oct24-Mar26.csv,809
LLOYDS-Lloyds_41283719_Oct24-Mar26-810,2025-05-20,Lloyds,41283719,,Northbridge Trading Ltd Current,TFR,TFR TO 60-12-44 77120931,,0.0,56000.0,-56000.0,472032.88,Northbridge Trading Ltd,NORTHBRIDGE TRADING LTD,60-12-44,77120931,True,Lloyds_41283719_Oct24-Mar26.csv,810
NATWEST-NatWest_77120931_statement-118,2025-05-20,NatWest,77120931,,Northbridge Trading Ltd,TFR,TFR FROM 30-96-26 41283719,,56000.0,0.0,56000.0,143334.51,Northbridge Trading Ltd,NORTHBRIDGE TRADING LTD,30-96-26,41283719,True,NatWest_77120931_statement.xlsx,118
BARCLAYS-Barclays_90311276_export-57,2025-05-21,Barclays,90311276,20-45-18,Northbridge Trading Ltd,,CARD PAYMENT SAGE SOFTWARE,,0.0,410.54,-410.54,30348.73,Sage Software,SAGE SOFTWARE,,,False,Barclays_90311276_export.csv,57
LLOYDS-Lloyds_41283719_Oct24-Mar26-811,2025-05-21,Lloyds,41283719,,Northbridge Trading Ltd Current,BGC,BGC HEXHAM SUPPLIES LTD INV70807,,3572.53,-0.0,3572.53,475605.41,Hexham Supplies Ltd,HEXHAM SUPPLIES LTD,,,False,Lloyds_41283719_Oct24-Mar26.csv,811
LLOYDS-Lloyds_41283719_Oct24-Mar26-812,2025-05-21,Lloyds,41283719,,Northbridge Trading Ltd Current,BGC,BGC PEMBROKE LIVING INV35614,,6413.21,-0.0,6413.21,482018.62,Pembroke Living,PEMBROKE LIVING,,,False,Lloyds_41283719_Oct24-Mar26.csv,812
LLOYDS-Lloyds_41283719_Oct24-Mar26-813,2025-05-21,Lloyds,41283719,,Northbridge Trading Ltd Current,BGC,BGC RAVENSCOURT LTD INV42129,,1874.42,-0.0,1874.42,483893.04,Ravenscourt Ltd,RAVENSCOURT LTD,,,False,Lloyds_41283719_Oct24-Mar26.csv,813
LLOYDS-Lloyds_41283719_Oct24-Mar26-814,2025-05-21,Lloyds,41283719,,Northbridge Trading Ltd Current,FPO,FPO ELLERY LEGAL LLP REF 1157,1157,0.0,5713.29,-5713.29,478179.75,Ellery Legal Llp,ELLERY LEGAL LLP,,,False,Lloyds_41283719_Oct24-Mar26.csv,814
LLOYDS-Lloyds_41283719_Oct24-Mar26-815,2025-05-21,Lloyds,41283719,,Northbridge Trading Ltd Current,FPO,FPO MERIDIAN PACKAGING LTD REF 4817,4817,0.0,3318.04,-3318.04,474861.71,Meridian Packaging Ltd,MERIDIAN PACKAGING LTD,,,False,Lloyds_41283719_Oct24-Mar26.csv,815
LLOYDS-Lloyds_41283719_Oct24-Mar26-816,2025-05-22,Lloyds,41283719,,Northbridge Trading Ltd Current,BGC,BGC GLENMORE TRADING INV79443,,8368.3,-0.0,8368.3,483230.01,Glenmore Trading,GLENMORE TRADING,,,False,Lloyds_41283719_Oct24-Mar26.csv,816
LLOYDS-Lloyds_41283719_Oct24-Mar26-817,2025-05-22,Lloyds,41283719,,Northbridge Trading Ltd Current,FPO,FPO OAKLINE OFFICE LTD REF 5584,5584,0.0,694.21,-694.21,482535.8,Oakline Office Ltd,OAKLINE OFFICE LTD,,,False,Lloyds_41283719_Oct24-Mar26.csv,817
LLOYDS-Lloyds_41283719_Oct24-Mar26-818,2025-05-22,Lloyds,41283719,,Northbridge Trading Ltd Current,FPO,FPO VODAFONE BUSINESS REF 1981,1981,0.0,5839.47,-5839.47,476696.33,Vodafone Business,VODAFONE BUSINESS,,,False,Lloyds_41283719_Oct24-Mar26.csv,818
NATWEST-NatWest_77120931_statement-119,2025-05-22,NatWest,77120931,,Northbridge Trading Ltd,FPO,FPO HMRC PAYE 0525,,0.0,13037.79,-13037.79,130296.72,HMRC,HMRC,,,False,NatWest_77120931_statement.xlsx,119
LLOYDS-Lloyds_41283719_Oct24-Mar26-819,2025-05-23,Lloyds,41283719,,Northbridge Trading Ltd Current,BGC,BGC CASTLEFORD STORES INV86122,,1445.5,-0.0,1445.5,478141.83,Castleford Stores,CASTLEFORD STORES,,,False,Lloyds_41283719_Oct24-Mar26.csv,819
LLOYDS-Lloyds_41283719_Oct24-Mar26-820,2025-05-23,Lloyds,41283719,,Northbridge Trading Ltd Current,BGC,BGC CASTLEFORD STORES INV87580,,5129.0,-0.0,5129.0,483270.83,Castleford Stores,CASTLEFORD STORES,,,False,Lloyds_41283719_Oct24-Mar26.csv,820
LLOYDS-Lloyds_41283719_Oct24-Mar26-821,2025-05-23,Lloyds,41283719,,Northbridge Trading Ltd Current,BGC,BGC EVERLY INTERIORS LTD INV93521,,7095.71,-0.0,7095.71,490366.54,Everly Interiors Ltd,EVERLY INTERIORS LTD,,,False,Lloyds_41283719_Oct24-Mar26.csv,821
LLOYDS-Lloyds_41283719_Oct24-Mar26-822,2025-05-23,Lloyds,41283719,,Northbridge Trading Ltd Current,BGC,BGC LARKHILL LTD INV70091,,8301.53,-0.0,8301.53,498668.07,Larkhill Ltd,LARKHILL LTD,,,False,Lloyds_41283719_Oct24-Mar26.csv,822
LLOYDS-Lloyds_41283719_Oct24-Mar26-823,2025-05-23,Lloyds,41283719,,Northbridge Trading Ltd Current,FPO,FPO BRAMBLE ACCOUNTANTS REF 3141,3141,0.0,1535.11,-1535.11,497132.96,Bramble Accountants,BRAMBLE ACCOUNTANTS,,,False,Lloyds_41283719_Oct24-Mar26.csv,823
LLOYDS-Lloyds_41283719_Oct24-Mar26-824,2025-05-23,Lloyds,41283719,,Northbridge Trading Ltd Current,FPO,FPO REDGATE CLEANING LTD REF 6161,6161,0.0,5567.35,-5567.35,491565.61,Redgate Cleaning Ltd,REDGATE CLEANING LTD,,,False,Lloyds_41283719_Oct24-Mar26.csv,824
LLOYDS-Lloyds_41283719_Oct24-Mar26-825,2025-05-26,Lloyds,41283719,,Northbridge Trading Ltd Current,BGC,BGC ISLEY & CO INV25717,,1405.28,-0.0,1405.28,492970.89,Isley & Co,ISLEY AND CO,,,False,Lloyds_41283719_Oct24-Mar26.csv,825
LLOYDS-Lloyds_41283719_Oct24-Mar26-826,2025-05-26,Lloyds,41283719,,Northbridge Trading Ltd Current,BGC,BGC JARROW BUILDERS MERCHANTS INV89076,,1014.57,-0.0,1014.57,493985.46,Jarrow Builders Merchants,JARROW BUILDERS MERCHANTS,,,False,Lloyds_41283719_Oct24-Mar26.csv,826
LLOYDS-Lloyds_41283719_Oct24-Mar26-827,2025-05-26,Lloyds,41283719,,Northbridge Trading Ltd Current,BGC,BGC KINGSMEAD DISTRIBUTION INV29441,,1411.46,-0.0,1411.46,495396.92,Kingsmead Distribution,KINGSMEAD DISTRIBUTION,,,False,Lloyds_41283719_Oct24-Mar26.csv,827
LLOYDS-Lloyds_41283719_Oct24-Mar26-828,2025-05-26,Lloyds,41283719,,Northbridge Trading Ltd Current,FPO,FPO LUMEN ENERGY LTD REF 7492,7492,0.0,3153.74,-3153.74,492243.18,Lumen Energy Ltd,LUMEN ENERGY LTD,,,False,Lloyds_41283719_Oct24-Mar26.csv,828
NATWEST-NatWest_77120931_statement-120,2025-05-26,NatWest,77120931,,Northbridge Trading Ltd,FPO,FPO A PATEL SALARY MAY25,,0.0,2669.69,-2669.69,127627.03,A Patel,A PATEL,,,False,NatWest_77120931_statement.xlsx,120
NATWEST-NatWest_77120931_statement-121,2025-05-26,NatWest,77120931,,Northbridge Trading Ltd,FPO,FPO C WALSH SALARY MAY25,,0.0,2664.26,-2664.26,124962.77,C Walsh,C WALSH,,,False,NatWest_77120931_statement.xlsx,121
NATWEST-NatWest_77120931_statement-122,2025-05-26,NatWest,77120931,,Northbridge Trading Ltd,FPO,FPO D O'BRIEN SALARY MAY25,,0.0,2433.86,-2433.86,122528.91,D O'Brien,D O'BRIEN,,,False,NatWest_77120931_statement.xlsx,122
NATWEST-NatWest_77120931_statement-123,2025-05-26,NatWest,77120931,,Northbridge Trading Ltd,FPO,FPO E MORGAN SALARY MAY25,,0.0,2085.25,-2085.25,120443.66,E Morgan,E MORGAN,,,False,NatWest_77120931_statement.xlsx,123
NATWEST-NatWest_77120931_statement-124,2025-05-26,NatWest,77120931,,Northbridge Trading Ltd,FPO,FPO H SCHMIDT SALARY MAY25,,0.0,2105.25,-2105.25,118338.41,H Schmidt,H SCHMIDT,,,False,NatWest_77120931_statement.xlsx,124
NATWEST-NatWest_77120931_statement-125,2025-05-26,NatWest,77120931,,Northbridge Trading Ltd,FPO,FPO J SMITH SALARY MAY25,,0.0,4200.0,-4200.0,114138.41,J Smith,J SMITH,,,False,NatWest_77120931_statement.xlsx,125
NATWEST-NatWest_77120931_statement-126,2025-05-26,NatWest,77120931,,Northbridge Trading Ltd,FPO,FPO J TAYLOR SALARY MAY25,,0.0,3209.57,-3209.57,110928.84,J Taylor,J TAYLOR,,,False,NatWest_77120931_statement.xlsx,126
NATWEST-NatWest_77120931_statement-127,2025-05-26,NatWest,77120931,,Northbridge Trading Ltd,FPO,FPO L KOWALSKI SALARY MAY25,,0.0,3504.04,-3504.04,107424.8,L Kowalski,L KOWALSKI,,,False,NatWest_77120931_statement.xlsx,127
NATWEST-NatWest_77120931_statement-128,2025-05-26,NatWest,77120931,,Northbridge Trading Ltd,FPO,FPO M HUGHES SALARY MAY25,,0.0,2131.39,-2131.39,105293.41,M Hughes,M HUGHES,,,False,NatWest_77120931_statement.xlsx,128
NATWEST-NatWest_77120931_statement-129,2025-05-26,NatWest,77120931,,Northbridge Trading Ltd,FPO,FPO P SINGH SALARY MAY25,,0.0,2509.09,-2509.09,102784.32,P Singh,P SINGH,,,False,NatWest_77120931_statement.xlsx,129
NATWEST-NatWest_77120931_statement-130,2025-05-26,NatWest,77120931,,Northbridge Trading Ltd,FPO,FPO R DAVIES SALARY MAY25,,0.0,3209.25,-3209.25,99575.07,R Davies,R DAVIES,,,False,NatWest_77120931_statement.xlsx,130
NATWEST-NatWest_77120931_statement-131,2025-05-26,NatWest,77120931,,Northbridge Trading Ltd,FPO,FPO S OKAFOR SALARY MAY25,,0.0,2297.14,-2297.14,97277.93,S Okafor,S OKAFOR,,,False,NatWest_77120931_statement.xlsx,131
NATWEST-NatWest_77120931_statement-132,2025-05-26,NatWest,77120931,,Northbridge Trading Ltd,FPO,FPO T NGUYEN SALARY MAY25,,0.0,2079.62,-2079.62,95198.31,T Nguyen,T NGUYEN,,,False,NatWest_77120931_statement.xlsx,132
LLOYDS-Lloyds_41283719_Oct24-Mar26-829,2025-05-27,Lloyds,41283719,,Northbridge Trading Ltd Current,BGC,BGC ALDERTON RETAIL LTD INV63004,,7365.89,-0.0,7365.89,499609.07,Alderton Retail Ltd,ALDERTON RETAIL LTD,,,False,Lloyds_41283719_Oct24-Mar26.csv,829
LLOYDS-Lloyds_41283719_Oct24-Mar26-830,2025-05-27,Lloyds,41283719,,Northbridge Trading Ltd Current,BGC,BGC RAVENSCOURT LTD INV82105,,2648.85,-0.0,2648.85,502257.92,Ravenscourt Ltd,RAVENSCOURT LTD,,,False,Lloyds_41283719_Oct24-Mar26.csv,830
LLOYDS-Lloyds_41283719_Oct24-Mar26-831,2025-05-27,Lloyds,41283719,,Northbridge Trading Ltd Current,FPO,FPO BRIGHTPATH PRINT LTD REF 3290,3290,0.0,860.5,-860.5,501397.42,Brightpath Print Ltd,BRIGHTPATH PRINT LTD,,,False,Lloyds_41283719_Oct24-Mar26.csv,831
LLOYDS-Lloyds_41283719_Oct24-Mar26-832,2025-05-27,Lloyds,41283719,,Northbridge Trading Ltd Current,FPO,FPO COASTLINE LOGISTICS LTD REF 4641,4641,0.0,914.68,-914.68,500482.74,Coastline Logistics Ltd,COASTLINE LOGISTICS LTD,,,False,Lloyds_41283719_Oct24-Mar26.csv,832
LLOYDS-Lloyds_41283719_Oct24-Mar26-833,2025-05-28,Lloyds,41283719,,Northbridge Trading Ltd Current,BGC,BGC CASTLEFORD STORES INV12857,,8477.86,-0.0,8477.86,508960.6,Castleford Stores,CASTLEFORD STORES,,,False,Lloyds_41283719_Oct24-Mar26.csv,833
LLOYDS-Lloyds_41283719_Oct24-Mar26-834,2025-05-28,Lloyds,41283719,,Northbridge Trading Ltd Current,BGC,BGC CASTLEFORD STORES INV86326,,5271.73,-0.0,5271.73,514232.33,Castleford Stores,CASTLEFORD STORES,,,False,Lloyds_41283719_Oct24-Mar26.csv,834
LLOYDS-Lloyds_41283719_Oct24-Mar26-835,2025-05-28,Lloyds,41283719,,Northbridge Trading Ltd Current,BGC,BGC EVERLY INTERIORS LTD INV22055,,7759.61,-0.0,7759.61,521991.94,Everly Interiors Ltd,EVERLY INTERIORS LTD,,,False,Lloyds_41283719_Oct24-Mar26.csv,835
LLOYDS-Lloyds_41283719_Oct24-Mar26-836,2025-05-28,Lloyds,41283719,,Northbridge Trading Ltd Current,BGC,BGC GLENMORE TRADING INV94670,,4158.76,-0.0,4158.76,526150.7,Glenmore Trading,GLENMORE TRADING,,,False,Lloyds_41283719_Oct24-Mar26.csv,836
LLOYDS-Lloyds_41283719_Oct24-Mar26-837,2025-05-28,Lloyds,41283719,,Northbridge Trading Ltd Current,DEB,ACCOUNT FEE,,0.0,53.11,-53.11,526097.59,Lloyds,LLOYDS,,,False,Lloyds_41283719_Oct24-Mar26.csv,837
LLOYDS-Lloyds_41283719_Oct24-Mar26-838,2025-05-28,Lloyds,41283719,,Northbridge Trading Ltd Current,FPO,FPO BRIGHTPATH PRINT LTD REF 1699,1699,0.0,5662.34,-5662.34,520435.25,Brightpath Print Ltd,BRIGHTPATH PRINT LTD,,,False,Lloyds_41283719_Oct24-Mar26.csv,838
LLOYDS-Lloyds_41283719_Oct24-Mar26-839,2025-05-28,Lloyds,41283719,,Northbridge Trading Ltd Current,FPO,FPO COASTLINE LOGISTICS LTD REF 3752,3752,0.0,5556.17,-5556.17,514879.08,Coastline Logistics Ltd,COASTLINE LOGISTICS LTD,,,False,Lloyds_41283719_Oct24-Mar26.csv,839
NATWEST-NatWest_77120931_statement-133,2025-05-28,NatWest,77120931,,Northbridge Trading Ltd,DEB,ACCOUNT CHARGES,,0.0,29.92,-29.92,95168.39,NatWest,NATWEST,,,False,NatWest_77120931_statement.xlsx,133
BARCLAYS-Barclays_90311276_export-58,2025-05-29,Barclays,90311276,20-45-18,Northbridge Trading Ltd,,CARD PAYMENT TRAVIS PERKINS,,0.0,310.15,-310.15,30038.58,Travis Perkins,TRAVIS PERKINS,,,False,Barclays_90311276_export.csv,58
LLOYDS-Lloyds_41283719_Oct24-Mar26-840,2025-05-29,Lloyds,41283719,,Northbridge Trading Ltd Current,BGC,BGC EVERLY INTERIORS LTD INV14541,,5490.03,-0.0,5490.03,520369.11,Everly Interiors Ltd,EVERLY INTERIORS LTD,,,False,Lloyds_41283719_Oct24-Mar26.csv,840
LLOYDS-Lloyds_41283719_Oct24-Mar26-841,2025-05-29,Lloyds,41283719,,Northbridge Trading Ltd Current,BGC,BGC FAIRBANK WHOLESALE INV46042,,2882.87,-0.0,2882.87,523251.98,Fairbank Wholesale,FAIRBANK WHOLESALE,,,False,Lloyds_41283719_Oct24-Mar26.csv,841
LLOYDS-Lloyds_41283719_Oct24-Mar26-842,2025-05-29,Lloyds,41283719,,Northbridge Trading Ltd Current,BGC,BGC FAIRBANK WHOLESALE INV56392,,2374.79,-0.0,2374.79,525626.77,Fairbank Wholesale,FAIRBANK WHOLESALE,,,False,Lloyds_41283719_Oct24-Mar26.csv,842
LLOYDS-Lloyds_41283719_Oct24-Mar26-843,2025-05-29,Lloyds,41283719,,Northbridge Trading Ltd Current,FPO,FPO HALCYON IT SERVICES REF 5835,5835,0.0,3068.52,-3068.52,522558.25,Halcyon It Services,HALCYON IT SERVICES,,,False,Lloyds_41283719_Oct24-Mar26.csv,843
LLOYDS-Lloyds_41283719_Oct24-Mar26-844,2025-05-29,Lloyds,41283719,,Northbridge Trading Ltd Current,FPO,FPO REDGATE CLEANING LTD REF 7275,7275,0.0,952.83,-952.83,521605.42,Redgate Cleaning Ltd,REDGATE CLEANING LTD,,,False,Lloyds_41283719_Oct24-Mar26.csv,844
LLOYDS-Lloyds_41283719_Oct24-Mar26-845,2025-05-29,Lloyds,41283719,,Northbridge Trading Ltd Current,FPO,FPO SABLE MARKETING LTD REF 8848,8848,0.0,506.73,-506.73,521098.69,Sable Marketing Ltd,SABLE MARKETING LTD,,,False,Lloyds_41283719_Oct24-Mar26.csv,845
BARCLAYS-Barclays_90311276_export-59,2025-05-30,Barclays,90311276,20-45-18,Northbridge Trading Ltd,,CASH WDL 30MAY,,0.0,200.0,-200.0,29838.58,CASH,CASH,,,False,Barclays_90311276_export.csv,59
LLOYDS-Lloyds_41283719_Oct24-Mar26-846,2025-05-30,Lloyds,41283719,,Northbridge Trading Ltd Current,BGC,BGC MARSDEN DIY INV57069,,4441.54,-0.0,4441.54,525540.23,Marsden Diy,MARSDEN DIY,,,False,Lloyds_41283719_Oct24-Mar26.csv,846
LLOYDS-Lloyds_41283719_Oct24-Mar26-847,2025-05-30,Lloyds,41283719,,Northbridge Trading Ltd Current,FPO,FPO LUMEN ENERGY LTD REF 9231,9231,0.0,2031.39,-2031.39,523508.84,Lumen Energy Ltd,LUMEN ENERGY LTD,,,False,Lloyds_41283719_Oct24-Mar26.csv,847
LLOYDS-Lloyds_41283719_Oct24-Mar26-848,2025-05-30,Lloyds,41283719,,Northbridge Trading Ltd Current,FPO,FPO REDGATE CLEANING LTD REF 3946,3946,0.0,302.47,-302.47,523206.37,Redgate Cleaning Ltd,REDGATE CLEANING LTD,,,False,Lloyds_41283719_Oct24-Mar26.csv,848
LLOYDS-Lloyds_41283719_Oct24-Mar26-849,2025-06-02,Lloyds,41283719,,Northbridge Trading Ltd Current,BGC,BGC FAIRBANK WHOLESALE INV23124,,2633.29,-0.0,2633.29,525839.66,Fairbank Wholesale,FAIRBANK WHOLESALE,,,False,Lloyds_41283719_Oct24-Mar26.csv,849
LLOYDS-Lloyds_41283719_Oct24-Mar26-850,2025-06-02,Lloyds,41283719,,Northbridge Trading Ltd Current,BGC,BGC HEXHAM SUPPLIES LTD INV44934,,4862.78,-0.0,4862.78,530702.44,Hexham Supplies Ltd,HEXHAM SUPPLIES LTD,,,False,Lloyds_41283719_Oct24-Mar26.csv,850
LLOYDS-Lloyds_41283719_Oct24-Mar26-851,2025-06-02,Lloyds,41283719,,Northbridge Trading Ltd Current,BGC,BGC LARKHILL LTD INV86544,,8496.92,-0.0,8496.92,539199.36,Larkhill Ltd,LARKHILL LTD,,,False,Lloyds_41283719_Oct24-Mar26.csv,851
LLOYDS-Lloyds_41283719_Oct24-Mar26-852,2025-06-02,Lloyds,41283719,,Northbridge Trading Ltd Current,DD,DD HARTWELL FINANCE PLC,,0.0,3180.4,-3180.4,536018.96,Hartwell Finance plc,HARTWELL FINANCE PLC,,,False,Lloyds_41283719_Oct24-Mar26.csv,852
LLOYDS-Lloyds_41283719_Oct24-Mar26-853,2025-06-02,Lloyds,41283719,,Northbridge Trading Ltd Current,FPO,FPO HALCYON IT SERVICES REF 7363,7363,0.0,2225.61,-2225.61,533793.35,Halcyon It Services,HALCYON IT SERVICES,,,False,Lloyds_41283719_Oct24-Mar26.csv,853
LLOYDS-Lloyds_41283719_Oct24-Mar26-854,2025-06-02,Lloyds,41283719,,Northbridge Trading Ltd Current,SO,SO ASHCOMBE ESTATES RENT,,0.0,6250.0,-6250.0,527543.35,Ashcombe Estates,ASHCOMBE ESTATES,,,False,Lloyds_41283719_Oct24-Mar26.csv,854
BARCLAYS-Barclays_90311276_export-60,2025-06-03,Barclays,90311276,20-45-18,Northbridge Trading Ltd,,CARD PAYMENT NORTHGATE VEHICLE HIRE,,0.0,61.52,-61.52,29777.06,Northgate Vehicle Hire,NORTHGATE VEHICLE HIRE,,,False,Barclays_90311276_export.csv,60
LLOYDS-Lloyds_41283719_Oct24-Mar26-855,2025-06-03,Lloyds,41283719,,Northbridge Trading Ltd Current,BGC,BGC HEXHAM SUPPLIES LTD INV87662,,3180.43,-0.0,3180.43,530723.78,Hexham Supplies Ltd,HEXHAM SUPPLIES LTD,,,False,Lloyds_41283719_Oct24-Mar26.csv,855
LLOYDS-Lloyds_41283719_Oct24-Mar26-856,2025-06-03,Lloyds,41283719,,Northbridge Trading Ltd Current,BGC,BGC LARKHILL LTD INV87537,,920.01,-0.0,920.01,531643.79,Larkhill Ltd,LARKHILL LTD,,,False,Lloyds_41283719_Oct24-Mar26.csv,856
LLOYDS-Lloyds_41283719_Oct24-Mar26-857,2025-06-03,Lloyds,41283719,,Northbridge Trading Ltd Current,FPO,FPO CARROW SECURITY LTD REF 3328,3328,0.0,3444.19,-3444.19,528199.6,Carrow Security Ltd,CARROW SECURITY LTD,,,False,Lloyds_41283719_Oct24-Mar26.csv,857
LLOYDS-Lloyds_41283719_Oct24-Mar26-858,2025-06-03,Lloyds,41283719,,Northbridge Trading Ltd Current,FPO,FPO FENWICK COMPONENTS LTD REF 9064,9064,0.0,3321.43,-3321.43,524878.17,Fenwick Components Ltd,FENWICK COMPONENTS LTD,,,False,Lloyds_41283719_Oct24-Mar26.csv,858
LLOYDS-Lloyds_41283719_Oct24-Mar26-859,2025-06-04,Lloyds,41283719,,Northbridge Trading Ltd Current,BGC,BGC ALDERTON RETAIL LTD INV79002,,4428.31,-0.0,4428.31,529306.48,Alderton Retail Ltd,ALDERTON RETAIL LTD,,,False,Lloyds_41283719_Oct24-Mar26.csv,859
LLOYDS-Lloyds_41283719_Oct24-Mar26-860,2025-06-04,Lloyds,41283719,,Northbridge Trading Ltd Current,BGC,BGC KINGSMEAD DISTRIBUTION INV90495,,2271.42,-0.0,2271.42,531577.9,Kingsmead Distribution,KINGSMEAD DISTRIBUTION,,,False,Lloyds_41283719_Oct24-Mar26.csv,860
LLOYDS-Lloyds_41283719_Oct24-Mar26-861,2025-06-04,Lloyds,41283719,,Northbridge Trading Ltd Current,FPO,FPO KESTREL FUEL CARDS REF 3907,3907,0.0,5524.87,-5524.87,526053.03,Kestrel Fuel Cards,KESTREL FUEL CARDS,,,False,Lloyds_41283719_Oct24-Mar26.csv,861
LLOYDS-Lloyds_41283719_Oct24-Mar26-862,2025-06-05,Lloyds,41283719,,Northbridge Trading Ltd Current,BGC,BGC EVERLY INTERIORS LTD INV86888,,6196.63,-0.0,6196.63,532249.66,Everly Interiors Ltd,EVERLY INTERIORS LTD,,,False,Lloyds_41283719_Oct24-Mar26.csv,862
LLOYDS-Lloyds_41283719_Oct24-Mar26-863,2025-06-05,Lloyds,41283719,,Northbridge Trading Ltd Current,FPO,FPO BRIGHTPATH PRINT LTD REF 9622,9622,0.0,5184.92,-5184.92,527064.74,Brightpath Print Ltd,BRIGHTPATH PRINT LTD,,,False,Lloyds_41283719_Oct24-Mar26.csv,863
BARCLAYS-Barclays_90311276_export-61,2025-06-06,Barclays,90311276,20-45-18,Northbridge Trading Ltd,,CARD PAYMENT SAGE SOFTWARE,,0.0,411.35,-411.35,29365.71,Sage Software,SAGE SOFTWARE,,,False,Barclays_90311276_export.csv,61
LLOYDS-Lloyds_41283719_Oct24-Mar26-864,2025-06-06,Lloyds,41283719,,Northbridge Trading Ltd Current,BGC,BGC FAIRBANK WHOLESALE INV67261,,6876.37,-0.0,6876.37,533941.11,Fairbank Wholesale,FAIRBANK WHOLESALE,,,False,Lloyds_41283719_Oct24-Mar26.csv,864
LLOYDS-Lloyds_41283719_Oct24-Mar26-865,2025-06-06,Lloyds,41283719,,Northbridge Trading Ltd Current,BGC,BGC JARROW BUILDERS MERCHANTS INV52284,,1764.32,-0.0,1764.32,535705.43,Jarrow Builders Merchants,JARROW BUILDERS MERCHANTS,,,False,Lloyds_41283719_Oct24-Mar26.csv,865
LLOYDS-Lloyds_41283719_Oct24-Mar26-866,2025-06-06,Lloyds,41283719,,Northbridge Trading Ltd Current,BGC,BGC MARSDEN DIY INV86810,,1488.05,-0.0,1488.05,537193.48,Marsden Diy,MARSDEN DIY,,,False,Lloyds_41283719_Oct24-Mar26.csv,866
LLOYDS-Lloyds_41283719_Oct24-Mar26-867,2025-06-06,Lloyds,41283719,,Northbridge Trading Ltd Current,BGC,BGC PEMBROKE LIVING INV95089,,3174.81,-0.0,3174.81,540368.29,Pembroke Living,PEMBROKE LIVING,,,False,Lloyds_41283719_Oct24-Mar26.csv,867
LLOYDS-Lloyds_41283719_Oct24-Mar26-868,2025-06-06,Lloyds,41283719,,Northbridge Trading Ltd Current,FPO,FPO CARROW SECURITY LTD REF 3872,3872,0.0,2363.55,-2363.55,538004.74,Carrow Security Ltd,CARROW SECURITY LTD,,,False,Lloyds_41283719_Oct24-Mar26.csv,868
LLOYDS-Lloyds_41283719_Oct24-Mar26-869,2025-06-06,Lloyds,41283719,,Northbridge Trading Ltd Current,FPO,FPO STONEBRIDGE INSURANCE BROKERS REF 3086,3086,0.0,1189.59,-1189.59,536815.15,Stonebridge Insurance Brokers,STONEBRIDGE INSURANCE BROKERS,,,False,Lloyds_41283719_Oct24-Mar26.csv,869
LLOYDS-Lloyds_41283719_Oct24-Mar26-870,2025-06-06,Lloyds,41283719,,Northbridge Trading Ltd Current,FPO,FPO WEXFORD CATERING LTD REF 6846,6846,0.0,1455.94,-1455.94,535359.21,Wexford Catering Ltd,WEXFORD CATERING LTD,,,False,Lloyds_41283719_Oct24-Mar26.csv,870
BARCLAYS-Barclays_90311276_export-62,2025-06-09,Barclays,90311276,20-45-18,Northbridge Trading Ltd,,CARD PAYMENT AMAZON BUSINESS,,0.0,397.96,-397.96,28967.75,Amazon Business,AMAZON BUSINESS,,,False,Barclays_90311276_export.csv,62
LLOYDS-Lloyds_41283719_Oct24-Mar26-871,2025-06-09,Lloyds,41283719,,Northbridge Trading Ltd Current,BGC,BGC DENBY GARDEN CENTRES INV75035,,1797.02,-0.0,1797.02,537156.23,Denby Garden Centres,DENBY GARDEN CENTRES,,,False,Lloyds_41283719_Oct24-Mar26.csv,871
LLOYDS-Lloyds_41283719_Oct24-Mar26-872,2025-06-09,Lloyds,41283719,,Northbridge Trading Ltd Current,BGC,BGC TAMAR TRADERS INV38953,,5689.24,-0.0,5689.24,542845.47,Tamar Traders,TAMAR TRADERS,,,False,Lloyds_41283719_Oct24-Mar26.csv,872
LLOYDS-Lloyds_41283719_Oct24-Mar26-873,2025-06-09,Lloyds,41283719,,Northbridge Trading Ltd Current,FPO,FPO HALCYON IT SERVICES REF 6682,6682,0.0,5896.92,-5896.92,536948.55,Halcyon It Services,HALCYON IT SERVICES,,,False,Lloyds_41283719_Oct24-Mar26.csv,873
BARCLAYS-Barclays_90311276_export-63,2025-06-10,Barclays,90311276,20-45-18,Northbridge Trading Ltd,,CARD PAYMENT MICROSOFT,,0.0,382.82,-382.82,28584.93,Microsoft,MICROSOFT,,,False,Barclays_90311276_export.csv,63
LLOYDS-Lloyds_41283719_Oct24-Mar26-874,2025-06-10,Lloyds,41283719,,Northbridge Trading Ltd Current,BGC,BGC ALDERTON RETAIL LTD INV16310,,3710.31,-0.0,3710.31,540658.86,Alderton Retail Ltd,ALDERTON RETAIL LTD,,,False,Lloyds_41283719_Oct24-Mar26.csv,874
LLOYDS-Lloyds_41283719_Oct24-Mar26-875,2025-06-10,Lloyds,41283719,,Northbridge Trading Ltd Current,BGC,BGC GLENMORE TRADING INV42707,,6106.77,-0.0,6106.77,546765.63,Glenmore Trading,GLENMORE TRADING,,,False,Lloyds_41283719_Oct24-Mar26.csv,875
LLOYDS-Lloyds_41283719_Oct24-Mar26-876,2025-06-10,Lloyds,41283719,,Northbridge Trading Ltd Current,BGC,BGC KINGSMEAD DISTRIBUTION INV68540,,788.89,-0.0,788.89,547554.52,Kingsmead Distribution,KINGSMEAD DISTRIBUTION,,,False,Lloyds_41283719_Oct24-Mar26.csv,876
LLOYDS-Lloyds_41283719_Oct24-Mar26-877,2025-06-10,Lloyds,41283719,,Northbridge Trading Ltd Current,BGC,BGC LARKHILL LTD INV43640,,6838.76,-0.0,6838.76,554393.28,Larkhill Ltd,LARKHILL LTD,,,False,Lloyds_41283719_Oct24-Mar26.csv,877
LLOYDS-Lloyds_41283719_Oct24-Mar26-878,2025-06-10,Lloyds,41283719,,Northbridge Trading Ltd Current,FPO,FPO PENNANT FREIGHT LTD REF 7783,7783,0.0,3034.53,-3034.53,551358.75,Pennant Freight Ltd,PENNANT FREIGHT LTD,,,False,Lloyds_41283719_Oct24-Mar26.csv,878
LLOYDS-Lloyds_41283719_Oct24-Mar26-879,2025-06-10,Lloyds,41283719,,Northbridge Trading Ltd Current,FPO,FPO THAMES WATER REF 6754,6754,0.0,3344.24,-3344.24,548014.51,Thames Water,THAMES WATER,,,False,Lloyds_41283719_Oct24-Mar26.csv,879
LLOYDS-Lloyds_41283719_Oct24-Mar26-880,2025-06-11,Lloyds,41283719,,Northbridge Trading Ltd Current,BGC,BGC BEXLEY HOMEWARE PLC INV48654,,856.61,-0.0,856.61,548871.12,Bexley Homeware Plc,BEXLEY HOMEWARE PLC,,,False,Lloyds_41283719_Oct24-Mar26.csv,880
LLOYDS-Lloyds_41283719_Oct24-Mar26-881,2025-06-11,Lloyds,41283719,,Northbridge Trading Ltd Current,BGC,BGC FAIRBANK WHOLESALE INV59212,,1955.06,-0.0,1955.06,550826.18,Fairbank Wholesale,FAIRBANK WHOLESALE,,,False,Lloyds_41283719_Oct24-Mar26.csv,881
LLOYDS-Lloyds_41283719_Oct24-Mar26-882,2025-06-11,Lloyds,41283719,,Northbridge Trading Ltd Current,BGC,BGC HEXHAM SUPPLIES LTD INV31319,,4220.04,-0.0,4220.04,555046.22,Hexham Supplies Ltd,HEXHAM SUPPLIES LTD,,,False,Lloyds_41283719_Oct24-Mar26.csv,882
LLOYDS-Lloyds_41283719_Oct24-Mar26-883,2025-06-11,Lloyds,41283719,,Northbridge Trading Ltd Current,BGC,BGC ISLEY & CO INV23726,,1278.76,-0.0,1278.76,556324.98,Isley & Co,ISLEY AND CO,,,False,Lloyds_41283719_Oct24-Mar26.csv,883
LLOYDS-Lloyds_41283719_Oct24-Mar26-884,2025-06-11,Lloyds,41283719,,Northbridge Trading Ltd Current,FPO,FPO SABLE MARKETING LTD REF 2525,2525,0.0,2127.01,-2127.01,554197.97,Sable Marketing Ltd,SABLE MARKETING LTD,,,False,Lloyds_41283719_Oct24-Mar26.csv,884
LLOYDS-Lloyds_41283719_Oct24-Mar26-885,2025-06-12,Lloyds,41283719,,Northbridge Trading Ltd Current,BGC,BGC ALDERTON RETAIL LTD INV66534,,8051.05,-0.0,8051.05,562249.02,Alderton Retail Ltd,ALDERTON RETAIL LTD,,,False,Lloyds_41283719_Oct24-Mar26.csv,885
LLOYDS-Lloyds_41283719_Oct24-Mar26-886,2025-06-12,Lloyds,41283719,,Northbridge Trading Ltd Current,BGC,BGC FAIRBANK WHOLESALE INV17019,,1489.81,-0.0,1489.81,563738.83,Fairbank Wholesale,FAIRBANK WHOLESALE,,,False,Lloyds_41283719_Oct24-Mar26.csv,886
LLOYDS-Lloyds_41283719_Oct24-Mar26-887,2025-06-12,Lloyds,41283719,,Northbridge Trading Ltd Current,BGC,BGC FAIRBANK WHOLESALE INV89602,,7640.08,-0.0,7640.08,571378.91,Fairbank Wholesale,FAIRBANK WHOLESALE,,,False,Lloyds_41283719_Oct24-Mar26.csv,887
LLOYDS-Lloyds_41283719_Oct24-Mar26-888,2025-06-12,Lloyds,41283719,,Northbridge Trading Ltd Current,BGC,BGC GLENMORE TRADING INV34901,,3892.38,-0.0,3892.38,575271.29,Glenmore Trading,GLENMORE TRADING,,,False,Lloyds_41283719_Oct24-Mar26.csv,888
LLOYDS-Lloyds_41283719_Oct24-Mar26-889,2025-06-12,Lloyds,41283719,,Northbridge Trading Ltd Current,DD,DD BRITISH GAS BUSINESS,,0.0,626.1,-626.1,574645.19,British Gas Business,BRITISH GAS BUSINESS,,,False,Lloyds_41283719_Oct24-Mar26.csv,889
LLOYDS-Lloyds_41283719_Oct24-Mar26-890,2025-06-12,Lloyds,41283719,,Northbridge Trading Ltd Current,DD,DD BT BUSINESS,,0.0,407.91,-407.91,574237.28,Bt Business,BT BUSINESS,,,False,Lloyds_41283719_Oct24-Mar26.csv,890
LLOYDS-Lloyds_41283719_Oct24-Mar26-891,2025-06-12,Lloyds,41283719,,Northbridge Trading Ltd Current,DD,DD LUMEN ENERGY LTD,,0.0,1153.67,-1153.67,573083.61,Lumen Energy Ltd,LUMEN ENERGY LTD,,,False,Lloyds_41283719_Oct24-Mar26.csv,891
LLOYDS-Lloyds_41283719_Oct24-Mar26-892,2025-06-12,Lloyds,41283719,,Northbridge Trading Ltd Current,DD,DD THAMES WATER,,0.0,201.75,-201.75,572881.86,Thames Water,THAMES WATER,,,False,Lloyds_41283719_Oct24-Mar26.csv,892
LLOYDS-Lloyds_41283719_Oct24-Mar26-893,2025-06-12,Lloyds,41283719,,Northbridge Trading Ltd Current,FPO,FPO SABLE MARKETING LTD REF 5346,5346,0.0,4014.5,-4014.5,568867.36,Sable Marketing Ltd,SABLE MARKETING LTD,,,False,Lloyds_41283719_Oct24-Mar26.csv,893
LLOYDS-Lloyds_41283719_Oct24-Mar26-894,2025-06-12,Lloyds,41283719,,Northbridge Trading Ltd Current,FPO,FPO STONEBRIDGE INSURANCE BROKERS REF 4891,4891,0.0,711.11,-711.11,568156.25,Stonebridge Insurance Brokers,STONEBRIDGE INSURANCE BROKERS,,,False,Lloyds_41283719_Oct24-Mar26.csv,894
LLOYDS-Lloyds_41283719_Oct24-Mar26-895,2025-06-12,Lloyds,41283719,,Northbridge Trading Ltd Current,FPO,FPO THAMES WATER REF 9043,9043,0.0,1048.5,-1048.5,567107.75,Thames Water,THAMES WATER,,,False,Lloyds_41283719_Oct24-Mar26.csv,895
LLOYDS-Lloyds_41283719_Oct24-Mar26-896,2025-06-13,Lloyds,41283719,,Northbridge Trading Ltd Current,BGC,BGC GLENMORE TRADING INV32391,,5677.89,-0.0,5677.89,572785.64,Glenmore Trading,GLENMORE TRADING,,,False,Lloyds_41283719_Oct24-Mar26.csv,896
LLOYDS-Lloyds_41283719_Oct24-Mar26-897,2025-06-13,Lloyds,41283719,,Northbridge Trading Ltd Current,FPO,FPO VODAFONE BUSINESS REF 2892,2892,0.0,1953.87,-1953.87,570831.77,Vodafone Business,VODAFONE BUSINESS,,,False,Lloyds_41283719_Oct24-Mar26.csv,897
BARCLAYS-Barclays_90311276_export-64,2025-06-16,Barclays,90311276,20-45-18,Northbridge Trading Ltd,,TFR FROM 30-96-26 41283719,,4000.0,0.0,4000.0,32584.93,Northbridge Trading Ltd,NORTHBRIDGE TRADING LTD,30-96-26,41283719,True,Barclays_90311276_export.csv,64
LLOYDS-Lloyds_41283719_Oct24-Mar26-898,2025-06-16,Lloyds,41283719,,Northbridge Trading Ltd Current,BGC,BGC BEXLEY HOMEWARE PLC INV44510,,4129.98,-0.0,4129.98,574961.75,Bexley Homeware Plc,BEXLEY HOMEWARE PLC,,,False,Lloyds_41283719_Oct24-Mar26.csv,898
LLOYDS-Lloyds_41283719_Oct24-Mar26-899,2025-06-16,Lloyds,41283719,,Northbridge Trading Ltd Current,BGC,BGC MARSDEN DIY INV34232,,3593.96,-0.0,3593.96,578555.71,Marsden Diy,MARSDEN DIY,,,False,Lloyds_41283719_Oct24-Mar26.csv,899
LLOYDS-Lloyds_41283719_Oct24-Mar26-900,2025-06-16,Lloyds,41283719,,Northbridge Trading Ltd Current,BGC,BGC MARSDEN DIY INV58418,,2155.35,-0.0,2155.35,580711.06,Marsden Diy,MARSDEN DIY,,,False,Lloyds_41283719_Oct24-Mar26.csv,900
LLOYDS-Lloyds_41283719_Oct24-Mar26-901,2025-06-16,Lloyds,41283719,,Northbridge Trading Ltd Current,FPO,FPO HALCYON IT SERVICES REF 5400,5400,0.0,3450.84,-3450.84,577260.22,Halcyon It Services,HALCYON IT SERVICES,,,False,Lloyds_41283719_Oct24-Mar26.csv,901
LLOYDS-Lloyds_41283719_Oct24-Mar26-902,2025-06-16,Lloyds,41283719,,Northbridge Trading Ltd Current,FPO,FPO OAKLINE OFFICE LTD REF 2584,2584,0.0,651.39,-651.39,576608.83,Oakline Office Ltd,OAKLINE OFFICE LTD,,,False,Lloyds_41283719_Oct24-Mar26.csv,902
LLOYDS-Lloyds_41283719_Oct24-Mar26-903,2025-06-16,Lloyds,41283719,,Northbridge Trading Ltd Current,TFR,TFR TO 20-45-18 90311276,,0.0,4000.0,-4000.0,572608.83,Northbridge Trading Ltd,NORTHBRIDGE TRADING LTD,20-45-18,90311276,True,Lloyds_41283719_Oct24-Mar26.csv,903
LLOYDS-Lloyds_41283719_Oct24-Mar26-904,2025-06-17,Lloyds,41283719,,Northbridge Trading Ltd Current,BGC,BGC HEXHAM SUPPLIES LTD INV82561,,1175.67,-0.0,1175.67,573784.5,Hexham Supplies Ltd,HEXHAM SUPPLIES LTD,,,False,Lloyds_41283719_Oct24-Mar26.csv,904
LLOYDS-Lloyds_41283719_Oct24-Mar26-905,2025-06-17,Lloyds,41283719,,Northbridge Trading Ltd Current,BGC,BGC MARSDEN DIY INV78495,,3965.33,-0.0,3965.33,577749.83,Marsden Diy,MARSDEN DIY,,,False,Lloyds_41283719_Oct24-Mar26.csv,905
LLOYDS-Lloyds_41283719_Oct24-Mar26-906,2025-06-17,Lloyds,41283719,,Northbridge Trading Ltd Current,BGC,BGC RAVENSCOURT LTD INV72236,,5167.17,-0.0,5167.17,582917.0,Ravenscourt Ltd,RAVENSCOURT LTD,,,False,Lloyds_41283719_Oct24-Mar26.csv,906
LLOYDS-Lloyds_41283719_Oct24-Mar26-907,2025-06-17,Lloyds,41283719,,Northbridge Trading Ltd Current,FPO,FPO VODAFONE BUSINESS REF 5896,5896,0.0,611.89,-611.89,582305.11,Vodafone Business,VODAFONE BUSINESS,,,False,Lloyds_41283719_Oct24-Mar26.csv,907
LLOYDS-Lloyds_41283719_Oct24-Mar26-908,2025-06-18,Lloyds,41283719,,Northbridge Trading Ltd Current,BGC,BGC ORWELL FURNISHINGS LTD INV32659,,8102.68,-0.0,8102.68,590407.79,Orwell Furnishings Ltd,ORWELL FURNISHINGS LTD,,,False,Lloyds_41283719_Oct24-Mar26.csv,908
LLOYDS-Lloyds_41283719_Oct24-Mar26-909,2025-06-18,Lloyds,41283719,,Northbridge Trading Ltd Current,BGC,BGC SELBY HOME STORES INV77740,,6943.51,-0.0,6943.51,597351.3,Selby Home Stores,SELBY HOME STORES,,,False,Lloyds_41283719_Oct24-Mar26.csv,909
LLOYDS-Lloyds_41283719_Oct24-Mar26-910,2025-06-18,Lloyds,41283719,,Northbridge Trading Ltd Current,BGC,BGC TAMAR TRADERS INV29326,,1638.2,-0.0,1638.2,598989.5,Tamar Traders,TAMAR TRADERS,,,False,Lloyds_41283719_Oct24-Mar26.csv,910
LLOYDS-Lloyds_41283719_Oct24-Mar26-911,2025-06-18,Lloyds,41283719,,Northbridge Trading Ltd Current,FPO,FPO FENWICK COMPONENTS LTD REF 4157,4157,0.0,888.19,-888.19,598101.31,Fenwick Components Ltd,FENWICK COMPONENTS LTD,,,False,Lloyds_41283719_Oct24-Mar26.csv,911
BARCLAYS-Barclays_90311276_export-65,2025-06-19,Barclays,90311276,20-45-18,Northbridge Trading Ltd,,CARD PAYMENT SAGE SOFTWARE,,0.0,71.76,-71.76,32513.17,Sage Software,SAGE SOFTWARE,,,False,Barclays_90311276_export.csv,65
LLOYDS-Lloyds_41283719_Oct24-Mar26-912,2025-06-19,Lloyds,41283719,,Northbridge Trading Ltd Current,BGC,BGC CASTLEFORD STORES INV21406,,3727.17,-0.0,3727.17,601828.48,Castleford Stores,CASTLEFORD STORES,,,False,Lloyds_41283719_Oct24-Mar26.csv,912
LLOYDS-Lloyds_41283719_Oct24-Mar26-913,2025-06-19,Lloyds,41283719,,Northbridge Trading Ltd Current,BGC,BGC GLENMORE TRADING INV92211,,1853.45,-0.0,1853.45,603681.93,Glenmore Trading,GLENMORE TRADING,,,False,Lloyds_41283719_Oct24-Mar26.csv,913
LLOYDS-Lloyds_41283719_Oct24-Mar26-914,2025-06-19,Lloyds,41283719,,Northbridge Trading Ltd Current,BGC,BGC TAMAR TRADERS INV43801,,3194.05,-0.0,3194.05,606875.98,Tamar Traders,TAMAR TRADERS,,,False,Lloyds_41283719_Oct24-Mar26.csv,914
LLOYDS-Lloyds_41283719_Oct24-Mar26-915,2025-06-19,Lloyds,41283719,,Northbridge Trading Ltd Current,FPO,FPO RIDLEY TOOLS LTD REF 8506,8506,0.0,5515.4,-5515.4,601360.58,Ridley Tools Ltd,RIDLEY TOOLS LTD,,,False,Lloyds_41283719_Oct24-Mar26.csv,915
LLOYDS-Lloyds_41283719_Oct24-Mar26-916,2025-06-19,Lloyds,41283719,,Northbridge Trading Ltd Current,FPO,FPO SABLE MARKETING LTD REF 6343,6343,0.0,5161.25,-5161.25,596199.33,Sable Marketing Ltd,SABLE MARKETING LTD,,,False,Lloyds_41283719_Oct24-Mar26.csv,916
LLOYDS-Lloyds_41283719_Oct24-Mar26-917,2025-06-20,Lloyds,41283719,,Northbridge Trading Ltd Current,BGC,BGC DENBY GARDEN CENTRES INV23845,,5088.93,-0.0,5088.93,601288.26,Denby Garden Centres,DENBY GARDEN CENTRES,,,False,Lloyds_41283719_Oct24-Mar26.csv,917
LLOYDS-Lloyds_41283719_Oct24-Mar26-918,2025-06-20,Lloyds,41283719,,Northbridge Trading Ltd Current,BGC,BGC DENBY GARDEN CENTRES INV47498,,7466.31,-0.0,7466.31,608754.57,Denby Garden Centres,DENBY GARDEN CENTRES,,,False,Lloyds_41283719_Oct24-Mar26.csv,918
LLOYDS-Lloyds_41283719_Oct24-Mar26-919,2025-06-20,Lloyds,41283719,,Northbridge Trading Ltd Current,BGC,BGC SELBY HOME STORES INV86372,,6615.34,-0.0,6615.34,615369.91,Selby Home Stores,SELBY HOME STORES,,,False,Lloyds_41283719_Oct24-Mar26.csv,919
LLOYDS-Lloyds_41283719_Oct24-Mar26-920,2025-06-20,Lloyds,41283719,,Northbridge Trading Ltd Current,FPO,FPO BRITISH GAS BUSINESS REF 5327,5327,0.0,2390.8,-2390.8,612979.11,British Gas Business,BRITISH GAS BUSINESS,,,False,Lloyds_41283719_Oct24-Mar26.csv,920
LLOYDS-Lloyds_41283719_Oct24-Mar26-921,2025-06-20,Lloyds,41283719,,Northbridge Trading Ltd Current,FPO,FPO VODAFONE BUSINESS REF 8750,8750,0.0,369.17,-369.17,612609.94,Vodafone Business,VODAFONE BUSINESS,,,False,Lloyds_41283719_Oct24-Mar26.csv,921
LLOYDS-Lloyds_41283719_Oct24-Mar26-922,2025-06-20,Lloyds,41283719,,Northbridge Trading Ltd Current,TFR,TFR TO 60-12-44 77120931,,0.0,56000.0,-56000.0,556609.94,Northbridge Trading Ltd,NORTHBRIDGE TRADING LTD,60-12-44,77120931,True,Lloyds_41283719_Oct24-Mar26.csv,922
NATWEST-NatWest_77120931_statement-134,2025-06-20,NatWest,77120931,,Northbridge Trading Ltd,TFR,TFR FROM 30-96-26 41283719,,56000.0,0.0,56000.0,151168.39,Northbridge Trading Ltd,NORTHBRIDGE TRADING LTD,30-96-26,41283719,True,NatWest_77120931_statement.xlsx,134
BARCLAYS-Barclays_90311276_export-66,2025-06-23,Barclays,90311276,20-45-18,Northbridge Trading Ltd,,CARD PAYMENT ROYAL MAIL,,0.0,468.14,-468.14,32045.03,Royal Mail,ROYAL MAIL,,,False,Barclays_90311276_export.csv,66
LLOYDS-Lloyds_41283719_Oct24-Mar26-923,2025-06-23,Lloyds,41283719,,Northbridge Trading Ltd Current,BGC,BGC HEXHAM SUPPLIES LTD INV16460,,6516.85,-0.0,6516.85,563126.79,Hexham Supplies Ltd,HEXHAM SUPPLIES LTD,,,False,Lloyds_41283719_Oct24-Mar26.csv,923
LLOYDS-Lloyds_41283719_Oct24-Mar26-924,2025-06-23,Lloyds,41283719,,Northbridge Trading Ltd Current,BGC,BGC ISLEY & CO INV58816,,857.82,-0.0,857.82,563984.61,Isley & Co,ISLEY AND CO,,,False,Lloyds_41283719_Oct24-Mar26.csv,924
LLOYDS-Lloyds_41283719_Oct24-Mar26-925,2025-06-23,Lloyds,41283719,,Northbridge Trading Ltd Current,FPO,FPO BRAMBLE ACCOUNTANTS REF 2609,2609,0.0,5839.11,-5839.11,558145.5,Bramble Accountants,BRAMBLE ACCOUNTANTS,,,False,Lloyds_41283719_Oct24-Mar26.csv,925
LLOYDS-Lloyds_41283719_Oct24-Mar26-926,2025-06-23,Lloyds,41283719,,Northbridge Trading Ltd Current,FPO,FPO STONEBRIDGE INSURANCE BROKERS REF 5593,5593,0.0,5080.65,-5080.65,553064.85,Stonebridge Insurance Brokers,STONEBRIDGE INSURANCE BROKERS,,,False,Lloyds_41283719_Oct24-Mar26.csv,926
NATWEST-NatWest_77120931_statement-135,2025-06-23,NatWest,77120931,,Northbridge Trading Ltd,FPO,FPO HMRC PAYE 0625,,0.0,12121.48,-12121.48,139046.91,HMRC,HMRC,,,False,NatWest_77120931_statement.xlsx,135
BARCLAYS-Barclays_90311276_export-67,2025-06-24,Barclays,90311276,20-45-18,Northbridge Trading Ltd,,CARD PAYMENT SAGE SOFTWARE,,0.0,82.4,-82.4,31962.63,Sage Software,SAGE SOFTWARE,,,False,Barclays_90311276_export.csv,67
LLOYDS-Lloyds_41283719_Oct24-Mar26-927,2025-06-24,Lloyds,41283719,,Northbridge Trading Ltd Current,BGC,BGC CASTLEFORD STORES INV34633,,4145.39,-0.0,4145.39,557210.24,Castleford Stores,CASTLEFORD STORES,,,False,Lloyds_41283719_Oct24-Mar26.csv,927
LLOYDS-Lloyds_41283719_Oct24-Mar26-928,2025-06-24,Lloyds,41283719,,Northbridge Trading Ltd Current,BGC,BGC ISLEY & CO INV64627,,5418.84,-0.0,5418.84,562629.08,Isley & Co,ISLEY AND CO,,,False,Lloyds_41283719_Oct24-Mar26.csv,928
LLOYDS-Lloyds_41283719_Oct24-Mar26-929,2025-06-24,Lloyds,41283719,,Northbridge Trading Ltd Current,FPO,FPO COASTLINE LOGISTICS LTD REF 9442,9442,0.0,4780.22,-4780.22,557848.86,Coastline Logistics Ltd,COASTLINE LOGISTICS LTD,,,False,Lloyds_41283719_Oct24-Mar26.csv,929
LLOYDS-Lloyds_41283719_Oct24-Mar26-930,2025-06-24,Lloyds,41283719,,Northbridge Trading Ltd Current,FPO,FPO VODAFONE BUSINESS REF 9462,9462,0.0,5223.06,-5223.06,552625.8,Vodafone Business,VODAFONE BUSINESS,,,False,Lloyds_41283719_Oct24-Mar26.csv,930
LLOYDS-Lloyds_41283719_Oct24-Mar26-931,2025-06-25,Lloyds,41283719,,Northbridge Trading Ltd Current,BGC,BGC ALDERTON RETAIL LTD INV32772,,2203.55,-0.0,2203.55,554829.35,Alderton Retail Ltd,ALDERTON RETAIL LTD,,,False,Lloyds_41283719_Oct24-Mar26.csv,931
LLOYDS-Lloyds_41283719_Oct24-Mar26-932,2025-06-25,Lloyds,41283719,,Northbridge Trading Ltd Current,BGC,BGC GLENMORE TRADING INV17553,,2646.02,-0.0,2646.02,557475.37,Glenmore Trading,GLENMORE TRADING,,,False,Lloyds_41283719_Oct24-Mar26.csv,932
LLOYDS-Lloyds_41283719_Oct24-Mar26-933,2025-06-25,Lloyds,41283719,,Northbridge Trading Ltd Current,BGC,BGC ORWELL FURNISHINGS LTD INV16626,,7860.64,-0.0,7860.64,565336.01,Orwell Furnishings Ltd,ORWELL FURNISHINGS LTD,,,False,Lloyds_41283719_Oct24-Mar26.csv,933
LLOYDS-Lloyds_41283719_Oct24-Mar26-934,2025-06-25,Lloyds,41283719,,Northbridge Trading Ltd Current,FPO,FPO REDGATE CLEANING LTD REF 7035,7035,0.0,4967.51,-4967.51,560368.5,Redgate Cleaning Ltd,REDGATE CLEANING LTD,,,False,Lloyds_41283719_Oct24-Mar26.csv,934
NATWEST-NatWest_77120931_statement-136,2025-06-25,NatWest,77120931,,Northbridge Trading Ltd,FPO,FPO A PATEL SALARY JUN25,,0.0,2980.2,-2980.2,136066.71,A Patel,A PATEL,,,False,NatWest_77120931_statement.xlsx,136
NATWEST-NatWest_77120931_statement-137,2025-06-25,NatWest,77120931,,Northbridge Trading Ltd,FPO,FPO C WALSH SALARY JUN25,,0.0,2897.7,-2897.7,133169.01,C Walsh,C WALSH,,,False,NatWest_77120931_statement.xlsx,137
NATWEST-NatWest_77120931_statement-138,2025-06-25,NatWest,77120931,,Northbridge Trading Ltd,FPO,FPO D O'BRIEN SALARY JUN25,,0.0,2494.59,-2494.59,130674.42,D O'Brien,D O'BRIEN,,,False,NatWest_77120931_statement.xlsx,138
NATWEST-NatWest_77120931_statement-139,2025-06-25,NatWest,77120931,,Northbridge Trading Ltd,FPO,FPO E MORGAN SALARY JUN25,,0.0,2201.89,-2201.89,128472.53,E Morgan,E MORGAN,,,False,NatWest_77120931_statement.xlsx,139
NATWEST-NatWest_77120931_statement-140,2025-06-25,NatWest,77120931,,Northbridge Trading Ltd,FPO,FPO H SCHMIDT SALARY JUN25,,0.0,2177.97,-2177.97,126294.56,H Schmidt,H SCHMIDT,,,False,NatWest_77120931_statement.xlsx,140
NATWEST-NatWest_77120931_statement-141,2025-06-25,NatWest,77120931,,Northbridge Trading Ltd,FPO,FPO J SMITH SALARY JUN25,,0.0,4200.0,-4200.0,122094.56,J Smith,J SMITH,,,False,NatWest_77120931_statement.xlsx,141
NATWEST-NatWest_77120931_statement-142,2025-06-25,NatWest,77120931,,Northbridge Trading Ltd,FPO,FPO J TAYLOR SALARY JUN25,,0.0,3173.23,-3173.23,118921.33,J Taylor,J TAYLOR,,,False,NatWest_77120931_statement.xlsx,142
NATWEST-NatWest_77120931_statement-143,2025-06-25,NatWest,77120931,,Northbridge Trading Ltd,FPO,FPO L KOWALSKI SALARY JUN25,,0.0,1951.96,-1951.96,116969.37,L Kowalski,L KOWALSKI,,,False,NatWest_77120931_statement.xlsx,143
NATWEST-NatWest_77120931_statement-144,2025-06-25,NatWest,77120931,,Northbridge Trading Ltd,FPO,FPO M HUGHES SALARY JUN25,,0.0,2533.19,-2533.19,114436.18,M Hughes,M HUGHES,,,False,NatWest_77120931_statement.xlsx,144
NATWEST-NatWest_77120931_statement-145,2025-06-25,NatWest,77120931,,Northbridge Trading Ltd,FPO,FPO P SINGH SALARY JUN25,,0.0,3420.64,-3420.64,111015.54,P Singh,P SINGH,,,False,NatWest_77120931_statement.xlsx,145
NATWEST-NatWest_77120931_statement-146,2025-06-25,NatWest,77120931,,Northbridge Trading Ltd,FPO,FPO R DAVIES SALARY JUN25,,0.0,2909.87,-2909.87,108105.67,R Davies,R DAVIES,,,False,NatWest_77120931_statement.xlsx,146
NATWEST-NatWest_77120931_statement-147,2025-06-25,NatWest,77120931,,Northbridge Trading Ltd,FPO,FPO S OKAFOR SALARY JUN25,,0.0,2110.58,-2110.58,105995.09,S Okafor,S OKAFOR,,,False,NatWest_77120931_statement.xlsx,147
NATWEST-NatWest_77120931_statement-148,2025-06-25,NatWest,77120931,,Northbridge Trading Ltd,FPO,FPO T NGUYEN SALARY JUN25,,0.0,3379.82,-3379.82,102615.27,T Nguyen,T NGUYEN,,,False,NatWest_77120931_statement.xlsx,148
BARCLAYS-Barclays_90311276_export-68,2025-06-26,Barclays,90311276,20-45-18,Northbridge Trading Ltd,,CASH WDL 26JUN,,0.0,100.0,-100.0,31862.63,CASH,CASH,,,False,Barclays_90311276_export.csv,68
LLOYDS-Lloyds_41283719_Oct24-Mar26-935,2025-06-26,Lloyds,41283719,,Northbridge Trading Ltd Current,BGC,BGC ALDERTON RETAIL LTD INV60667,,1087.28,-0.0,1087.28,561455.78,Alderton Retail Ltd,ALDERTON RETAIL LTD,,,False,Lloyds_41283719_Oct24-Mar26.csv,935
LLOYDS-Lloyds_41283719_Oct24-Mar26-936,2025-06-26,Lloyds,41283719,,Northbridge Trading Ltd Current,BGC,BGC SELBY HOME STORES INV38091,,7385.47,-0.0,7385.47,568841.25,Selby Home Stores,SELBY HOME STORES,,,False,Lloyds_41283719_Oct24-Mar26.csv,936
LLOYDS-Lloyds_41283719_Oct24-Mar26-937,2025-06-26,Lloyds,41283719,,Northbridge Trading Ltd Current,FPO,FPO BRAMBLE ACCOUNTANTS REF 4387,4387,0.0,1724.14,-1724.14,567117.11,Bramble Accountants,BRAMBLE ACCOUNTANTS,,,False,Lloyds_41283719_Oct24-Mar26.csv,937
LLOYDS-Lloyds_41283719_Oct24-Mar26-938,2025-06-27,Lloyds,41283719,,Northbridge Trading Ltd Current,BGC,BGC ALDERTON RETAIL LTD INV39329,,2668.65,-0.0,2668.65,569785.76,Alderton Retail Ltd,ALDERTON RETAIL LTD,,,False,Lloyds_41283719_Oct24-Mar26.csv,938
LLOYDS-Lloyds_41283719_Oct24-Mar26-939,2025-06-27,Lloyds,41283719,,Northbridge Trading Ltd Current,BGC,BGC EVERLY INTERIORS LTD INV94852,,2050.97,-0.0,2050.97,571836.73,Everly Interiors Ltd,EVERLY INTERIORS LTD,,,False,Lloyds_41283719_Oct24-Mar26.csv,939
LLOYDS-Lloyds_41283719_Oct24-Mar26-940,2025-06-27,Lloyds,41283719,,Northbridge Trading Ltd Current,BGC,BGC JARROW BUILDERS MERCHANTS INV94245,,2847.95,-0.0,2847.95,574684.68,Jarrow Builders Merchants,JARROW BUILDERS MERCHANTS,,,False,Lloyds_41283719_Oct24-Mar26.csv,940
LLOYDS-Lloyds_41283719_Oct24-Mar26-941,2025-06-27,Lloyds,41283719,,Northbridge Trading Ltd Current,FPO,FPO BT BUSINESS REF 5950,5950,0.0,4111.6,-4111.6,570573.08,Bt Business,BT BUSINESS,,,False,Lloyds_41283719_Oct24-Mar26.csv,941
LLOYDS-Lloyds_41283719_Oct24-Mar26-942,2025-06-27,Lloyds,41283719,,Northbridge Trading Ltd Current,FPO,FPO LUMEN ENERGY LTD REF 8520,8520,0.0,1624.19,-1624.19,568948.89,Lumen Energy Ltd,LUMEN ENERGY LTD,,,False,Lloyds_41283719_Oct24-Mar26.csv,942
LLOYDS-Lloyds_41283719_Oct24-Mar26-943,2025-06-30,Lloyds,41283719,,Northbridge Trading Ltd Current,BGC,BGC JARROW BUILDERS MERCHANTS INV49121,,6038.42,-0.0,6038.42,574987.31,Jarrow Builders Merchants,JARROW BUILDERS MERCHANTS,,,False,Lloyds_41283719_Oct24-Mar26.csv,943
LLOYDS-Lloyds_41283719_Oct24-Mar26-944,2025-06-30,Lloyds,41283719,,Northbridge Trading Ltd Current,BGC,BGC RAVENSCOURT LTD INV94848,,5331.43,-0.0,5331.43,580318.74,Ravenscourt Ltd,RAVENSCOURT LTD,,,False,Lloyds_41283719_Oct24-Mar26.csv,944
LLOYDS-Lloyds_41283719_Oct24-Mar26-945,2025-06-30,Lloyds,41283719,,Northbridge Trading Ltd Current,DEB,ACCOUNT FEE,,0.0,37.56,-37.56,580281.18,Lloyds,LLOYDS,,,False,Lloyds_41283719_Oct24-Mar26.csv,945
LLOYDS-Lloyds_41283719_Oct24-Mar26-946,2025-06-30,Lloyds,41283719,,Northbridge Trading Ltd Current,FPO,FPO ASHFORD STEEL SUPPLIES REF 6509,6509,0.0,5931.91,-5931.91,574349.27,Ashford Steel Supplies,ASHFORD STEEL SUPPLIES,,,False,Lloyds_41283719_Oct24-Mar26.csv,946
LLOYDS-Lloyds_41283719_Oct24-Mar26-947,2025-06-30,Lloyds,41283719,,Northbridge Trading Ltd Current,FPO,FPO ELLERY LEGAL LLP REF 6327,6327,0.0,5189.73,-5189.73,569159.54,Ellery Legal Llp,ELLERY LEGAL LLP,,,False,Lloyds_41283719_Oct24-Mar26.csv,947
NATWEST-NatWest_77120931_statement-149,2025-06-30,NatWest,77120931,,Northbridge Trading Ltd,DEB,ACCOUNT CHARGES,,0.0,30.23,-30.23,102585.04,NatWest,NATWEST,,,False,NatWest_77120931_statement.xlsx,149
LLOYDS-Lloyds_41283719_Oct24-Mar26-948,2025-07-01,Lloyds,41283719,,Northbridge Trading Ltd Current,BGC,BGC EVERLY INTERIORS LTD INV13336,,5812.12,-0.0,5812.12,574971.66,Everly Interiors Ltd,EVERLY INTERIORS LTD,,,False,Lloyds_41283719_Oct24-Mar26.csv,948
LLOYDS-Lloyds_41283719_Oct24-Mar26-949,2025-07-01,Lloyds,41283719,,Northbridge Trading Ltd Current,BGC,BGC HEXHAM SUPPLIES LTD INV17441,,6982.35,-0.0,6982.35,581954.01,Hexham Supplies Ltd,HEXHAM SUPPLIES LTD,,,False,Lloyds_41283719_Oct24-Mar26.csv,949
LLOYDS-Lloyds_41283719_Oct24-Mar26-950,2025-07-01,Lloyds,41283719,,Northbridge Trading Ltd Current,BGC,BGC JARROW BUILDERS MERCHANTS INV34688,,1869.45,-0.0,1869.45,583823.46,Jarrow Builders Merchants,JARROW BUILDERS MERCHANTS,,,False,Lloyds_41283719_Oct24-Mar26.csv,950
LLOYDS-Lloyds_41283719_Oct24-Mar26-951,2025-07-01,Lloyds,41283719,,Northbridge Trading Ltd Current,BGC,BGC TAMAR TRADERS INV62965,,5852.14,-0.0,5852.14,589675.6,Tamar Traders,TAMAR TRADERS,,,False,Lloyds_41283719_Oct24-Mar26.csv,951
LLOYDS-Lloyds_41283719_Oct24-Mar26-952,2025-07-01,Lloyds,41283719,,Northbridge Trading Ltd Current,DD,DD HARTWELL FINANCE PLC,,0.0,3180.4,-3180.4,586495.2,Hartwell Finance plc,HARTWELL FINANCE PLC,,,False,Lloyds_41283719_Oct24-Mar26.csv,952
LLOYDS-Lloyds_41283719_Oct24-Mar26-953,2025-07-01,Lloyds,41283719,,Northbridge Trading Ltd Current,FPO,FPO COASTLINE LOGISTICS LTD REF 4111,4111,0.0,2157.53,-2157.53,584337.67,Coastline Logistics Ltd,COASTLINE LOGISTICS LTD,,,False,Lloyds_41283719_Oct24-Mar26.csv,953
LLOYDS-Lloyds_41283719_Oct24-Mar26-954,2025-07-01,Lloyds,41283719,,Northbridge Trading Ltd Current,FPO,FPO REDGATE CLEANING LTD REF 7857,7857,0.0,2516.9,-2516.9,581820.77,Redgate Cleaning Ltd,REDGATE CLEANING LTD,,,False,Lloyds_41283719_Oct24-Mar26.csv,954
LLOYDS-Lloyds_41283719_Oct24-Mar26-955,2025-07-01,Lloyds,41283719,,Northbridge Trading Ltd Current,SO,SO ASHCOMBE ESTATES RENT,,0.0,6250.0,-6250.0,575570.77,Ashcombe Estates,ASHCOMBE ESTATES,,,False,Lloyds_41283719_Oct24-Mar26.csv,955
LLOYDS-Lloyds_41283719_Oct24-Mar26-956,2025-07-02,Lloyds,41283719,,Northbridge Trading Ltd Current,BGC,BGC JARROW BUILDERS MERCHANTS INV32280,,7256.98,-0.0,7256.98,582827.75,Jarrow Builders Merchants,JARROW BUILDERS MERCHANTS,,,False,Lloyds_41283719_Oct24-Mar26.csv,956
LLOYDS-Lloyds_41283719_Oct24-Mar26-957,2025-07-02,Lloyds,41283719,,Northbridge Trading Ltd Current,BGC,BGC PEMBROKE LIVING INV26769,,6479.17,-0.0,6479.17,589306.92,Pembroke Living,PEMBROKE LIVING,,,False,Lloyds_41283719_Oct24-Mar26.csv,957
LLOYDS-Lloyds_41283719_Oct24-Mar26-958,2025-07-02,Lloyds,41283719,,Northbridge Trading Ltd Current,BGC,BGC PEMBROKE LIVING INV98063,,3496.28,-0.0,3496.28,592803.2,Pembroke Living,PEMBROKE LIVING,,,False,Lloyds_41283719_Oct24-Mar26.csv,958
LLOYDS-Lloyds_41283719_Oct24-Mar26-959,2025-07-02,Lloyds,41283719,,Northbridge Trading Ltd Current,BGC,BGC RAVENSCOURT LTD INV33741,,2991.52,-0.0,2991.52,595794.72,Ravenscourt Ltd,RAVENSCOURT LTD,,,False,Lloyds_41283719_Oct24-Mar26.csv,959
LLOYDS-Lloyds_41283719_Oct24-Mar26-960,2025-07-02,Lloyds,41283719,,Northbridge Trading Ltd Current,FPO,FPO HALCYON IT SERVICES REF 6820,6820,0.0,1456.47,-1456.47,594338.25,Halcyon It Services,HALCYON IT SERVICES,,,False,Lloyds_41283719_Oct24-Mar26.csv,960
LLOYDS-Lloyds_41283719_Oct24-Mar26-961,2025-07-02,Lloyds,41283719,,Northbridge Trading Ltd Current,FPO,FPO PENNANT FREIGHT LTD REF 6499,6499,0.0,3978.44,-3978.44,590359.81,Pennant Freight Ltd,PENNANT FREIGHT LTD,,,False,Lloyds_41283719_Oct24-Mar26.csv,961
LLOYDS-Lloyds_41283719_Oct24-Mar26-962,2025-07-02,Lloyds,41283719,,Northbridge Trading Ltd Current,FPO,FPO STONEBRIDGE INSURANCE BROKERS REF 7889,7889,0.0,4760.33,-4760.33,585599.48,Stonebridge Insurance Brokers,STONEBRIDGE INSURANCE BROKERS,,,False,Lloyds_41283719_Oct24-Mar26.csv,962
LLOYDS-Lloyds_41283719_Oct24-Mar26-963,2025-07-03,Lloyds,41283719,,Northbridge Trading Ltd Current,BGC,BGC ORWELL FURNISHINGS LTD INV25437,,4370.19,-0.0,4370.19,589969.67,Orwell Furnishings Ltd,ORWELL FURNISHINGS LTD,,,False,Lloyds_41283719_Oct24-Mar26.csv,963
LLOYDS-Lloyds_41283719_Oct24-Mar26-964,2025-07-03,Lloyds,41283719,,Northbridge Trading Ltd Current,BGC,BGC SELBY HOME STORES INV86062,,8065.55,-0.0,8065.55,598035.22,Selby Home Stores,SELBY HOME STORES,,,False,Lloyds_41283719_Oct24-Mar26.csv,964
LLOYDS-Lloyds_41283719_Oct24-Mar26-965,2025-07-03,Lloyds,41283719,,Northbridge Trading Ltd Current,FPO,FPO VODAFONE BUSINESS REF 4187,4187,0.0,3077.79,-3077.79,594957.43,Vodafone Business,VODAFONE BUSINESS,,,False,Lloyds_41283719_Oct24-Mar26.csv,965
LLOYDS-Lloyds_41283719_Oct24-Mar26-966,2025-07-04,Lloyds,41283719,,Northbridge Trading Ltd Current,BGC,BGC EVERLY INTERIORS LTD INV28004,,8440.31,-0.0,8440.31,603397.74,Everly Interiors Ltd,EVERLY INTERIORS LTD,,,False,Lloyds_41283719_Oct24-Mar26.csv,966
LLOYDS-Lloyds_41283719_Oct24-Mar26-967,2025-07-04,Lloyds,41283719,,Northbridge Trading Ltd Current,BGC,BGC NEWHAM HARDWARE INV17086,,7492.62,-0.0,7492.62,610890.36,Newham Hardware,NEWHAM HARDWARE,,,False,Lloyds_41283719_Oct24-Mar26.csv,967
LLOYDS-Lloyds_41283719_Oct24-Mar26-968,2025-07-04,Lloyds,41283719,,Northbridge Trading Ltd Current,FPO,FPO BRITISH GAS BUSINESS REF 8496,8496,0.0,987.86,-987.86,609902.5,British Gas Business,BRITISH GAS BUSINESS,,,False,Lloyds_41283719_Oct24-Mar26.csv,968
LLOYDS-Lloyds_41283719_Oct24-Mar26-969,2025-07-04,Lloyds,41283719,,Northbridge Trading Ltd Current,FPO,FPO PENNANT FREIGHT LTD REF 2324,2324,0.0,3002.35,-3002.35,606900.15,Pennant Freight Ltd,PENNANT FREIGHT LTD,,,False,Lloyds_41283719_Oct24-Mar26.csv,969
BARCLAYS-Barclays_90311276_export-69,2025-07-06,Barclays,90311276,20-45-18,Northbridge Trading Ltd,,CASH WDL 06JUL,,0.0,200.0,-200.0,31662.63,CASH,CASH,,,False,Barclays_90311276_export.csv,69
LLOYDS-Lloyds_41283719_Oct24-Mar26-970,2025-07-07,Lloyds,41283719,,Northbridge Trading Ltd Current,BGC,BGC FAIRBANK WHOLESALE INV85534,,6662.97,-0.0,6662.97,613563.12,Fairbank Wholesale,FAIRBANK WHOLESALE,,,False,Lloyds_41283719_Oct24-Mar26.csv,970
LLOYDS-Lloyds_41283719_Oct24-Mar26-971,2025-07-07,Lloyds,41283719,,Northbridge Trading Ltd Current,BGC,BGC PEMBROKE LIVING INV21539,,1709.37,-0.0,1709.37,615272.49,Pembroke Living,PEMBROKE LIVING,,,False,Lloyds_41283719_Oct24-Mar26.csv,971
LLOYDS-Lloyds_41283719_Oct24-Mar26-972,2025-07-07,Lloyds,41283719,,Northbridge Trading Ltd Current,FPO,FPO ELLERY LEGAL LLP REF 8035,8035,0.0,2509.85,-2509.85,612762.64,Ellery Legal Llp,ELLERY LEGAL LLP,,,False,Lloyds_41283719_Oct24-Mar26.csv,972
LLOYDS-Lloyds_41283719_Oct24-Mar26-973,2025-07-07,Lloyds,41283719,,Northbridge Trading Ltd Current,FPO,FPO HMRC VAT,,0.0,29690.55,-29690.55,583072.09,HMRC,HMRC,,,False,Lloyds_41283719_Oct24-Mar26.csv,973
LLOYDS-Lloyds_41283719_Oct24-Mar26-974,2025-07-07,Lloyds,41283719,,Northbridge Trading Ltd Current,FPO,FPO VODAFONE BUSINESS REF 7280,7280,0.0,177.31,-177.31,582894.78,Vodafone Business,VODAFONE BUSINESS,,,False,Lloyds_41283719_Oct24-Mar26.csv,974
LLOYDS-Lloyds_41283719_Oct24-Mar26-975,2025-07-08,Lloyds,41283719,,Northbridge Trading Ltd Current,BGC,BGC ALDERTON RETAIL LTD INV92141,,6422.11,-0.0,6422.11,589316.89,Alderton Retail Ltd,ALDERTON RETAIL LTD,,,False,Lloyds_41283719_Oct24-Mar26.csv,975
LLOYDS-Lloyds_41283719_Oct24-Mar26-976,2025-07-08,Lloyds,41283719,,Northbridge Trading Ltd Current,BGC,BGC QUAYSIDE RETAIL INV34979,,839.75,-0.0,839.75,590156.64,Quayside Retail,QUAYSIDE RETAIL,,,False,Lloyds_41283719_Oct24-Mar26.csv,976
LLOYDS-Lloyds_41283719_Oct24-Mar26-977,2025-07-08,Lloyds,41283719,,Northbridge Trading Ltd Current,FPO,FPO LUMEN ENERGY LTD REF 6113,6113,0.0,904.25,-904.25,589252.39,Lumen Energy Ltd,LUMEN ENERGY LTD,,,False,Lloyds_41283719_Oct24-Mar26.csv,977
BARCLAYS-Barclays_90311276_export-70,2025-07-09,Barclays,90311276,20-45-18,Northbridge Trading Ltd,,CARD PAYMENT SAGE SOFTWARE,,0.0,28.8,-28.8,31633.83,Sage Software,SAGE SOFTWARE,,,False,Barclays_90311276_export.csv,70
LLOYDS-Lloyds_41283719_Oct24-Mar26-978,2025-07-09,Lloyds,41283719,,Northbridge Trading Ltd Current,BGC,BGC CASTLEFORD STORES INV15992,,3025.98,-0.0,3025.98,592278.37,Castleford Stores,CASTLEFORD STORES,,,False,Lloyds_41283719_Oct24-Mar26.csv,978
LLOYDS-Lloyds_41283719_Oct24-Mar26-979,2025-07-09,Lloyds,41283719,,Northbridge Trading Ltd Current,BGC,BGC JARROW BUILDERS MERCHANTS INV69759,,6377.09,-0.0,6377.09,598655.46,Jarrow Builders Merchants,JARROW BUILDERS MERCHANTS,,,False,Lloyds_41283719_Oct24-Mar26.csv,979
LLOYDS-Lloyds_41283719_Oct24-Mar26-980,2025-07-09,Lloyds,41283719,,Northbridge Trading Ltd Current,FPO,FPO BRAMBLE ACCOUNTANTS REF 3192,3192,0.0,2154.99,-2154.99,596500.47,Bramble Accountants,BRAMBLE ACCOUNTANTS,,,False,Lloyds_41283719_Oct24-Mar26.csv,980
LLOYDS-Lloyds_41283719_Oct24-Mar26-981,2025-07-09,Lloyds,41283719,,Northbridge Trading Ltd Current,FPO,FPO RIDLEY TOOLS LTD REF 6535,6535,0.0,2686.94,-2686.94,593813.53,Ridley Tools Ltd,RIDLEY TOOLS LTD,,,False,Lloyds_41283719_Oct24-Mar26.csv,981
LLOYDS-Lloyds_41283719_Oct24-Mar26-982,2025-07-09,Lloyds,41283719,,Northbridge Trading Ltd Current,FPO,FPO VODAFONE BUSINESS REF 6885,6885,0.0,4538.18,-4538.18,589275.35,Vodafone Business,VODAFONE BUSINESS,,,False,Lloyds_41283719_Oct24-Mar26.csv,982
LLOYDS-Lloyds_41283719_Oct24-Mar26-983,2025-07-10,Lloyds,41283719,,Northbridge Trading Ltd Current,BGC,BGC FAIRBANK WHOLESALE INV26143,,3559.41,-0.0,3559.41,592834.76,Fairbank Wholesale,FAIRBANK WHOLESALE,,,False,Lloyds_41283719_Oct24-Mar26.csv,983
LLOYDS-Lloyds_41283719_Oct24-Mar26-984,2025-07-10,Lloyds,41283719,,Northbridge Trading Ltd Current,BGC,BGC GLENMORE TRADING INV12872,,5299.6,-0.0,5299.6,598134.36,Glenmore Trading,GLENMORE TRADING,,,False,Lloyds_41283719_Oct24-Mar26.csv,984
LLOYDS-Lloyds_41283719_Oct24-Mar26-985,2025-07-10,Lloyds,41283719,,Northbridge Trading Ltd Current,FPO,FPO THAMES WATER REF 5190,5190,0.0,4661.81,-4661.81,593472.55,Thames Water,THAMES WATER,,,False,Lloyds_41283719_Oct24-Mar26.csv,985
BARCLAYS-Barclays_90311276_export-71,2025-07-11,Barclays,90311276,20-45-18,Northbridge Trading Ltd,,CARD PAYMENT ROYAL MAIL,,0.0,238.22,-238.22,31395.61,Royal Mail,ROYAL MAIL,,,False,Barclays_90311276_export.csv,71
LLOYDS-Lloyds_41283719_Oct24-Mar26-986,2025-07-11,Lloyds,41283719,,Northbridge Trading Ltd Current,BGC,BGC DENBY GARDEN CENTRES INV95664,,7221.74,-0.0,7221.74,600694.29,Denby Garden Centres,DENBY GARDEN CENTRES,,,False,Lloyds_41283719_Oct24-Mar26.csv,986
LLOYDS-Lloyds_41283719_Oct24-Mar26-987,2025-07-11,Lloyds,41283719,,Northbridge Trading Ltd Current,FPO,FPO BRIGHTPATH PRINT LTD REF 7828,7828,0.0,2749.24,-2749.24,597945.05,Brightpath Print Ltd,BRIGHTPATH PRINT LTD,,,False,Lloyds_41283719_Oct24-Mar26.csv,987
LLOYDS-Lloyds_41283719_Oct24-Mar26-988,2025-07-14,Lloyds,41283719,,Northbridge Trading Ltd Current,BGC,BGC DENBY GARDEN CENTRES INV47054,,1589.3,-0.0,1589.3,599534.35,Denby Garden Centres,DENBY GARDEN CENTRES,,,False,Lloyds_41283719_Oct24-Mar26.csv,988
LLOYDS-Lloyds_41283719_Oct24-Mar26-989,2025-07-14,Lloyds,41283719,,Northbridge Trading Ltd Current,BGC,BGC DENBY GARDEN CENTRES INV77054,,6306.38,-0.0,6306.38,605840.73,Denby Garden Centres,DENBY GARDEN CENTRES,,,False,Lloyds_41283719_Oct24-Mar26.csv,989
LLOYDS-Lloyds_41283719_Oct24-Mar26-990,2025-07-14,Lloyds,41283719,,Northbridge Trading Ltd Current,BGC,BGC EVERLY INTERIORS LTD INV64896,,7179.09,-0.0,7179.09,613019.82,Everly Interiors Ltd,EVERLY INTERIORS LTD,,,False,Lloyds_41283719_Oct24-Mar26.csv,990
LLOYDS-Lloyds_41283719_Oct24-Mar26-991,2025-07-14,Lloyds,41283719,,Northbridge Trading Ltd Current,DD,DD BRITISH GAS BUSINESS,,0.0,677.48,-677.48,612342.34,British Gas Business,BRITISH GAS BUSINESS,,,False,Lloyds_41283719_Oct24-Mar26.csv,991
LLOYDS-Lloyds_41283719_Oct24-Mar26-992,2025-07-14,Lloyds,41283719,,Northbridge Trading Ltd Current,DD,DD BT BUSINESS,,0.0,365.79,-365.79,611976.55,Bt Business,BT BUSINESS,,,False,Lloyds_41283719_Oct24-Mar26.csv,992
LLOYDS-Lloyds_41283719_Oct24-Mar26-993,2025-07-14,Lloyds,41283719,,Northbridge Trading Ltd Current,DD,DD LUMEN ENERGY LTD,,0.0,1174.32,-1174.32,610802.23,Lumen Energy Ltd,LUMEN ENERGY LTD,,,False,Lloyds_41283719_Oct24-Mar26.csv,993
LLOYDS-Lloyds_41283719_Oct24-Mar26-994,2025-07-14,Lloyds,41283719,,Northbridge Trading Ltd Current,DD,DD THAMES WATER,,0.0,223.41,-223.41,610578.82,Thames Water,THAMES WATER,,,False,Lloyds_41283719_Oct24-Mar26.csv,994
LLOYDS-Lloyds_41283719_Oct24-Mar26-995,2025-07-14,Lloyds,41283719,,Northbridge Trading Ltd Current,FPO,FPO VODAFONE BUSINESS REF 4254,4254,0.0,3712.66,-3712.66,606866.16,Vodafone Business,VODAFONE BUSINESS,,,False,Lloyds_41283719_Oct24-Mar26.csv,995
BARCLAYS-Barclays_90311276_export-72,2025-07-15,Barclays,90311276,20-45-18,Northbridge Trading Ltd,,CARD PAYMENT AMAZON BUSINESS,,0.0,437.16,-437.16,30958.45,Amazon Business,AMAZON BUSINESS,,,False,Barclays_90311276_export.csv,72
BARCLAYS-Barclays_90311276_export-73,2025-07-15,Barclays,90311276,20-45-18,Northbridge Trading Ltd,,TFR FROM 30-96-26 41283719,,4000.0,0.0,4000.0,34958.45,Northbridge Trading Ltd,NORTHBRIDGE TRADING LTD,30-96-26,41283719,True,Barclays_90311276_export.csv,73
LLOYDS-Lloyds_41283719_Oct24-Mar26-996,2025-07-15,Lloyds,41283719,,Northbridge Trading Ltd Current,BGC,BGC BEXLEY HOMEWARE PLC INV81845,,4571.57,-0.0,4571.57,611437.73,Bexley Homeware Plc,BEXLEY HOMEWARE PLC,,,False,Lloyds_41283719_Oct24-Mar26.csv,996
LLOYDS-Lloyds_41283719_Oct24-Mar26-997,2025-07-15,Lloyds,41283719,,Northbridge Trading Ltd Current,BGC,BGC LARKHILL LTD INV63707,,3003.74,-0.0,3003.74,614441.47,Larkhill Ltd,LARKHILL LTD,,,False,Lloyds_41283719_Oct24-Mar26.csv,997
LLOYDS-Lloyds_41283719_Oct24-Mar26-998,2025-07-15,Lloyds,41283719,,Northbridge Trading Ltd Current,FPO,FPO VODAFONE BUSINESS REF 6416,6416,0.0,1521.86,-1521.86,612919.61,Vodafone Business,VODAFONE BUSINESS,,,False,Lloyds_41283719_Oct24-Mar26.csv,998
LLOYDS-Lloyds_41283719_Oct24-Mar26-999,2025-07-15,Lloyds,41283719,,Northbridge Trading Ltd Current,TFR,TFR TO 20-45-18 90311276,,0.0,4000.0,-4000.0,608919.61,Northbridge Trading Ltd,NORTHBRIDGE TRADING LTD,20-45-18,90311276,True,Lloyds_41283719_Oct24-Mar26.csv,999
LLOYDS-Lloyds_41283719_Oct24-Mar26-1000,2025-07-16,Lloyds,41283719,,Northbridge Trading Ltd Current,BGC,BGC DENBY GARDEN CENTRES INV43540,,5725.83,-0.0,5725.83,614645.44,Denby Garden Centres,DENBY GARDEN CENTRES,,,False,Lloyds_41283719_Oct24-Mar26.csv,1000
LLOYDS-Lloyds_41283719_Oct24-Mar26-1001,2025-07-16,Lloyds,41283719,,Northbridge Trading Ltd Current,BGC,BGC ORWELL FURNISHINGS LTD INV48800,,2760.18,-0.0,2760.18,617405.62,Orwell Furnishings Ltd,ORWELL FURNISHINGS LTD,,,False,Lloyds_41283719_Oct24-Mar26.csv,1001
LLOYDS-Lloyds_41283719_Oct24-Mar26-1002,2025-07-16,Lloyds,41283719,,Northbridge Trading Ltd Current,BGC,BGC PEMBROKE LIVING INV29548,,8105.68,-0.0,8105.68,625511.3,Pembroke Living,PEMBROKE LIVING,,,False,Lloyds_41283719_Oct24-Mar26.csv,1002
LLOYDS-Lloyds_41283719_Oct24-Mar26-1003,2025-07-16,Lloyds,41283719,,Northbridge Trading Ltd Current,BGC,BGC QUAYSIDE RETAIL INV19836,,6343.8,-0.0,6343.8,631855.1,Quayside Retail,QUAYSIDE RETAIL,,,False,Lloyds_41283719_Oct24-Mar26.csv,1003
LLOYDS-Lloyds_41283719_Oct24-Mar26-1004,2025-07-16,Lloyds,41283719,,Northbridge Trading Ltd Current,FPO,FPO BRIGHTPATH PRINT LTD REF 3862,3862,0.0,5263.72,-5263.72,626591.38,Brightpath Print Ltd,BRIGHTPATH PRINT LTD,,,False,Lloyds_41283719_Oct24-Mar26.csv,1004
LLOYDS-Lloyds_41283719_Oct24-Mar26-1005,2025-07-17,Lloyds,41283719,,Northbridge Trading Ltd Current,BGC,BGC DENBY GARDEN CENTRES INV16014,,775.44,-0.0,775.44,627366.82,Denby Garden Centres,DENBY GARDEN CENTRES,,,False,Lloyds_41283719_Oct24-Mar26.csv,1005
LLOYDS-Lloyds_41283719_Oct24-Mar26-1006,2025-07-17,Lloyds,41283719,,Northbridge Trading Ltd Current,BGC,BGC EVERLY INTERIORS LTD INV96947,,5748.15,-0.0,5748.15,633114.97,Everly Interiors Ltd,EVERLY INTERIORS LTD,,,False,Lloyds_41283719_Oct24-Mar26.csv,1006
LLOYDS-Lloyds_41283719_Oct24-Mar26-1007,2025-07-17,Lloyds,41283719,,Northbridge Trading Ltd Current,BGC,BGC KINGSMEAD DISTRIBUTION INV56861,,7677.32,-0.0,7677.32,640792.29,Kingsmead Distribution,KINGSMEAD DISTRIBUTION,,,False,Lloyds_41283719_Oct24-Mar26.csv,1007
LLOYDS-Lloyds_41283719_Oct24-Mar26-1008,2025-07-17,Lloyds,41283719,,Northbridge Trading Ltd Current,BGC,BGC KINGSMEAD DISTRIBUTION INV65836,,6460.61,-0.0,6460.61,647252.9,Kingsmead Distribution,KINGSMEAD DISTRIBUTION,,,False,Lloyds_41283719_Oct24-Mar26.csv,1008
LLOYDS-Lloyds_41283719_Oct24-Mar26-1009,2025-07-17,Lloyds,41283719,,Northbridge Trading Ltd Current,FPO,FPO KESTREL FUEL CARDS REF 3996,3996,0.0,815.92,-815.92,646436.98,Kestrel Fuel Cards,KESTREL FUEL CARDS,,,False,Lloyds_41283719_Oct24-Mar26.csv,1009
LLOYDS-Lloyds_41283719_Oct24-Mar26-1010,2025-07-17,Lloyds,41283719,,Northbridge Trading Ltd Current,FPO,FPO REDGATE CLEANING LTD REF 2522,2522,0.0,2329.84,-2329.84,644107.14,Redgate Cleaning Ltd,REDGATE CLEANING LTD,,,False,Lloyds_41283719_Oct24-Mar26.csv,1010
LLOYDS-Lloyds_41283719_Oct24-Mar26-1011,2025-07-17,Lloyds,41283719,,Northbridge Trading Ltd Current,FPO,FPO THAMES WATER REF 8479,8479,0.0,1740.22,-1740.22,642366.92,Thames Water,THAMES WATER,,,False,Lloyds_41283719_Oct24-Mar26.csv,1011
LLOYDS-Lloyds_41283719_Oct24-Mar26-1012,2025-07-18,Lloyds,41283719,,Northbridge Trading Ltd Current,BGC,BGC BEXLEY HOMEWARE PLC INV30892,,1508.96,-0.0,1508.96,643875.88,Bexley Homeware Plc,BEXLEY HOMEWARE PLC,,,False,Lloyds_41283719_Oct24-Mar26.csv,1012
LLOYDS-Lloyds_41283719_Oct24-Mar26-1013,2025-07-18,Lloyds,41283719,,Northbridge Trading Ltd Current,BGC,BGC FAIRBANK WHOLESALE INV24818,,1733.59,-0.0,1733.59,645609.47,Fairbank Wholesale,FAIRBANK WHOLESALE,,,False,Lloyds_41283719_Oct24-Mar26.csv,1013
LLOYDS-Lloyds_41283719_Oct24-Mar26-1014,2025-07-18,Lloyds,41283719,,Northbridge Trading Ltd Current,BGC,BGC SELBY HOME STORES INV73265,,6957.67,-0.0,6957.67,652567.14,Selby Home Stores,SELBY HOME STORES,,,False,Lloyds_41283719_Oct24-Mar26.csv,1014
LLOYDS-Lloyds_41283719_Oct24-Mar26-1015,2025-07-18,Lloyds,41283719,,Northbridge Trading Ltd Current,FPO,FPO PENNANT FREIGHT LTD REF 7221,7221,0.0,4708.11,-4708.11,647859.03,Pennant Freight Ltd,PENNANT FREIGHT LTD,,,False,Lloyds_41283719_Oct24-Mar26.csv,1015
LLOYDS-Lloyds_41283719_Oct24-Mar26-1016,2025-07-18,Lloyds,41283719,,Northbridge Trading Ltd Current,FPO,FPO WEXFORD CATERING LTD REF 1472,1472,0.0,5196.07,-5196.07,642662.96,Wexford Catering Ltd,WEXFORD CATERING LTD,,,False,Lloyds_41283719_Oct24-Mar26.csv,1016
LLOYDS-Lloyds_41283719_Oct24-Mar26-1017,2025-07-21,Lloyds,41283719,,Northbridge Trading Ltd Current,BGC,BGC ALDERTON RETAIL LTD INV98857,,4793.58,-0.0,4793.58,647456.54,Alderton Retail Ltd,ALDERTON RETAIL LTD,,,False,Lloyds_41283719_Oct24-Mar26.csv,1017
LLOYDS-Lloyds_41283719_Oct24-Mar26-1018,2025-07-21,Lloyds,41283719,,Northbridge Trading Ltd Current,BGC,BGC CASTLEFORD STORES INV44290,,5808.79,-0.0,5808.79,653265.33,Castleford Stores,CASTLEFORD STORES,,,False,Lloyds_41283719_Oct24-Mar26.csv,1018
LLOYDS-Lloyds_41283719_Oct24-Mar26-1019,2025-07-21,Lloyds,41283719,,Northbridge Trading Ltd Current,BGC,BGC DENBY GARDEN CENTRES INV63907,,4137.37,-0.0,4137.37,657402.7,Denby Garden Centres,DENBY GARDEN CENTRES,,,False,Lloyds_41283719_Oct24-Mar26.csv,1019
LLOYDS-Lloyds_41283719_Oct24-Mar26-1020,2025-07-21,Lloyds,41283719,,Northbridge Trading Ltd Current,FPO,FPO BRAMBLE ACCOUNTANTS REF 6542,6542,0.0,3186.73,-3186.73,654215.97,Bramble Accountants,BRAMBLE ACCOUNTANTS,,,False,Lloyds_41283719_Oct24-Mar26.csv,1020
LLOYDS-Lloyds_41283719_Oct24-Mar26-1021,2025-07-21,Lloyds,41283719,,Northbridge Trading Ltd Current,FPO,FPO CARROW SECURITY LTD REF 4669,4669,0.0,5870.69,-5870.69,648345.28,Carrow Security Ltd,CARROW SECURITY LTD,,,False,Lloyds_41283719_Oct24-Mar26.csv,1021
LLOYDS-Lloyds_41283719_Oct24-Mar26-1022,2025-07-21,Lloyds,41283719,,Northbridge Trading Ltd Current,FPO,FPO WEXFORD CATERING LTD REF 2560,2560,0.0,2682.16,-2682.16,645663.12,Wexford Catering Ltd,WEXFORD CATERING LTD,,,False,Lloyds_41283719_Oct24-Mar26.csv,1022
LLOYDS-Lloyds_41283719_Oct24-Mar26-1023,2025-07-21,Lloyds,41283719,,Northbridge Trading Ltd Current,TFR,TFR TO 60-12-44 77120931,,0.0,56000.0,-56000.0,589663.12,Northbridge Trading Ltd,NORTHBRIDGE TRADING LTD,60-12-44,77120931,True,Lloyds_41283719_Oct24-Mar26.csv,1023
NATWEST-NatWest_77120931_statement-150,2025-07-21,NatWest,77120931,,Northbridge Trading Ltd,TFR,TFR FROM 30-96-26 41283719,,56000.0,0.0,56000.0,158585.04,Northbridge Trading Ltd,NORTHBRIDGE TRADING LTD,30-96-26,41283719,True,NatWest_77120931_statement.xlsx,150
LLOYDS-Lloyds_41283719_Oct24-Mar26-1024,2025-07-22,Lloyds,41283719,,Northbridge Trading Ltd Current,BGC,BGC FAIRBANK WHOLESALE INV76265,,7321.0,-0.0,7321.0,596984.12,Fairbank Wholesale,FAIRBANK WHOLESALE,,,False,Lloyds_41283719_Oct24-Mar26.csv,1024
LLOYDS-Lloyds_41283719_Oct24-Mar26-1025,2025-07-22,Lloyds,41283719,,Northbridge Trading Ltd Current,BGC,BGC MARSDEN DIY INV29484,,7244.46,-0.0,7244.46,604228.58,Marsden Diy,MARSDEN DIY,,,False,Lloyds_41283719_Oct24-Mar26.csv,1025
LLOYDS-Lloyds_41283719_Oct24-Mar26-1026,2025-07-22,Lloyds,41283719,,Northbridge Trading Ltd Current,BGC,BGC PEMBROKE LIVING INV31679,,1283.95,-0.0,1283.95,605512.53,Pembroke Living,PEMBROKE LIVING,,,False,Lloyds_41283719_Oct24-Mar26.csv,1026
LLOYDS-Lloyds_41283719_Oct24-Mar26-1027,2025-07-22,Lloyds,41283719,,Northbridge Trading Ltd Current,BGC,BGC RAVENSCOURT LTD INV90335,,1125.62,-0.0,1125.62,606638.15,Ravenscourt Ltd,RAVENSCOURT LTD,,,False,Lloyds_41283719_Oct24-Mar26.csv,1027
LLOYDS-Lloyds_41283719_Oct24-Mar26-1028,2025-07-22,Lloyds,41283719,,Northbridge Trading Ltd Current,FPO,FPO KESTREL FUEL CARDS REF 4946,4946,0.0,2085.73,-2085.73,604552.42,Kestrel Fuel Cards,KESTREL FUEL CARDS,,,False,Lloyds_41283719_Oct24-Mar26.csv,1028
LLOYDS-Lloyds_41283719_Oct24-Mar26-1029,2025-07-22,Lloyds,41283719,,Northbridge Trading Ltd Current,FPO,FPO REDGATE CLEANING LTD REF 1824,1824,0.0,3115.54,-3115.54,601436.88,Redgate Cleaning Ltd,REDGATE CLEANING LTD,,,False,Lloyds_41283719_Oct24-Mar26.csv,1029
NATWEST-NatWest_77120931_statement-151,2025-07-22,NatWest,77120931,,Northbridge Trading Ltd,FPO,FPO HMRC PAYE 0725,,0.0,10703.87,-10703.87,147881.17,HMRC,HMRC,,,False,NatWest_77120931_statement.xlsx,151
BARCLAYS-Barclays_90311276_export-74,2025-07-23,Barclays,90311276,20-45-18,Northbridge Trading Ltd,,CARD PAYMENT SAGE SOFTWARE,,0.0,209.68,-209.68,34748.77,Sage Software,SAGE SOFTWARE,,,False,Barclays_90311276_export.csv,74
LLOYDS-Lloyds_41283719_Oct24-Mar26-1030,2025-07-23,Lloyds,41283719,,Northbridge Trading Ltd Current,BGC,BGC ORWELL FURNISHINGS LTD INV68220,,6949.84,-0.0,6949.84,608386.72,Orwell Furnishings Ltd,ORWELL FURNISHINGS LTD,,,False,Lloyds_41283719_Oct24-Mar26.csv,1030
LLOYDS-Lloyds_41283719_Oct24-Mar26-1031,2025-07-23,Lloyds,41283719,,Northbridge Trading Ltd Current,FPO,FPO ASHFORD STEEL SUPPLIES REF 9166,9166,0.0,2765.35,-2765.35,605621.37,Ashford Steel Supplies,ASHFORD STEEL SUPPLIES,,,False,Lloyds_41283719_Oct24-Mar26.csv,1031
LLOYDS-Lloyds_41283719_Oct24-Mar26-1032,2025-07-23,Lloyds,41283719,,Northbridge Trading Ltd Current,FPO,FPO BRIGHTPATH PRINT LTD REF 9148,9148,0.0,4509.65,-4509.65,601111.72,Brightpath Print Ltd,BRIGHTPATH PRINT LTD,,,False,Lloyds_41283719_Oct24-Mar26.csv,1032
BARCLAYS-Barclays_90311276_export-75,2025-07-24,Barclays,90311276,20-45-18,Northbridge Trading Ltd,,CARD PAYMENT TRAVIS PERKINS,,0.0,408.39,-408.39,34340.38,Travis Perkins,TRAVIS PERKINS,,,False,Barclays_90311276_export.csv,75
LLOYDS-Lloyds_41283719_Oct24-Mar26-1033,2025-07-24,Lloyds,41283719,,Northbridge Trading Ltd Current,BGC,BGC CASTLEFORD STORES INV89194,,8212.74,-0.0,8212.74,609324.46,Castleford Stores,CASTLEFORD STORES,,,False,Lloyds_41283719_Oct24-Mar26.csv,1033
LLOYDS-Lloyds_41283719_Oct24-Mar26-1034,2025-07-24,Lloyds,41283719,,Northbridge Trading Ltd Current,FPO,FPO BT BUSINESS REF 6584,6584,0.0,2275.55,-2275.55,607048.91,Bt Business,BT BUSINESS,,,False,Lloyds_41283719_Oct24-Mar26.csv,1034
LLOYDS-Lloyds_41283719_Oct24-Mar26-1035,2025-07-24,Lloyds,41283719,,Northbridge Trading Ltd Current,FPO,FPO RIDLEY TOOLS LTD REF 4389,4389,0.0,3979.39,-3979.39,603069.52,Ridley Tools Ltd,RIDLEY TOOLS LTD,,,False,Lloyds_41283719_Oct24-Mar26.csv,1035
LLOYDS-Lloyds_41283719_Oct24-Mar26-1036,2025-07-25,Lloyds,41283719,,Northbridge Trading Ltd Current,BGC,BGC HEXHAM SUPPLIES LTD INV10287,,3362.59,-0.0,3362.59,606432.11,Hexham Supplies Ltd,HEXHAM SUPPLIES LTD,,,False,Lloyds_41283719_Oct24-Mar26.csv,1036
LLOYDS-Lloyds_41283719_Oct24-Mar26-1037,2025-07-25,Lloyds,41283719,,Northbridge Trading Ltd Current,BGC,BGC LARKHILL LTD INV69314,,1589.38,-0.0,1589.38,608021.49,Larkhill Ltd,LARKHILL LTD,,,False,Lloyds_41283719_Oct24-Mar26.csv,1037
LLOYDS-Lloyds_41283719_Oct24-Mar26-1038,2025-07-25,Lloyds,41283719,,Northbridge Trading Ltd Current,BGC,BGC TAMAR TRADERS INV72014,,6289.93,-0.0,6289.93,614311.42,Tamar Traders,TAMAR TRADERS,,,False,Lloyds_41283719_Oct24-Mar26.csv,1038
LLOYDS-Lloyds_41283719_Oct24-Mar26-1039,2025-07-25,Lloyds,41283719,,Northbridge Trading Ltd Current,FPO,FPO BRIGHTPATH PRINT LTD REF 1750,1750,0.0,5396.73,-5396.73,608914.69,Brightpath Print Ltd,BRIGHTPATH PRINT LTD,,,False,Lloyds_41283719_Oct24-Mar26.csv,1039
LLOYDS-Lloyds_41283719_Oct24-Mar26-1040,2025-07-25,Lloyds,41283719,,Northbridge Trading Ltd Current,FPO,FPO SABLE MARKETING LTD REF 9552,9552,0.0,2337.26,-2337.26,606577.43,Sable Marketing Ltd,SABLE MARKETING LTD,,,False,Lloyds_41283719_Oct24-Mar26.csv,1040
NATWEST-NatWest_77120931_statement-152,2025-07-25,NatWest,77120931,,Northbridge Trading Ltd,FPO,FPO A PATEL SALARY JUL25,,0.0,3297.13,-3297.13,144584.04,A Patel,A PATEL,,,False,NatWest_77120931_statement.xlsx,152
NATWEST-NatWest_77120931_statement-153,2025-07-25,NatWest,77120931,,Northbridge Trading Ltd,FPO,FPO C WALSH SALARY JUL25,,0.0,2266.5,-2266.5,142317.54,C Walsh,C WALSH,,,False,NatWest_77120931_statement.xlsx,153
NATWEST-NatWest_77120931_statement-154,2025-07-25,NatWest,77120931,,Northbridge Trading Ltd,FPO,FPO D O'BRIEN SALARY JUL25,,0.0,3301.74,-3301.74,139015.8,D O'Brien,D O'BRIEN,,,False,NatWest_77120931_statement.xlsx,154
NATWEST-NatWest_77120931_statement-155,2025-07-25,NatWest,77120931,,Northbridge Trading Ltd,FPO,FPO E MORGAN SALARY JUL25,,0.0,2105.27,-2105.27,136910.53,E Morgan,E MORGAN,,,False,NatWest_77120931_statement.xlsx,155
NATWEST-NatWest_77120931_statement-156,2025-07-25,NatWest,77120931,,Northbridge Trading Ltd,FPO,FPO H SCHMIDT SALARY JUL25,,0.0,2223.98,-2223.98,134686.55,H Schmidt,H SCHMIDT,,,False,NatWest_77120931_statement.xlsx,156
NATWEST-NatWest_77120931_statement-157,2025-07-25,NatWest,77120931,,Northbridge Trading Ltd,FPO,FPO J SMITH SALARY JUL25,,0.0,4200.0,-4200.0,130486.55,J Smith,J SMITH,,,False,NatWest_77120931_statement.xlsx,157
NATWEST-NatWest_77120931_statement-158,2025-07-25,NatWest,77120931,,Northbridge Trading Ltd,FPO,FPO J TAYLOR SALARY JUL25,,0.0,3187.15,-3187.15,127299.4,J Taylor,J TAYLOR,,,False,NatWest_77120931_statement.xlsx,158
NATWEST-NatWest_77120931_statement-159,2025-07-25,NatWest,77120931,,Northbridge Trading Ltd,FPO,FPO L KOWALSKI SALARY JUL25,,0.0,2595.66,-2595.66,124703.74,L Kowalski,L KOWALSKI,,,False,NatWest_77120931_statement.xlsx,159
NATWEST-NatWest_77120931_statement-160,2025-07-25,NatWest,77120931,,Northbridge Trading Ltd,FPO,FPO M HUGHES SALARY JUL25,,0.0,2332.29,-2332.29,122371.45,M Hughes,M HUGHES,,,False,NatWest_77120931_statement.xlsx,160
NATWEST-NatWest_77120931_statement-161,2025-07-25,NatWest,77120931,,Northbridge Trading Ltd,FPO,FPO P SINGH SALARY JUL25,,0.0,2474.49,-2474.49,119896.96,P Singh,P SINGH,,,False,NatWest_77120931_statement.xlsx,161
NATWEST-NatWest_77120931_statement-162,2025-07-25,NatWest,77120931,,Northbridge Trading Ltd,FPO,FPO R DAVIES SALARY JUL25,,0.0,2233.07,-2233.07,117663.89,R Davies,R DAVIES,,,False,NatWest_77120931_statement.xlsx,162
NATWEST-NatWest_77120931_statement-163,2025-07-25,NatWest,77120931,,Northbridge Trading Ltd,FPO,FPO S OKAFOR SALARY JUL25,,0.0,3162.27,-3162.27,114501.62,S Okafor,S OKAFOR,,,False,NatWest_77120931_statement.xlsx,163
NATWEST-NatWest_77120931_statement-164,2025-07-25,NatWest,77120931,,Northbridge Trading Ltd,FPO,FPO T NGUYEN SALARY JUL25,,0.0,3348.73,-3348.73,111152.89,T Nguyen,T NGUYEN,,,False,NatWest_77120931_statement.xlsx,164
LLOYDS-Lloyds_41283719_Oct24-Mar26-1041,2025-07-28,Lloyds,41283719,,Northbridge Trading Ltd Current,BGC,BGC ORWELL FURNISHINGS LTD INV69950,,5835.96,-0.0,5835.96,612413.39,Orwell Furnishings Ltd,ORWELL FURNISHINGS LTD,,,False,Lloyds_41283719_Oct24-Mar26.csv,1041
LLOYDS-Lloyds_41283719_Oct24-Mar26-1042,2025-07-28,Lloyds,41283719,,Northbridge Trading Ltd Current,DEB,ACCOUNT FEE,,0.0,52.3,-52.3,612361.09,Lloyds,LLOYDS,,,False,Lloyds_41283719_Oct24-Mar26.csv,1042
LLOYDS-Lloyds_41283719_Oct24-Mar26-1043,2025-07-28,Lloyds,41283719,,Northbridge Trading Ltd Current,FPO,FPO COASTLINE LOGISTICS LTD REF 8091,8091,0.0,5057.07,-5057.07,607304.02,Coastline Logistics Ltd,COASTLINE LOGISTICS LTD,,,False,Lloyds_41283719_Oct24-Mar26.csv,1043
LLOYDS-Lloyds_41283719_Oct24-Mar26-1044,2025-07-28,Lloyds,41283719,,Northbridge Trading Ltd Current,FPO,FPO OAKLINE OFFICE LTD REF 9172,9172,0.0,175.38,-175.38,607128.64,Oakline Office Ltd,OAKLINE OFFICE LTD,,,False,Lloyds_41283719_Oct24-Mar26.csv,1044
LLOYDS-Lloyds_41283719_Oct24-Mar26-1045,2025-07-28,Lloyds,41283719,,Northbridge Trading Ltd Current,FPO,FPO VODAFONE BUSINESS REF 9328,9328,0.0,4719.33,-4719.33,602409.31,Vodafone Business,VODAFONE BUSINESS,,,False,Lloyds_41283719_Oct24-Mar26.csv,1045
NATWEST-NatWest_77120931_statement-165,2025-07-28,NatWest,77120931,,Northbridge Trading Ltd,DEB,ACCOUNT CHARGES,,0.0,23.47,-23.47,111129.42,NatWest,NATWEST,,,False,NatWest_77120931_statement.xlsx,165
LLOYDS-Lloyds_41283719_Oct24-Mar26-1046,2025-07-29,Lloyds,41283719,,Northbridge Trading Ltd Current,BGC,BGC MARSDEN DIY INV96182,,5384.26,-0.0,5384.26,607793.57,Marsden Diy,MARSDEN DIY,,,False,Lloyds_41283719_Oct24-Mar26.csv,1046
LLOYDS-Lloyds_41283719_Oct24-Mar26-1047,2025-07-29,Lloyds,41283719,,Northbridge Trading Ltd Current,FPO,FPO RIDLEY TOOLS LTD REF 7302,7302,0.0,2599.19,-2599.19,605194.38,Ridley Tools Ltd,RIDLEY TOOLS LTD,,,False,Lloyds_41283719_Oct24-Mar26.csv,1047
LLOYDS-Lloyds_41283719_Oct24-Mar26-1048,2025-07-29,Lloyds,41283719,,Northbridge Trading Ltd Current,FPO,FPO WEXFORD CATERING LTD REF 5067,5067,0.0,1750.54,-1750.54,603443.84,Wexford Catering Ltd,WEXFORD CATERING LTD,,,False,Lloyds_41283719_Oct24-Mar26.csv,1048
LLOYDS-Lloyds_41283719_Oct24-Mar26-1049,2025-07-30,Lloyds,41283719,,Northbridge Trading Ltd Current,BGC,BGC EVERLY INTERIORS LTD INV28111,,3919.41,-0.0,3919.41,607363.25,Everly Interiors Ltd,EVERLY INTERIORS LTD,,,False,Lloyds_41283719_Oct24-Mar26.csv,1049
LLOYDS-Lloyds_41283719_Oct24-Mar26-1050,2025-07-30,Lloyds,41283719,,Northbridge Trading Ltd Current,BGC,BGC QUAYSIDE RETAIL INV49179,,7275.98,-0.0,7275.98,614639.23,Quayside Retail,QUAYSIDE RETAIL,,,False,Lloyds_41283719_Oct24-Mar26.csv,1050
LLOYDS-Lloyds_41283719_Oct24-Mar26-1051,2025-07-30,Lloyds,41283719,,Northbridge Trading Ltd Current,BGC,BGC RAVENSCOURT LTD INV51144,,6252.62,-0.0,6252.62,620891.85,Ravenscourt Ltd,RAVENSCOURT LTD,,,False,Lloyds_41283719_Oct24-Mar26.csv,1051
LLOYDS-Lloyds_41283719_Oct24-Mar26-1052,2025-07-30,Lloyds,41283719,,Northbridge Trading Ltd Current,FPO,FPO BRAMBLE ACCOUNTANTS REF 3173,3173,0.0,5890.81,-5890.81,615001.04,Bramble Accountants,BRAMBLE ACCOUNTANTS,,,False,Lloyds_41283719_Oct24-Mar26.csv,1052
LLOYDS-Lloyds_41283719_Oct24-Mar26-1053,2025-07-30,Lloyds,41283719,,Northbridge Trading Ltd Current,FPO,FPO ELLERY LEGAL LLP REF 4560,4560,0.0,1325.2,-1325.2,613675.84,Ellery Legal Llp,ELLERY LEGAL LLP,,,False,Lloyds_41283719_Oct24-Mar26.csv,1053
LLOYDS-Lloyds_41283719_Oct24-Mar26-1054,2025-07-30,Lloyds,41283719,,Northbridge Trading Ltd Current,FPO,FPO WEXFORD CATERING LTD REF 5760,5760,0.0,4166.68,-4166.68,609509.16,Wexford Catering Ltd,WEXFORD CATERING LTD,,,False,Lloyds_41283719_Oct24-Mar26.csv,1054
BARCLAYS-Barclays_90311276_export-76,2025-07-31,Barclays,90311276,20-45-18,Northbridge Trading Ltd,,CARD PAYMENT SCREWFIX,,0.0,44.41,-44.41,34295.97,Screwfix,SCREWFIX,,,False,Barclays_90311276_export.csv,76
LLOYDS-Lloyds_41283719_Oct24-Mar26-1055,2025-07-31,Lloyds,41283719,,Northbridge Trading Ltd Current,BGC,BGC DENBY GARDEN CENTRES INV56168,,5085.79,-0.0,5085.79,614594.95,Denby Garden Centres,DENBY GARDEN CENTRES,,,False,Lloyds_41283719_Oct24-Mar26.csv,1055
LLOYDS-Lloyds_41283719_Oct24-Mar26-1056,2025-07-31,Lloyds,41283719,,Northbridge Trading Ltd Current,BGC,BGC RAVENSCOURT LTD INV93476,,3214.57,-0.0,3214.57,617809.52,Ravenscourt Ltd,RAVENSCOURT LTD,,,False,Lloyds_41283719_Oct24-Mar26.csv,1056
LLOYDS-Lloyds_41283719_Oct24-Mar26-1057,2025-07-31,Lloyds,41283719,,Northbridge Trading Ltd Current,BGC,BGC SELBY HOME STORES INV84794,,8052.85,-0.0,8052.85,625862.37,Selby Home Stores,SELBY HOME STORES,,,False,Lloyds_41283719_Oct24-Mar26.csv,1057
LLOYDS-Lloyds_41283719_Oct24-Mar26-1058,2025-07-31,Lloyds,41283719,,Northbridge Trading Ltd Current,FPO,FPO BRAMBLE ACCOUNTANTS REF 9747,9747,0.0,1822.68,-1822.68,624039.69,Bramble Accountants,BRAMBLE ACCOUNTANTS,,,False,Lloyds_41283719_Oct24-Mar26.csv,1058
LLOYDS-Lloyds_41283719_Oct24-Mar26-1059,2025-07-31,Lloyds,41283719,,Northbridge Trading Ltd Current,FPO,FPO BRITISH GAS BUSINESS REF 1209,1209,0.0,3207.97,-3207.97,620831.72,British Gas Business,BRITISH GAS BUSINESS,,,False,Lloyds_41283719_Oct24-Mar26.csv,1059
LLOYDS-Lloyds_41283719_Oct24-Mar26-1060,2025-08-01,Lloyds,41283719,,Northbridge Trading Ltd Current,BGC,BGC EVERLY INTERIORS LTD INV18130,,6086.64,-0.0,6086.64,626918.36,Everly Interiors Ltd,EVERLY INTERIORS LTD,,,False,Lloyds_41283719_Oct24-Mar26.csv,1060
LLOYDS-Lloyds_41283719_Oct24-Mar26-1061,2025-08-01,Lloyds,41283719,,Northbridge Trading Ltd Current,BGC,BGC FAIRBANK WHOLESALE INV47567,,6030.44,-0.0,6030.44,632948.8,Fairbank Wholesale,FAIRBANK WHOLESALE,,,False,Lloyds_41283719_Oct24-Mar26.csv,1061
LLOYDS-Lloyds_41283719_Oct24-Mar26-1062,2025-08-01,Lloyds,41283719,,Northbridge Trading Ltd Current,DD,DD HARTWELL FINANCE PLC,,0.0,3180.4,-3180.4,629768.4,Hartwell Finance plc,HARTWELL FINANCE PLC,,,False,Lloyds_41283719_Oct24-Mar26.csv,1062
LLOYDS-Lloyds_41283719_Oct24-Mar26-1063,2025-08-01,Lloyds,41283719,,Northbridge Trading Ltd Current,FPO,FPO BT BUSINESS REF 2679,2679,0.0,3754.24,-3754.24,626014.16,Bt Business,BT BUSINESS,,,False,Lloyds_41283719_Oct24-Mar26.csv,1063
LLOYDS-Lloyds_41283719_Oct24-Mar26-1064,2025-08-01,Lloyds,41283719,,Northbridge Trading Ltd Current,FPO,FPO FENWICK COMPONENTS LTD REF 9866,9866,0.0,338.99,-338.99,625675.17,Fenwick Components Ltd,FENWICK COMPONENTS LTD,,,False,Lloyds_41283719_Oct24-Mar26.csv,1064
LLOYDS-Lloyds_41283719_Oct24-Mar26-1065,2025-08-01,Lloyds,41283719,,Northbridge Trading Ltd Current,SO,SO ASHCOMBE ESTATES RENT,,0.0,6250.0,-6250.0,619425.17,Ashcombe Estates,ASHCOMBE ESTATES,,,False,Lloyds_41283719_Oct24-Mar26.csv,1065
LLOYDS-Lloyds_41283719_Oct24-Mar26-1066,2025-08-04,Lloyds,41283719,,Northbridge Trading Ltd Current,BGC,BGC HEXHAM SUPPLIES LTD INV76967,,6817.6,-0.0,6817.6,626242.77,Hexham Supplies Ltd,HEXHAM SUPPLIES LTD,,,False,Lloyds_41283719_Oct24-Mar26.csv,1066
LLOYDS-Lloyds_41283719_Oct24-Mar26-1067,2025-08-04,Lloyds,41283719,,Northbridge Trading Ltd Current,BGC,BGC JARROW BUILDERS MERCHANTS INV97096,,1066.44,-0.0,1066.44,627309.21,Jarrow Builders Merchants,JARROW BUILDERS MERCHANTS,,,False,Lloyds_41283719_Oct24-Mar26.csv,1067
LLOYDS-Lloyds_41283719_Oct24-Mar26-1068,2025-08-04,Lloyds,41283719,,Northbridge Trading Ltd Current,BGC,BGC MARSDEN DIY INV60797,,3949.22,-0.0,3949.22,631258.43,Marsden Diy,MARSDEN DIY,,,False,Lloyds_41283719_Oct24-Mar26.csv,1068
LLOYDS-Lloyds_41283719_Oct24-Mar26-1069,2025-08-04,Lloyds,41283719,,Northbridge Trading Ltd Current,FPO,FPO REDGATE CLEANING LTD REF 4327,4327,0.0,3780.29,-3780.29,627478.14,Redgate Cleaning Ltd,REDGATE CLEANING LTD,,,False,Lloyds_41283719_Oct24-Mar26.csv,1069
LLOYDS-Lloyds_41283719_Oct24-Mar26-1070,2025-08-04,Lloyds,41283719,,Northbridge Trading Ltd Current,FPO,FPO SABLE MARKETING LTD REF 1881,1881,0.0,225.85,-225.85,627252.29,Sable Marketing Ltd,SABLE MARKETING LTD,,,False,Lloyds_41283719_Oct24-Mar26.csv,1070
LLOYDS-Lloyds_41283719_Oct24-Mar26-1071,2025-08-05,Lloyds,41283719,,Northbridge Trading Ltd Current,BGC,BGC LARKHILL LTD INV87120,,4963.6,-0.0,4963.6,632215.89,Larkhill Ltd,LARKHILL LTD,,,False,Lloyds_41283719_Oct24-Mar26.csv,1071
LLOYDS-Lloyds_41283719_Oct24-Mar26-1072,2025-08-05,Lloyds,41283719,,Northbridge Trading Ltd Current,BGC,BGC TAMAR TRADERS INV35751,,6753.94,-0.0,6753.94,638969.83,Tamar Traders,TAMAR TRADERS,,,False,Lloyds_41283719_Oct24-Mar26.csv,1072
LLOYDS-Lloyds_41283719_Oct24-Mar26-1073,2025-08-05,Lloyds,41283719,,Northbridge Trading Ltd Current,FPO,FPO STONEBRIDGE INSURANCE BROKERS REF 8353,8353,0.0,1187.94,-1187.94,637781.89,Stonebridge Insurance Brokers,STONEBRIDGE INSURANCE BROKERS,,,False,Lloyds_41283719_Oct24-Mar26.csv,1073
LLOYDS-Lloyds_41283719_Oct24-Mar26-1074,2025-08-06,Lloyds,41283719,,Northbridge Trading Ltd Current,BGC,BGC NEWHAM HARDWARE INV46583,,5041.47,-0.0,5041.47,642823.36,Newham Hardware,NEWHAM HARDWARE,,,False,Lloyds_41283719_Oct24-Mar26.csv,1074
LLOYDS-Lloyds_41283719_Oct24-Mar26-1075,2025-08-06,Lloyds,41283719,,Northbridge Trading Ltd Current,BGC,BGC QUAYSIDE RETAIL INV25643,,3642.15,-0.0,3642.15,646465.51,Quayside Retail,QUAYSIDE RETAIL,,,False,Lloyds_41283719_Oct24-Mar26.csv,1075
LLOYDS-Lloyds_41283719_Oct24-Mar26-1076,2025-08-06,Lloyds,41283719,,Northbridge Trading Ltd Current,FPO,FPO PENNANT FREIGHT LTD REF 5178,5178,0.0,183.02,-183.02,646282.49,Pennant Freight Ltd,PENNANT FREIGHT LTD,,,False,Lloyds_41283719_Oct24-Mar26.csv,1076
BARCLAYS-Barclays_90311276_export-77,2025-08-07,Barclays,90311276,20-45-18,Northbridge Trading Ltd,,CARD PAYMENT AMAZON BUSINESS,,0.0,381.68,-381.68,33914.29,Amazon Business,AMAZON BUSINESS,,,False,Barclays_90311276_export.csv,77
LLOYDS-Lloyds_41283719_Oct24-Mar26-1077,2025-08-07,Lloyds,41283719,,Northbridge Trading Ltd Current,BGC,BGC EVERLY INTERIORS LTD INV52287,,5355.67,-0.0,5355.67,651638.16,Everly Interiors Ltd,EVERLY INTERIORS LTD,,,False,Lloyds_41283719_Oct24-Mar26.csv,1077
LLOYDS-Lloyds_41283719_Oct24-Mar26-1078,2025-08-07,Lloyds,41283719,,Northbridge Trading Ltd Current,FPO,FPO BRAMBLE ACCOUNTANTS REF 5934,5934,0.0,3019.72,-3019.72,648618.44,Bramble Accountants,BRAMBLE ACCOUNTANTS,,,False,Lloyds_41283719_Oct24-Mar26.csv,1078
LLOYDS-Lloyds_41283719_Oct24-Mar26-1079,2025-08-07,Lloyds,41283719,,Northbridge Trading Ltd Current,FPO,FPO CARROW SECURITY LTD REF 6866,6866,0.0,576.35,-576.35,648042.09,Carrow Security Ltd,CARROW SECURITY LTD,,,False,Lloyds_41283719_Oct24-Mar26.csv,1079
LLOYDS-Lloyds_41283719_Oct24-Mar26-1080,2025-08-07,Lloyds,41283719,,Northbridge Trading Ltd Current,FPO,FPO KESTREL FUEL CARDS REF 9608,9608,0.0,1436.78,-1436.78,646605.31,Kestrel Fuel Cards,KESTREL FUEL CARDS,,,False,Lloyds_41283719_Oct24-Mar26.csv,1080
LLOYDS-Lloyds_41283719_Oct24-Mar26-1081,2025-08-08,Lloyds,41283719,,Northbridge Trading Ltd Current,BGC,BGC HEXHAM SUPPLIES LTD INV37964,,5874.01,-0.0,5874.01,652479.32,Hexham Supplies Ltd,HEXHAM SUPPLIES LTD,,,False,Lloyds_41283719_Oct24-Mar26.csv,1081
LLOYDS-Lloyds_41283719_Oct24-Mar26-1082,2025-08-08,Lloyds,41283719,,Northbridge Trading Ltd Current,BGC,BGC KINGSMEAD DISTRIBUTION INV57290,,2989.88,-0.0,2989.88,655469.2,Kingsmead Distribution,KINGSMEAD DISTRIBUTION,,,False,Lloyds_41283719_Oct24-Mar26.csv,1082
LLOYDS-Lloyds_41283719_Oct24-Mar26-1083,2025-08-08,Lloyds,41283719,,Northbridge Trading Ltd Current,BGC,BGC RAVENSCOURT LTD INV62876,,1417.18,-0.0,1417.18,656886.38,Ravenscourt Ltd,RAVENSCOURT LTD,,,False,Lloyds_41283719_Oct24-Mar26.csv,1083
LLOYDS-Lloyds_41283719_Oct24-Mar26-1084,2025-08-08,Lloyds,41283719,,Northbridge Trading Ltd Current,FPO,FPO ELLERY LEGAL LLP REF 1144,1144,0.0,821.12,-821.12,656065.26,Ellery Legal Llp,ELLERY LEGAL LLP,,,False,Lloyds_41283719_Oct24-Mar26.csv,1084
LLOYDS-Lloyds_41283719_Oct24-Mar26-1085,2025-08-08,Lloyds,41283719,,Northbridge Trading Ltd Current,FPO,FPO LUMEN ENERGY LTD REF 8301,8301,0.0,1556.04,-1556.04,654509.22,Lumen Energy Ltd,LUMEN ENERGY LTD,,,False,Lloyds_41283719_Oct24-Mar26.csv,1085
LLOYDS-Lloyds_41283719_Oct24-Mar26-1086,2025-08-08,Lloyds,41283719,,Northbridge Trading Ltd Current,FPO,FPO RIDLEY TOOLS LTD REF 8780,8780,0.0,5980.29,-5980.29,648528.93,Ridley Tools Ltd,RIDLEY TOOLS LTD,,,False,Lloyds_41283719_Oct24-Mar26.csv,1086
BARCLAYS-Barclays_90311276_export-78,2025-08-11,Barclays,90311276,20-45-18,Northbridge Trading Ltd,,CARD PAYMENT AMAZON BUSINESS,,0.0,97.0,-97.0,33817.29,Amazon Business,AMAZON BUSINESS,,,False,Barclays_90311276_export.csv,78
LLOYDS-Lloyds_41283719_Oct24-Mar26-1087,2025-08-11,Lloyds,41283719,,Northbridge Trading Ltd Current,BGC,BGC MARSDEN DIY INV24860,,3709.83,-0.0,3709.83,652238.76,Marsden Diy,MARSDEN DIY,,,False,Lloyds_41283719_Oct24-Mar26.csv,1087
LLOYDS-Lloyds_41283719_Oct24-Mar26-1088,2025-08-11,Lloyds,41283719,,Northbridge Trading Ltd Current,BGC,BGC RAVENSCOURT LTD INV47070,,892.7,-0.0,892.7,653131.46,Ravenscourt Ltd,RAVENSCOURT LTD,,,False,Lloyds_41283719_Oct24-Mar26.csv,1088
LLOYDS-Lloyds_41283719_Oct24-Mar26-1089,2025-08-11,Lloyds,41283719,,Northbridge Trading Ltd Current,FPO,FPO BT BUSINESS REF 8975,8975,0.0,406.53,-406.53,652724.93,Bt Business,BT BUSINESS,,,False,Lloyds_41283719_Oct24-Mar26.csv,1089
LLOYDS-Lloyds_41283719_Oct24-Mar26-1090,2025-08-11,Lloyds,41283719,,Northbridge Trading Ltd Current,FPO,FPO ELLERY LEGAL LLP REF 4154,4154,0.0,2023.83,-2023.83,650701.1,Ellery Legal Llp,ELLERY LEGAL LLP,,,False,Lloyds_41283719_Oct24-Mar26.csv,1090
LLOYDS-Lloyds_41283719_Oct24-Mar26-1091,2025-08-11,Lloyds,41283719,,Northbridge Trading Ltd Current,FPO,FPO LUMEN ENERGY LTD REF 9426,9426,0.0,4846.48,-4846.48,645854.62,Lumen Energy Ltd,LUMEN ENERGY LTD,,,False,Lloyds_41283719_Oct24-Mar26.csv,1091
LLOYDS-Lloyds_41283719_Oct24-Mar26-1092,2025-08-12,Lloyds,41283719,,Northbridge Trading Ltd Current,BGC,BGC GLENMORE TRADING INV97862,,5610.21,-0.0,5610.21,651464.83,Glenmore Trading,GLENMORE TRADING,,,False,Lloyds_41283719_Oct24-Mar26.csv,1092
LLOYDS-Lloyds_41283719_Oct24-Mar26-1093,2025-08-12,Lloyds,41283719,,Northbridge Trading Ltd Current,BGC,BGC GLENMORE TRADING INV99837,,4008.83,-0.0,4008.83,655473.66,Glenmore Trading,GLENMORE TRADING,,,False,Lloyds_41283719_Oct24-Mar26.csv,1093
LLOYDS-Lloyds_41283719_Oct24-Mar26-1094,2025-08-12,Lloyds,41283719,,Northbridge Trading Ltd Current,BGC,BGC RAVENSCOURT LTD INV10960,,5590.08,-0.0,5590.08,661063.74,Ravenscourt Ltd,RAVENSCOURT LTD,,,False,Lloyds_41283719_Oct24-Mar26.csv,1094
LLOYDS-Lloyds_41283719_Oct24-Mar26-1095,2025-08-12,Lloyds,41283719,,Northbridge Trading Ltd Current,DD,DD BRITISH GAS BUSINESS,,0.0,686.34,-686.34,660377.4,British Gas Business,BRITISH GAS BUSINESS,,,False,Lloyds_41283719_Oct24-Mar26.csv,1095
LLOYDS-Lloyds_41283719_Oct24-Mar26-1096,2025-08-12,Lloyds,41283719,,Northbridge Trading Ltd Current,DD,DD BT BUSINESS,,0.0,425.97,-425.97,659951.43,Bt Business,BT BUSINESS,,,False,Lloyds_41283719_Oct24-Mar26.csv,1096
LLOYDS-Lloyds_41283719_Oct24-Mar26-1097,2025-08-12,Lloyds,41283719,,Northbridge Trading Ltd Current,DD,DD LUMEN ENERGY LTD,,0.0,976.23,-976.23,658975.2,Lumen Energy Ltd,LUMEN ENERGY LTD,,,False,Lloyds_41283719_Oct24-Mar26.csv,1097
LLOYDS-Lloyds_41283719_Oct24-Mar26-1098,2025-08-12,Lloyds,41283719,,Northbridge Trading Ltd Current,DD,DD THAMES WATER,,0.0,210.82,-210.82,658764.38,Thames Water,THAMES WATER,,,False,Lloyds_41283719_Oct24-Mar26.csv,1098
LLOYDS-Lloyds_41283719_Oct24-Mar26-1099,2025-08-12,Lloyds,41283719,,Northbridge Trading Ltd Current,FPO,FPO FENWICK COMPONENTS LTD REF 9810,9810,0.0,4998.18,-4998.18,653766.2,Fenwick Components Ltd,FENWICK COMPONENTS LTD,,,False,Lloyds_41283719_Oct24-Mar26.csv,1099
LLOYDS-Lloyds_41283719_Oct24-Mar26-1100,2025-08-13,Lloyds,41283719,,Northbridge Trading Ltd Current,BGC,BGC ORWELL FURNISHINGS LTD INV53478,,995.51,-0.0,995.51,654761.71,Orwell Furnishings Ltd,ORWELL FURNISHINGS LTD,,,False,Lloyds_41283719_Oct24-Mar26.csv,1100
LLOYDS-Lloyds_41283719_Oct24-Mar26-1101,2025-08-13,Lloyds,41283719,,Northbridge Trading Ltd Current,FPO,FPO COASTLINE LOGISTICS LTD REF 3916,3916,0.0,4796.16,-4796.16,649965.55,Coastline Logistics Ltd,COASTLINE LOGISTICS LTD,,,False,Lloyds_41283719_Oct24-Mar26.csv,1101
LLOYDS-Lloyds_41283719_Oct24-Mar26-1102,2025-08-14,Lloyds,41283719,,Northbridge Trading Ltd Current,BGC,BGC ISLEY & CO INV63429,,3726.65,-0.0,3726.65,653692.2,Isley & Co,ISLEY AND CO,,,False,Lloyds_41283719_Oct24-Mar26.csv,1102
LLOYDS-Lloyds_41283719_Oct24-Mar26-1103,2025-08-14,Lloyds,41283719,,Northbridge Trading Ltd Current,BGC,BGC MARSDEN DIY INV66757,,3167.95,-0.0,3167.95,656860.15,Marsden Diy,MARSDEN DIY,,,False,Lloyds_41283719_Oct24-Mar26.csv,1103
LLOYDS-Lloyds_41283719_Oct24-Mar26-1104,2025-08-14,Lloyds,41283719,,Northbridge Trading Ltd Current,FPO,FPO BRAMBLE ACCOUNTANTS REF 2938,2938,0.0,3278.78,-3278.78,653581.37,Bramble Accountants,BRAMBLE ACCOUNTANTS,,,False,Lloyds_41283719_Oct24-Mar26.csv,1104
LLOYDS-Lloyds_41283719_Oct24-Mar26-1105,2025-08-14,Lloyds,41283719,,Northbridge Trading Ltd Current,FPO,FPO ELLERY LEGAL LLP REF 2036,2036,0.0,4572.37,-4572.37,649009.0,Ellery Legal Llp,ELLERY LEGAL LLP,,,False,Lloyds_41283719_Oct24-Mar26.csv,1105
BARCLAYS-Barclays_90311276_export-79,2025-08-15,Barclays,90311276,20-45-18,Northbridge Trading Ltd,,TFR FROM 30-96-26 41283719,,4000.0,0.0,4000.0,37817.29,Northbridge Trading Ltd,NORTHBRIDGE TRADING LTD,30-96-26,41283719,True,Barclays_90311276_export.csv,79
LLOYDS-Lloyds_41283719_Oct24-Mar26-1106,2025-08-15,Lloyds,41283719,,Northbridge Trading Ltd Current,BGC,BGC LARKHILL LTD INV75907,,1527.86,-0.0,1527.86,650536.86,Larkhill Ltd,LARKHILL LTD,,,False,Lloyds_41283719_Oct24-Mar26.csv,1106
LLOYDS-Lloyds_41283719_Oct24-Mar26-1107,2025-08-15,Lloyds,41283719,,Northbridge Trading Ltd Current,FPO,FPO BT BUSINESS REF 7249,7249,0.0,2461.41,-2461.41,648075.45,Bt Business,BT BUSINESS,,,False,Lloyds_41283719_Oct24-Mar26.csv,1107
LLOYDS-Lloyds_41283719_Oct24-Mar26-1108,2025-08-15,Lloyds,41283719,,Northbridge Trading Ltd Current,FPO,FPO WEXFORD CATERING LTD REF 2417,2417,0.0,1796.88,-1796.88,646278.57,Wexford Catering Ltd,WEXFORD CATERING LTD,,,False,Lloyds_41283719_Oct24-Mar26.csv,1108
LLOYDS-Lloyds_41283719_Oct24-Mar26-1109,2025-08-15,Lloyds,41283719,,Northbridge Trading Ltd Current,TFR,TFR TO 20-45-18 90311276,,0.0,4000.0,-4000.0,642278.57,Northbridge Trading Ltd,NORTHBRIDGE TRADING LTD,20-45-18,90311276,True,Lloyds_41283719_Oct24-Mar26.csv,1109
LLOYDS-Lloyds_41283719_Oct24-Mar26-1110,2025-08-18,Lloyds,41283719,,Northbridge Trading Ltd Current,BGC,BGC EVERLY INTERIORS LTD INV49066,,5982.85,-0.0,5982.85,648261.42,Everly Interiors Ltd,EVERLY INTERIORS LTD,,,False,Lloyds_41283719_Oct24-Mar26.csv,1110
LLOYDS-Lloyds_41283719_Oct24-Mar26-1111,2025-08-18,Lloyds,41283719,,Northbridge Trading Ltd Current,BGC,BGC LARKHILL LTD INV11461,,5017.49,-0.0,5017.49,653278.91,Larkhill Ltd,LARKHILL LTD,,,False,Lloyds_41283719_Oct24-Mar26.csv,1111
LLOYDS-Lloyds_41283719_Oct24-Mar26-1112,2025-08-18,Lloyds,41283719,,Northbridge Trading Ltd Current,BGC,BGC RAVENSCOURT LTD INV48663,,8189.05,-0.0,8189.05,661467.96,Ravenscourt Ltd,RAVENSCOURT LTD,,,False,Lloyds_41283719_Oct24-Mar26.csv,1112
LLOYDS-Lloyds_41283719_Oct24-Mar26-1113,2025-08-18,Lloyds,41283719,,Northbridge Trading Ltd Current,FPO,FPO ASHFORD STEEL SUPPLIES REF 5992,5992,0.0,1378.81,-1378.81,660089.15,Ashford Steel Supplies,ASHFORD STEEL SUPPLIES,,,False,Lloyds_41283719_Oct24-Mar26.csv,1113
LLOYDS-Lloyds_41283719_Oct24-Mar26-1114,2025-08-18,Lloyds,41283719,,Northbridge Trading Ltd Current,FPO,FPO CARROW SECURITY LTD REF 7456,7456,0.0,3292.34,-3292.34,656796.81,Carrow Security Ltd,CARROW SECURITY LTD,,,False,Lloyds_41283719_Oct24-Mar26.csv,1114
LLOYDS-Lloyds_41283719_Oct24-Mar26-1115,2025-08-18,Lloyds,41283719,,Northbridge Trading Ltd Current,FPO,FPO OAKLINE OFFICE LTD REF 3019,3019,0.0,394.37,-394.37,656402.44,Oakline Office Ltd,OAKLINE OFFICE LTD,,,False,Lloyds_41283719_Oct24-Mar26.csv,1115
BARCLAYS-Barclays_90311276_export-80,2025-08-19,Barclays,90311276,20-45-18,Northbridge Trading Ltd,,CARD PAYMENT AMAZON BUSINESS,,0.0,135.32,-135.32,37681.97,Amazon Business,AMAZON BUSINESS,,,False,Barclays_90311276_export.csv,80
LLOYDS-Lloyds_41283719_Oct24-Mar26-1116,2025-08-19,Lloyds,41283719,,Northbridge Trading Ltd Current,BGC,BGC EVERLY INTERIORS LTD INV31096,,2135.14,-0.0,2135.14,658537.58,Everly Interiors Ltd,EVERLY INTERIORS LTD,,,False,Lloyds_41283719_Oct24-Mar26.csv,1116
LLOYDS-Lloyds_41283719_Oct24-Mar26-1117,2025-08-19,Lloyds,41283719,,Northbridge Trading Ltd Current,BGC,BGC NEWHAM HARDWARE INV94663,,7341.38,-0.0,7341.38,665878.96,Newham Hardware,NEWHAM HARDWARE,,,False,Lloyds_41283719_Oct24-Mar26.csv,1117
LLOYDS-Lloyds_41283719_Oct24-Mar26-1118,2025-08-19,Lloyds,41283719,,Northbridge Trading Ltd Current,FPO,FPO BRAMBLE ACCOUNTANTS REF 1891,1891,0.0,5130.62,-5130.62,660748.34,Bramble Accountants,BRAMBLE ACCOUNTANTS,,,False,Lloyds_41283719_Oct24-Mar26.csv,1118
LLOYDS-Lloyds_41283719_Oct24-Mar26-1119,2025-08-19,Lloyds,41283719,,Northbridge Trading Ltd Current,FPO,FPO REDGATE CLEANING LTD REF 4183,4183,0.0,820.54,-820.54,659927.8,Redgate Cleaning Ltd,REDGATE CLEANING LTD,,,False,Lloyds_41283719_Oct24-Mar26.csv,1119
LLOYDS-Lloyds_41283719_Oct24-Mar26-1120,2025-08-19,Lloyds,41283719,,Northbridge Trading Ltd Current,FPO,FPO SABLE MARKETING LTD REF 8557,8557,0.0,3921.35,-3921.35,656006.45,Sable Marketing Ltd,SABLE MARKETING LTD,,,False,Lloyds_41283719_Oct24-Mar26.csv,1120
LLOYDS-Lloyds_41283719_Oct24-Mar26-1121,2025-08-20,Lloyds,41283719,,Northbridge Trading Ltd Current,BGC,BGC CASTLEFORD STORES INV35362,,3178.73,-0.0,3178.73,659185.18,Castleford Stores,CASTLEFORD STORES,,,False,Lloyds_41283719_Oct24-Mar26.csv,1121
LLOYDS-Lloyds_41283719_Oct24-Mar26-1122,2025-08-20,Lloyds,41283719,,Northbridge Trading Ltd Current,BGC,BGC HEXHAM SUPPLIES LTD INV23113,,2924.07,-0.0,2924.07,662109.25,Hexham Supplies Ltd,HEXHAM SUPPLIES LTD,,,False,Lloyds_41283719_Oct24-Mar26.csv,1122
LLOYDS-Lloyds_41283719_Oct24-Mar26-1123,2025-08-20,Lloyds,41283719,,Northbridge Trading Ltd Current,BGC,BGC PEMBROKE LIVING INV53365,,3485.68,-0.0,3485.68,665594.93,Pembroke Living,PEMBROKE LIVING,,,False,Lloyds_41283719_Oct24-Mar26.csv,1123
LLOYDS-Lloyds_41283719_Oct24-Mar26-1124,2025-08-20,Lloyds,41283719,,Northbridge Trading Ltd Current,FPO,FPO KESTREL FUEL CARDS REF 6008,6008,0.0,4206.73,-4206.73,661388.2,Kestrel Fuel Cards,KESTREL FUEL CARDS,,,False,Lloyds_41283719_Oct24-Mar26.csv,1124
LLOYDS-Lloyds_41283719_Oct24-Mar26-1125,2025-08-20,Lloyds,41283719,,Northbridge Trading Ltd Current,FPO,FPO OAKLINE OFFICE LTD REF 6971,6971,0.0,4875.04,-4875.04,656513.16,Oakline Office Ltd,OAKLINE OFFICE LTD,,,False,Lloyds_41283719_Oct24-Mar26.csv,1125
LLOYDS-Lloyds_41283719_Oct24-Mar26-1126,2025-08-20,Lloyds,41283719,,Northbridge Trading Ltd Current,TFR,TFR TO 60-12-44 77120931,,0.0,56000.0,-56000.0,600513.16,Northbridge Trading Ltd,NORTHBRIDGE TRADING LTD,60-12-44,77120931,True,Lloyds_41283719_Oct24-Mar26.csv,1126
NATWEST-NatWest_77120931_statement-166,2025-08-20,NatWest,77120931,,Northbridge Trading Ltd,TFR,TFR FROM 30-96-26 41283719,,56000.0,0.0,56000.0,167129.42,Northbridge Trading Ltd,NORTHBRIDGE TRADING LTD,30-96-26,41283719,True,NatWest_77120931_statement.xlsx,166
LLOYDS-Lloyds_41283719_Oct24-Mar26-1127,2025-08-21,Lloyds,41283719,,Northbridge Trading Ltd Current,BGC,BGC HEXHAM SUPPLIES LTD INV39035,,6255.15,-0.0,6255.15,606768.31,Hexham Supplies Ltd,HEXHAM SUPPLIES LTD,,,False,Lloyds_41283719_Oct24-Mar26.csv,1127
LLOYDS-Lloyds_41283719_Oct24-Mar26-1128,2025-08-21,Lloyds,41283719,,Northbridge Trading Ltd Current,BGC,BGC NEWHAM HARDWARE INV46264,,7252.86,-0.0,7252.86,614021.17,Newham Hardware,NEWHAM HARDWARE,,,False,Lloyds_41283719_Oct24-Mar26.csv,1128
LLOYDS-Lloyds_41283719_Oct24-Mar26-1129,2025-08-21,Lloyds,41283719,,Northbridge Trading Ltd Current,FPO,FPO BRAMBLE ACCOUNTANTS REF 6432,6432,0.0,5285.63,-5285.63,608735.54,Bramble Accountants,BRAMBLE ACCOUNTANTS,,,False,Lloyds_41283719_Oct24-Mar26.csv,1129
LLOYDS-Lloyds_41283719_Oct24-Mar26-1130,2025-08-22,Lloyds,41283719,,Northbridge Trading Ltd Current,BGC,BGC PEMBROKE LIVING INV82308,,1548.89,-0.0,1548.89,610284.43,Pembroke Living,PEMBROKE LIVING,,,False,Lloyds_41283719_Oct24-Mar26.csv,1130
LLOYDS-Lloyds_41283719_Oct24-Mar26-1131,2025-08-22,Lloyds,41283719,,Northbridge Trading Ltd Current,BGC,BGC TAMAR TRADERS INV20744,,7265.99,-0.0,7265.99,617550.42,Tamar Traders,TAMAR TRADERS,,,False,Lloyds_41283719_Oct24-Mar26.csv,1131
LLOYDS-Lloyds_41283719_Oct24-Mar26-1132,2025-08-22,Lloyds,41283719,,Northbridge Trading Ltd Current,FPO,FPO ELLERY LEGAL LLP,,0.0,14750.0,-14750.0,602800.42,Ellery Legal Llp,ELLERY LEGAL LLP,,,False,Lloyds_41283719_Oct24-Mar26.csv,1132
LLOYDS-Lloyds_41283719_Oct24-Mar26-1133,2025-08-22,Lloyds,41283719,,Northbridge Trading Ltd Current,FPO,FPO SABLE MARKETING LTD REF 4218,4218,0.0,1689.92,-1689.92,601110.5,Sable Marketing Ltd,SABLE MARKETING LTD,,,False,Lloyds_41283719_Oct24-Mar26.csv,1133
NATWEST-NatWest_77120931_statement-167,2025-08-22,NatWest,77120931,,Northbridge Trading Ltd,FPO,FPO HMRC PAYE 0825,,0.0,9344.08,-9344.08,157785.34,HMRC,HMRC,,,False,NatWest_77120931_statement.xlsx,167
BARCLAYS-Barclays_90311276_export-81,2025-08-23,Barclays,90311276,20-45-18,Northbridge Trading Ltd,,CASH WDL 23AUG,,0.0,300.0,-300.0,37381.97,CASH,CASH,,,False,Barclays_90311276_export.csv,81
LLOYDS-Lloyds_41283719_Oct24-Mar26-1134,2025-08-25,Lloyds,41283719,,Northbridge Trading Ltd Current,BGC,BGC GLENMORE TRADING INV14804,,5002.43,-0.0,5002.43,606112.93,Glenmore Trading,GLENMORE TRADING,,,False,Lloyds_41283719_Oct24-Mar26.csv,1134
LLOYDS-Lloyds_41283719_Oct24-Mar26-1135,2025-08-25,Lloyds,41283719,,Northbridge Trading Ltd Current,BGC,BGC RAVENSCOURT LTD INV80736,,4382.41,-0.0,4382.41,610495.34,Ravenscourt Ltd,RAVENSCOURT LTD,,,False,Lloyds_41283719_Oct24-Mar26.csv,1135
LLOYDS-Lloyds_41283719_Oct24-Mar26-1136,2025-08-25,Lloyds,41283719,,Northbridge Trading Ltd Current,BGC,BGC SELBY HOME STORES INV63101,,6699.76,-0.0,6699.76,617195.1,Selby Home Stores,SELBY HOME STORES,,,False,Lloyds_41283719_Oct24-Mar26.csv,1136
LLOYDS-Lloyds_41283719_Oct24-Mar26-1137,2025-08-25,Lloyds,41283719,,Northbridge Trading Ltd Current,FPO,FPO LUMEN ENERGY LTD REF 7430,7430,0.0,1456.34,-1456.34,615738.76,Lumen Energy Ltd,LUMEN ENERGY LTD,,,False,Lloyds_41283719_Oct24-Mar26.csv,1137
NATWEST-NatWest_77120931_statement-168,2025-08-25,NatWest,77120931,,Northbridge Trading Ltd,FPO,FPO A PATEL SALARY AUG25,,0.0,3146.49,-3146.49,154638.85,A Patel,A PATEL,,,False,NatWest_77120931_statement.xlsx,168
NATWEST-NatWest_77120931_statement-169,2025-08-25,NatWest,77120931,,Northbridge Trading Ltd,FPO,FPO C WALSH SALARY AUG25,,0.0,3341.57,-3341.57,151297.28,C Walsh,C WALSH,,,False,NatWest_77120931_statement.xlsx,169
NATWEST-NatWest_77120931_statement-170,2025-08-25,NatWest,77120931,,Northbridge Trading Ltd,FPO,FPO D O'BRIEN SALARY AUG25,,0.0,3271.12,-3271.12,148026.16,D O'Brien,D O'BRIEN,,,False,NatWest_77120931_statement.xlsx,170
NATWEST-NatWest_77120931_statement-171,2025-08-25,NatWest,77120931,,Northbridge Trading Ltd,FPO,FPO E MORGAN SALARY AUG25,,0.0,2753.68,-2753.68,145272.48,E Morgan,E MORGAN,,,False,NatWest_77120931_statement.xlsx,171
NATWEST-NatWest_77120931_statement-172,2025-08-25,NatWest,77120931,,Northbridge Trading Ltd,FPO,FPO H SCHMIDT SALARY AUG25,,0.0,2943.86,-2943.86,142328.62,H Schmidt,H SCHMIDT,,,False,NatWest_77120931_statement.xlsx,172
NATWEST-NatWest_77120931_statement-173,2025-08-25,NatWest,77120931,,Northbridge Trading Ltd,FPO,FPO J SMITH SALARY AUG25,,0.0,4200.0,-4200.0,138128.62,J Smith,J SMITH,,,False,NatWest_77120931_statement.xlsx,173
NATWEST-NatWest_77120931_statement-174,2025-08-25,NatWest,77120931,,Northbridge Trading Ltd,FPO,FPO J TAYLOR SALARY AUG25,,0.0,2774.03,-2774.03,135354.59,J Taylor,J TAYLOR,,,False,NatWest_77120931_statement.xlsx,174
NATWEST-NatWest_77120931_statement-175,2025-08-25,NatWest,77120931,,Northbridge Trading Ltd,FPO,FPO L KOWALSKI SALARY AUG25,,0.0,2689.99,-2689.99,132664.6,L Kowalski,L KOWALSKI,,,False,NatWest_77120931_statement.xlsx,175
NATWEST-NatWest_77120931_statement-176,2025-08-25,NatWest,77120931,,Northbridge Trading Ltd,FPO,FPO M HUGHES SALARY AUG25,,0.0,2767.7,-2767.7,129896.9,M Hughes,M HUGHES,,,False,NatWest_77120931_statement.xlsx,176
NATWEST-NatWest_77120931_statement-177,2025-08-25,NatWest,77120931,,Northbridge Trading Ltd,FPO,FPO P SINGH SALARY AUG25,,0.0,2181.93,-2181.93,127714.97,P Singh,P SINGH,,,False,NatWest_77120931_statement.xlsx,177
NATWEST-NatWest_77120931_statement-178,2025-08-25,NatWest,77120931,,Northbridge Trading Ltd,FPO,FPO R DAVIES SALARY AUG25,,0.0,2574.53,-2574.53,125140.44,R Davies,R DAVIES,,,False,NatWest_77120931_statement.xlsx,178
NATWEST-NatWest_77120931_statement-179,2025-08-25,NatWest,77120931,,Northbridge Trading Ltd,FPO,FPO S OKAFOR SALARY AUG25,,0.0,2394.7,-2394.7,122745.74,S Okafor,S OKAFOR,,,False,NatWest_77120931_statement.xlsx,179
NATWEST-NatWest_77120931_statement-180,2025-08-25,NatWest,77120931,,Northbridge Trading Ltd,FPO,FPO T NGUYEN SALARY AUG25,,0.0,3026.55,-3026.55,119719.19,T Nguyen,T NGUYEN,,,False,NatWest_77120931_statement.xlsx,180
LLOYDS-Lloyds_41283719_Oct24-Mar26-1138,2025-08-26,Lloyds,41283719,,Northbridge Trading Ltd Current,BGC,BGC EVERLY INTERIORS LTD INV73373,,8025.57,-0.0,8025.57,623764.33,Everly Interiors Ltd,EVERLY INTERIORS LTD,,,False,Lloyds_41283719_Oct24-Mar26.csv,1138
LLOYDS-Lloyds_41283719_Oct24-Mar26-1139,2025-08-26,Lloyds,41283719,,Northbridge Trading Ltd Current,BGC,BGC SELBY HOME STORES INV84162,,5843.42,-0.0,5843.42,629607.75,Selby Home Stores,SELBY HOME STORES,,,False,Lloyds_41283719_Oct24-Mar26.csv,1139
LLOYDS-Lloyds_41283719_Oct24-Mar26-1140,2025-08-26,Lloyds,41283719,,Northbridge Trading Ltd Current,FPO,FPO HALCYON IT SERVICES REF 8989,8989,0.0,1505.74,-1505.74,628102.01,Halcyon It Services,HALCYON IT SERVICES,,,False,Lloyds_41283719_Oct24-Mar26.csv,1140
LLOYDS-Lloyds_41283719_Oct24-Mar26-1141,2025-08-27,Lloyds,41283719,,Northbridge Trading Ltd Current,BGC,BGC GLENMORE TRADING INV77880,,7780.26,-0.0,7780.26,635882.27,Glenmore Trading,GLENMORE TRADING,,,False,Lloyds_41283719_Oct24-Mar26.csv,1141
LLOYDS-Lloyds_41283719_Oct24-Mar26-1142,2025-08-27,Lloyds,41283719,,Northbridge Trading Ltd Current,BGC,BGC KINGSMEAD DISTRIBUTION INV23529,,6189.14,-0.0,6189.14,642071.41,Kingsmead Distribution,KINGSMEAD DISTRIBUTION,,,False,Lloyds_41283719_Oct24-Mar26.csv,1142
LLOYDS-Lloyds_41283719_Oct24-Mar26-1143,2025-08-27,Lloyds,41283719,,Northbridge Trading Ltd Current,BGC,BGC LARKHILL LTD INV60868,,4363.46,-0.0,4363.46,646434.87,Larkhill Ltd,LARKHILL LTD,,,False,Lloyds_41283719_Oct24-Mar26.csv,1143
LLOYDS-Lloyds_41283719_Oct24-Mar26-1144,2025-08-27,Lloyds,41283719,,Northbridge Trading Ltd Current,BGC,BGC ORWELL FURNISHINGS LTD INV16086,,1011.26,-0.0,1011.26,647446.13,Orwell Furnishings Ltd,ORWELL FURNISHINGS LTD,,,False,Lloyds_41283719_Oct24-Mar26.csv,1144
LLOYDS-Lloyds_41283719_Oct24-Mar26-1145,2025-08-27,Lloyds,41283719,,Northbridge Trading Ltd Current,FPO,FPO ELLERY LEGAL LLP REF 5480,5480,0.0,5034.0,-5034.0,642412.13,Ellery Legal Llp,ELLERY LEGAL LLP,,,False,Lloyds_41283719_Oct24-Mar26.csv,1145
LLOYDS-Lloyds_41283719_Oct24-Mar26-1146,2025-08-27,Lloyds,41283719,,Northbridge Trading Ltd Current,FPO,FPO REDGATE CLEANING LTD REF 9918,9918,0.0,3485.44,-3485.44,638926.69,Redgate Cleaning Ltd,REDGATE CLEANING LTD,,,False,Lloyds_41283719_Oct24-Mar26.csv,1146
LLOYDS-Lloyds_41283719_Oct24-Mar26-1147,2025-08-27,Lloyds,41283719,,Northbridge Trading Ltd Current,FPO,FPO THAMES WATER REF 7201,7201,0.0,2286.99,-2286.99,636639.7,Thames Water,THAMES WATER,,,False,Lloyds_41283719_Oct24-Mar26.csv,1147
BARCLAYS-Barclays_90311276_export-82,2025-08-28,Barclays,90311276,20-45-18,Northbridge Trading Ltd,,CARD PAYMENT DHL EXPRESS,,0.0,296.93,-296.93,37085.04,Dhl Express,DHL EXPRESS,,,False,Barclays_90311276_export.csv,82
LLOYDS-Lloyds_41283719_Oct24-Mar26-1148,2025-08-28,Lloyds,41283719,,Northbridge Trading Ltd Current,BGC,BGC HEXHAM SUPPLIES LTD INV77681,,3865.57,-0.0,3865.57,640505.27,Hexham Supplies Ltd,HEXHAM SUPPLIES LTD,,,False,Lloyds_41283719_Oct24-Mar26.csv,1148
LLOYDS-Lloyds_41283719_Oct24-Mar26-1149,2025-08-28,Lloyds,41283719,,Northbridge Trading Ltd Current,BGC,BGC ISLEY & CO INV59326,,8286.86,-0.0,8286.86,648792.13,Isley & Co,ISLEY AND CO,,,False,Lloyds_41283719_Oct24-Mar26.csv,1149
LLOYDS-Lloyds_41283719_Oct24-Mar26-1150,2025-08-28,Lloyds,41283719,,Northbridge Trading Ltd Current,BGC,BGC LARKHILL LTD INV73813,,6882.73,-0.0,6882.73,655674.86,Larkhill Ltd,LARKHILL LTD,,,False,Lloyds_41283719_Oct24-Mar26.csv,1150
LLOYDS-Lloyds_41283719_Oct24-Mar26-1151,2025-08-28,Lloyds,41283719,,Northbridge Trading Ltd Current,DEB,ACCOUNT FEE,,0.0,55.42,-55.42,655619.44,Lloyds,LLOYDS,,,False,Lloyds_41283719_Oct24-Mar26.csv,1151
LLOYDS-Lloyds_41283719_Oct24-Mar26-1152,2025-08-28,Lloyds,41283719,,Northbridge Trading Ltd Current,FPO,FPO BT BUSINESS REF 3713,3713,0.0,1495.45,-1495.45,654123.99,Bt Business,BT BUSINESS,,,False,Lloyds_41283719_Oct24-Mar26.csv,1152
LLOYDS-Lloyds_41283719_Oct24-Mar26-1153,2025-08-28,Lloyds,41283719,,Northbridge Trading Ltd Current,FPO,FPO MERIDIAN PACKAGING LTD REF 9222,9222,0.0,5309.9,-5309.9,648814.09,Meridian Packaging Ltd,MERIDIAN PACKAGING LTD,,,False,Lloyds_41283719_Oct24-Mar26.csv,1153
LLOYDS-Lloyds_41283719_Oct24-Mar26-1154,2025-08-28,Lloyds,41283719,,Northbridge Trading Ltd Current,FPO,FPO RIDLEY TOOLS LTD REF 5600,5600,0.0,1387.38,-1387.38,647426.71,Ridley Tools Ltd,RIDLEY TOOLS LTD,,,False,Lloyds_41283719_Oct24-Mar26.csv,1154
NATWEST-NatWest_77120931_statement-181,2025-08-28,NatWest,77120931,,Northbridge Trading Ltd,DEB,ACCOUNT CHARGES,,0.0,33.22,-33.22,119685.97,NatWest,NATWEST,,,False,NatWest_77120931_statement.xlsx,181
LLOYDS-Lloyds_41283719_Oct24-Mar26-1155,2025-08-29,Lloyds,41283719,,Northbridge Trading Ltd Current,BGC,BGC DENBY GARDEN CENTRES INV73113,,5966.79,-0.0,5966.79,653393.5,Denby Garden Centres,DENBY GARDEN CENTRES,,,False,Lloyds_41283719_Oct24-Mar26.csv,1155
LLOYDS-Lloyds_41283719_Oct24-Mar26-1156,2025-08-29,Lloyds,41283719,,Northbridge Trading Ltd Current,BGC,BGC PEMBROKE LIVING INV37617,,5308.17,-0.0,5308.17,658701.67,Pembroke Living,PEMBROKE LIVING,,,False,Lloyds_41283719_Oct24-Mar26.csv,1156
LLOYDS-Lloyds_41283719_Oct24-Mar26-1157,2025-08-29,Lloyds,41283719,,Northbridge Trading Ltd Current,FPO,FPO CARROW SECURITY LTD REF 3639,3639,0.0,938.14,-938.14,657763.53,Carrow Security Ltd,CARROW SECURITY LTD,,,False,Lloyds_41283719_Oct24-Mar26.csv,1157
LLOYDS-Lloyds_41283719_Oct24-Mar26-1158,2025-08-29,Lloyds,41283719,,Northbridge Trading Ltd Current,FPO,FPO MERIDIAN PACKAGING LTD REF 4992,4992,0.0,402.39,-402.39,657361.14,Meridian Packaging Ltd,MERIDIAN PACKAGING LTD,,,False,Lloyds_41283719_Oct24-Mar26.csv,1158
LLOYDS-Lloyds_41283719_Oct24-Mar26-1159,2025-09-01,Lloyds,41283719,,Northbridge Trading Ltd Current,BGC,BGC QUAYSIDE RETAIL INV63143,,5374.99,-0.0,5374.99,662736.13,Quayside Retail,QUAYSIDE RETAIL,,,False,Lloyds_41283719_Oct24-Mar26.csv,1159
LLOYDS-Lloyds_41283719_Oct24-Mar26-1160,2025-09-01,Lloyds,41283719,,Northbridge Trading Ltd Current,BGC,BGC SELBY HOME STORES INV93574,,845.24,-0.0,845.24,663581.37,Selby Home Stores,SELBY HOME STORES,,,False,Lloyds_41283719_Oct24-Mar26.csv,1160
LLOYDS-Lloyds_41283719_Oct24-Mar26-1161,2025-09-01,Lloyds,41283719,,Northbridge Trading Ltd Current,DD,DD HARTWELL FINANCE PLC,,0.0,3180.4,-3180.4,660400.97,Hartwell Finance plc,HARTWELL FINANCE PLC,,,False,Lloyds_41283719_Oct24-Mar26.csv,1161
LLOYDS-Lloyds_41283719_Oct24-Mar26-1162,2025-09-01,Lloyds,41283719,,Northbridge Trading Ltd Current,FPO,FPO ASHFORD STEEL SUPPLIES REF 4548,4548,0.0,2777.84,-2777.84,657623.13,Ashford Steel Supplies,ASHFORD STEEL SUPPLIES,,,False,Lloyds_41283719_Oct24-Mar26.csv,1162
LLOYDS-Lloyds_41283719_Oct24-Mar26-1163,2025-09-01,Lloyds,41283719,,Northbridge Trading Ltd Current,FPO,FPO VODAFONE BUSINESS REF 8891,8891,0.0,1147.82,-1147.82,656475.31,Vodafone Business,VODAFONE BUSINESS,,,False,Lloyds_41283719_Oct24-Mar26.csv,1163
LLOYDS-Lloyds_41283719_Oct24-Mar26-1164,2025-09-01,Lloyds,41283719,,Northbridge Trading Ltd Current,SO,SO ASHCOMBE ESTATES RENT,,0.0,6250.0,-6250.0,650225.31,Ashcombe Estates,ASHCOMBE ESTATES,,,False,Lloyds_41283719_Oct24-Mar26.csv,1164
BARCLAYS-Barclays_90311276_export-83,2025-09-02,Barclays,90311276,20-45-18,Northbridge Trading Ltd,,CARD PAYMENT TRAVIS PERKINS,,0.0,260.45,-260.45,36824.59,Travis Perkins,TRAVIS PERKINS,,,False,Barclays_90311276_export.csv,83
LLOYDS-Lloyds_41283719_Oct24-Mar26-1165,2025-09-02,Lloyds,41283719,,Northbridge Trading Ltd Current,BGC,BGC FAIRBANK WHOLESALE INV91685,,5825.78,-0.0,5825.78,656051.09,Fairbank Wholesale,FAIRBANK WHOLESALE,,,False,Lloyds_41283719_Oct24-Mar26.csv,1165
LLOYDS-Lloyds_41283719_Oct24-Mar26-1166,2025-09-02,Lloyds,41283719,,Northbridge Trading Ltd Current,BGC,BGC ISLEY & CO INV31983,,6327.49,-0.0,6327.49,662378.58,Isley & Co,ISLEY AND CO,,,False,Lloyds_41283719_Oct24-Mar26.csv,1166
LLOYDS-Lloyds_41283719_Oct24-Mar26-1167,2025-09-02,Lloyds,41283719,,Northbridge Trading Ltd Current,BGC,BGC KINGSMEAD DISTRIBUTION INV69437,,5335.12,-0.0,5335.12,667713.7,Kingsmead Distribution,KINGSMEAD DISTRIBUTION,,,False,Lloyds_41283719_Oct24-Mar26.csv,1167
LLOYDS-Lloyds_41283719_Oct24-Mar26-1168,2025-09-02,Lloyds,41283719,,Northbridge Trading Ltd Current,FPO,FPO HALCYON IT SERVICES REF 7196,7196,0.0,2404.95,-2404.95,665308.75,Halcyon It Services,HALCYON IT SERVICES,,,False,Lloyds_41283719_Oct24-Mar26.csv,1168
BARCLAYS-Barclays_90311276_export-84,2025-09-03,Barclays,90311276,20-45-18,Northbridge Trading Ltd,,CASH WDL 03SEP,,0.0,250.0,-250.0,36574.59,CASH,CASH,,,False,Barclays_90311276_export.csv,84
LLOYDS-Lloyds_41283719_Oct24-Mar26-1169,2025-09-03,Lloyds,41283719,,Northbridge Trading Ltd Current,BGC,BGC FAIRBANK WHOLESALE INV72373,,7680.99,-0.0,7680.99,672989.74,Fairbank Wholesale,FAIRBANK WHOLESALE,,,False,Lloyds_41283719_Oct24-Mar26.csv,1169
LLOYDS-Lloyds_41283719_Oct24-Mar26-1170,2025-09-03,Lloyds,41283719,,Northbridge Trading Ltd Current,BGC,BGC NEWHAM HARDWARE INV29603,,5386.83,-0.0,5386.83,678376.57,Newham Hardware,NEWHAM HARDWARE,,,False,Lloyds_41283719_Oct24-Mar26.csv,1170
LLOYDS-Lloyds_41283719_Oct24-Mar26-1171,2025-09-03,Lloyds,41283719,,Northbridge Trading Ltd Current,BGC,BGC RAVENSCOURT LTD INV75972,,6524.8,-0.0,6524.8,684901.37,Ravenscourt Ltd,RAVENSCOURT LTD,,,False,Lloyds_41283719_Oct24-Mar26.csv,1171
LLOYDS-Lloyds_41283719_Oct24-Mar26-1172,2025-09-03,Lloyds,41283719,,Northbridge Trading Ltd Current,BGC,BGC TAMAR TRADERS INV15116,,7496.16,-0.0,7496.16,692397.53,Tamar Traders,TAMAR TRADERS,,,False,Lloyds_41283719_Oct24-Mar26.csv,1172
LLOYDS-Lloyds_41283719_Oct24-Mar26-1173,2025-09-03,Lloyds,41283719,,Northbridge Trading Ltd Current,FPO,FPO VODAFONE BUSINESS REF 3135,3135,0.0,5426.61,-5426.61,686970.92,Vodafone Business,VODAFONE BUSINESS,,,False,Lloyds_41283719_Oct24-Mar26.csv,1173
LLOYDS-Lloyds_41283719_Oct24-Mar26-1174,2025-09-04,Lloyds,41283719,,Northbridge Trading Ltd Current,BGC,BGC NEWHAM HARDWARE INV58546,,7448.39,-0.0,7448.39,694419.31,Newham Hardware,NEWHAM HARDWARE,,,False,Lloyds_41283719_Oct24-Mar26.csv,1174
LLOYDS-Lloyds_41283719_Oct24-Mar26-1175,2025-09-04,Lloyds,41283719,,Northbridge Trading Ltd Current,BGC,BGC PEMBROKE LIVING INV59969,,3399.7,-0.0,3399.7,697819.01,Pembroke Living,PEMBROKE LIVING,,,False,Lloyds_41283719_Oct24-Mar26.csv,1175
LLOYDS-Lloyds_41283719_Oct24-Mar26-1176,2025-09-04,Lloyds,41283719,,Northbridge Trading Ltd Current,BGC,BGC QUAYSIDE RETAIL INV66224,,2465.09,-0.0,2465.09,700284.1,Quayside Retail,QUAYSIDE RETAIL,,,False,Lloyds_41283719_Oct24-Mar26.csv,1176
LLOYDS-Lloyds_41283719_Oct24-Mar26-1177,2025-09-04,Lloyds,41283719,,Northbridge Trading Ltd Current,FPO,FPO ASHFORD STEEL SUPPLIES REF 5641,5641,0.0,3650.01,-3650.01,696634.09,Ashford Steel Supplies,ASHFORD STEEL SUPPLIES,,,False,Lloyds_41283719_Oct24-Mar26.csv,1177
LLOYDS-Lloyds_41283719_Oct24-Mar26-1178,2025-09-04,Lloyds,41283719,,Northbridge Trading Ltd Current,FPO,FPO BRIGHTPATH PRINT LTD REF 7971,7971,0.0,933.22,-933.22,695700.87,Brightpath Print Ltd,BRIGHTPATH PRINT LTD,,,False,Lloyds_41283719_Oct24-Mar26.csv,1178
LLOYDS-Lloyds_41283719_Oct24-Mar26-1179,2025-09-04,Lloyds,41283719,,Northbridge Trading Ltd Current,FPO,FPO VODAFONE BUSINESS REF 4809,4809,0.0,5474.0,-5474.0,690226.87,Vodafone Business,VODAFONE BUSINESS,,,False,Lloyds_41283719_Oct24-Mar26.csv,1179
LLOYDS-Lloyds_41283719_Oct24-Mar26-1180,2025-09-05,Lloyds,41283719,,Northbridge Trading Ltd Current,BGC,BGC ALDERTON RETAIL LTD INV85757,,4712.14,-0.0,4712.14,694939.01,Alderton Retail Ltd,ALDERTON RETAIL LTD,,,False,Lloyds_41283719_Oct24-Mar26.csv,1180
LLOYDS-Lloyds_41283719_Oct24-Mar26-1181,2025-09-05,Lloyds,41283719,,Northbridge Trading Ltd Current,FPO,FPO KESTREL FUEL CARDS REF 7698,7698,0.0,2269.28,-2269.28,692669.73,Kestrel Fuel Cards,KESTREL FUEL CARDS,,,False,Lloyds_41283719_Oct24-Mar26.csv,1181
LLOYDS-Lloyds_41283719_Oct24-Mar26-1182,2025-09-05,Lloyds,41283719,,Northbridge Trading Ltd Current,FPO,FPO MERIDIAN PACKAGING LTD REF 7144,7144,0.0,3979.09,-3979.09,688690.64,Meridian Packaging Ltd,MERIDIAN PACKAGING LTD,,,False,Lloyds_41283719_Oct24-Mar26.csv,1182
LLOYDS-Lloyds_41283719_Oct24-Mar26-1183,2025-09-05,Lloyds,41283719,,Northbridge Trading Ltd Current,FPO,FPO OAKLINE OFFICE LTD REF 7980,7980,0.0,3961.72,-3961.72,684728.92,Oakline Office Ltd,OAKLINE OFFICE LTD,,,False,Lloyds_41283719_Oct24-Mar26.csv,1183
LLOYDS-Lloyds_41283719_Oct24-Mar26-1184,2025-09-08,Lloyds,41283719,,Northbridge Trading Ltd Current,BGC,BGC MARSDEN DIY INV36698,,3831.64,-0.0,3831.64,688560.56,Marsden Diy,MARSDEN DIY,,,False,Lloyds_41283719_Oct24-Mar26.csv,1184
LLOYDS-Lloyds_41283719_Oct24-Mar26-1185,2025-09-08,Lloyds,41283719,,Northbridge Trading Ltd Current,BGC,BGC RAVENSCOURT LTD INV73238,,2045.15,-0.0,2045.15,690605.71,Ravenscourt Ltd,RAVENSCOURT LTD,,,False,Lloyds_41283719_Oct24-Mar26.csv,1185
LLOYDS-Lloyds_41283719_Oct24-Mar26-1186,2025-09-08,Lloyds,41283719,,Northbridge Trading Ltd Current,FPO,FPO SABLE MARKETING LTD REF 8925,8925,0.0,1634.6,-1634.6,688971.11,Sable Marketing Ltd,SABLE MARKETING LTD,,,False,Lloyds_41283719_Oct24-Mar26.csv,1186
LLOYDS-Lloyds_41283719_Oct24-Mar26-1187,2025-09-08,Lloyds,41283719,,Northbridge Trading Ltd Current,FPO,FPO STONEBRIDGE INSURANCE BROKERS REF 6641,6641,0.0,4679.04,-4679.04,684292.07,Stonebridge Insurance Brokers,STONEBRIDGE INSURANCE BROKERS,,,False,Lloyds_41283719_Oct24-Mar26.csv,1187
LLOYDS-Lloyds_41283719_Oct24-Mar26-1188,2025-09-08,Lloyds,41283719,,Northbridge Trading Ltd Current,FPO,FPO THAMES WATER REF 3262,3262,0.0,5151.74,-5151.74,679140.33,Thames Water,THAMES WATER,,,False,Lloyds_41283719_Oct24-Mar26.csv,1188
LLOYDS-Lloyds_41283719_Oct24-Mar26-1189,2025-09-09,Lloyds,41283719,,Northbridge Trading Ltd Current,BGC,BGC FAIRBANK WHOLESALE INV23143,,2309.5,-0.0,2309.5,681449.83,Fairbank Wholesale,FAIRBANK WHOLESALE,,,False,Lloyds_41283719_Oct24-Mar26.csv,1189
LLOYDS-Lloyds_41283719_Oct24-Mar26-1190,2025-09-09,Lloyds,41283719,,Northbridge Trading Ltd Current,BGC,BGC MARSDEN DIY INV54359,,6761.41,-0.0,6761.41,688211.24,Marsden Diy,MARSDEN DIY,,,False,Lloyds_41283719_Oct24-Mar26.csv,1190
LLOYDS-Lloyds_41283719_Oct24-Mar26-1191,2025-09-09,Lloyds,41283719,,Northbridge Trading Ltd Current,BGC,BGC TAMAR TRADERS INV99727,,6047.28,-0.0,6047.28,694258.52,Tamar Traders,TAMAR TRADERS,,,False,Lloyds_41283719_Oct24-Mar26.csv,1191
LLOYDS-Lloyds_41283719_Oct24-Mar26-1192,2025-09-09,Lloyds,41283719,,Northbridge Trading Ltd Current,FPO,FPO THAMES WATER REF 1086,1086,0.0,4855.56,-4855.56,689402.96,Thames Water,THAMES WATER,,,False,Lloyds_41283719_Oct24-Mar26.csv,1192
LLOYDS-Lloyds_41283719_Oct24-Mar26-1193,2025-09-10,Lloyds,41283719,,Northbridge Trading Ltd Current,BGC,BGC BEXLEY HOMEWARE PLC INV60374,,7720.56,-0.0,7720.56,697123.52,Bexley Homeware Plc,BEXLEY HOMEWARE PLC,,,False,Lloyds_41283719_Oct24-Mar26.csv,1193
LLOYDS-Lloyds_41283719_Oct24-Mar26-1194,2025-09-10,Lloyds,41283719,,Northbridge Trading Ltd Current,BGC,BGC HEXHAM SUPPLIES LTD INV58606,,1284.58,-0.0,1284.58,698408.1,Hexham Supplies Ltd,HEXHAM SUPPLIES LTD,,,False,Lloyds_41283719_Oct24-Mar26.csv,1194
LLOYDS-Lloyds_41283719_Oct24-Mar26-1195,2025-09-10,Lloyds,41283719,,Northbridge Trading Ltd Current,BGC,BGC NEWHAM HARDWARE INV21552,,1163.83,-0.0,1163.83,699571.93,Newham Hardware,NEWHAM HARDWARE,,,False,Lloyds_41283719_Oct24-Mar26.csv,1195
LLOYDS-Lloyds_41283719_Oct24-Mar26-1196,2025-09-10,Lloyds,41283719,,Northbridge Trading Ltd Current,FPO,FPO WEXFORD CATERING LTD REF 1941,1941,0.0,5682.44,-5682.44,693889.49,Wexford Catering Ltd,WEXFORD CATERING LTD,,,False,Lloyds_41283719_Oct24-Mar26.csv,1196
LLOYDS-Lloyds_41283719_Oct24-Mar26-1197,2025-09-10,Lloyds,41283719,,Northbridge Trading Ltd Current,FPO,FPO WEXFORD CATERING LTD REF 9536,9536,0.0,1825.85,-1825.85,692063.64,Wexford Catering Ltd,WEXFORD CATERING LTD,,,False,Lloyds_41283719_Oct24-Mar26.csv,1197
LLOYDS-Lloyds_41283719_Oct24-Mar26-1198,2025-09-11,Lloyds,41283719,,Northbridge Trading Ltd Current,BGC,BGC ALDERTON RETAIL LTD INV36438,,7089.95,-0.0,7089.95,699153.59,Alderton Retail Ltd,ALDERTON RETAIL LTD,,,False,Lloyds_41283719_Oct24-Mar26.csv,1198
LLOYDS-Lloyds_41283719_Oct24-Mar26-1199,2025-09-11,Lloyds,41283719,,Northbridge Trading Ltd Current,BGC,BGC QUAYSIDE RETAIL INV47487,,2145.06,-0.0,2145.06,701298.65,Quayside Retail,QUAYSIDE RETAIL,,,False,Lloyds_41283719_Oct24-Mar26.csv,1199
LLOYDS-Lloyds_41283719_Oct24-Mar26-1200,2025-09-11,Lloyds,41283719,,Northbridge Trading Ltd Current,BGC,BGC TAMAR TRADERS INV76918,,4565.9,-0.0,4565.9,705864.55,Tamar Traders,TAMAR TRADERS,,,False,Lloyds_41283719_Oct24-Mar26.csv,1200
LLOYDS-Lloyds_41283719_Oct24-Mar26-1201,2025-09-11,Lloyds,41283719,,Northbridge Trading Ltd Current,FPO,FPO WEXFORD CATERING LTD REF 3776,3776,0.0,4093.04,-4093.04,701771.51,Wexford Catering Ltd,WEXFORD CATERING LTD,,,False,Lloyds_41283719_Oct24-Mar26.csv,1201
BARCLAYS-Barclays_90311276_export-85,2025-09-12,Barclays,90311276,20-45-18,Northbridge Trading Ltd,,CASH WDL 12SEP,,0.0,150.0,-150.0,36424.59,CASH,CASH,,,False,Barclays_90311276_export.csv,85
LLOYDS-Lloyds_41283719_Oct24-Mar26-1202,2025-09-12,Lloyds,41283719,,Northbridge Trading Ltd Current,BGC,BGC CASTLEFORD STORES INV46167,,6532.8,-0.0,6532.8,708304.31,Castleford Stores,CASTLEFORD STORES,,,False,Lloyds_41283719_Oct24-Mar26.csv,1202
LLOYDS-Lloyds_41283719_Oct24-Mar26-1203,2025-09-12,Lloyds,41283719,,Northbridge Trading Ltd Current,BGC,BGC LARKHILL LTD INV97773,,3643.44,-0.0,3643.44,711947.75,Larkhill Ltd,LARKHILL LTD,,,False,Lloyds_41283719_Oct24-Mar26.csv,1203
LLOYDS-Lloyds_41283719_Oct24-Mar26-1204,2025-09-12,Lloyds,41283719,,Northbridge Trading Ltd Current,DD,DD BRITISH GAS BUSINESS,,0.0,587.45,-587.45,711360.3,British Gas Business,BRITISH GAS BUSINESS,,,False,Lloyds_41283719_Oct24-Mar26.csv,1204
LLOYDS-Lloyds_41283719_Oct24-Mar26-1205,2025-09-12,Lloyds,41283719,,Northbridge Trading Ltd Current,DD,DD BT BUSINESS,,0.0,383.72,-383.72,710976.58,Bt Business,BT BUSINESS,,,False,Lloyds_41283719_Oct24-Mar26.csv,1205
LLOYDS-Lloyds_41283719_Oct24-Mar26-1206,2025-09-12,Lloyds,41283719,,Northbridge Trading Ltd Current,DD,DD LUMEN ENERGY LTD,,0.0,1087.73,-1087.73,709888.85,Lumen Energy Ltd,LUMEN ENERGY LTD,,,False,Lloyds_41283719_Oct24-Mar26.csv,1206
LLOYDS-Lloyds_41283719_Oct24-Mar26-1207,2025-09-12,Lloyds,41283719,,Northbridge Trading Ltd Current,DD,DD THAMES WATER,,0.0,244.87,-244.87,709643.98,Thames Water,THAMES WATER,,,False,Lloyds_41283719_Oct24-Mar26.csv,1207
LLOYDS-Lloyds_41283719_Oct24-Mar26-1208,2025-09-12,Lloyds,41283719,,Northbridge Trading Ltd Current,FPO,FPO ASHFORD STEEL SUPPLIES REF 2477,2477,0.0,3365.12,-3365.12,706278.86,Ashford Steel Supplies,ASHFORD STEEL SUPPLIES,,,False,Lloyds_41283719_Oct24-Mar26.csv,1208
LLOYDS-Lloyds_41283719_Oct24-Mar26-1209,2025-09-12,Lloyds,41283719,,Northbridge Trading Ltd Current,FPO,FPO FENWICK COMPONENTS LTD REF 9482,9482,0.0,239.89,-239.89,706038.97,Fenwick Components Ltd,FENWICK COMPONENTS LTD,,,False,Lloyds_41283719_Oct24-Mar26.csv,1209
LLOYDS-Lloyds_41283719_Oct24-Mar26-1210,2025-09-12,Lloyds,41283719,,Northbridge Trading Ltd Current,FPO,FPO SABLE MARKETING LTD REF 6703,6703,0.0,2182.73,-2182.73,703856.24,Sable Marketing Ltd,SABLE MARKETING LTD,,,False,Lloyds_41283719_Oct24-Mar26.csv,1210
BARCLAYS-Barclays_90311276_export-86,2025-09-15,Barclays,90311276,20-45-18,Northbridge Trading Ltd,,TFR FROM 30-96-26 41283719,,4000.0,0.0,4000.0,40424.59,Northbridge Trading Ltd,NORTHBRIDGE TRADING LTD,30-96-26,41283719,True,Barclays_90311276_export.csv,86
LLOYDS-Lloyds_41283719_Oct24-Mar26-1211,2025-09-15,Lloyds,41283719,,Northbridge Trading Ltd Current,BGC,BGC QUAYSIDE RETAIL INV48568,,3195.32,-0.0,3195.32,707051.56,Quayside Retail,QUAYSIDE RETAIL,,,False,Lloyds_41283719_Oct24-Mar26.csv,1211
LLOYDS-Lloyds_41283719_Oct24-Mar26-1212,2025-09-15,Lloyds,41283719,,Northbridge Trading Ltd Current,FPO,FPO RIDLEY TOOLS LTD REF 5222,5222,0.0,5275.26,-5275.26,701776.3,Ridley Tools Ltd,RIDLEY TOOLS LTD,,,False,Lloyds_41283719_Oct24-Mar26.csv,1212
LLOYDS-Lloyds_41283719_Oct24-Mar26-1213,2025-09-15,Lloyds,41283719,,Northbridge Trading Ltd Current,TFR,TFR TO 20-45-18 90311276,,0.0,4000.0,-4000.0,697776.3,Northbridge Trading Ltd,NORTHBRIDGE TRADING LTD,20-45-18,90311276,True,Lloyds_41283719_Oct24-Mar26.csv,1213
LLOYDS-Lloyds_41283719_Oct24-Mar26-1214,2025-09-16,Lloyds,41283719,,Northbridge Trading Ltd Current,BGC,BGC HEXHAM SUPPLIES LTD INV54520,,7787.78,-0.0,7787.78,705564.08,Hexham Supplies Ltd,HEXHAM SUPPLIES LTD,,,False,Lloyds_41283719_Oct24-Mar26.csv,1214
LLOYDS-Lloyds_41283719_Oct24-Mar26-1215,2025-09-16,Lloyds,41283719,,Northbridge Trading Ltd Current,BGC,BGC ORWELL FURNISHINGS LTD INV59424,,4838.08,-0.0,4838.08,710402.16,Orwell Furnishings Ltd,ORWELL FURNISHINGS LTD,,,False,Lloyds_41283719_Oct24-Mar26.csv,1215
LLOYDS-Lloyds_41283719_Oct24-Mar26-1216,2025-09-16,Lloyds,41283719,,Northbridge Trading Ltd Current,BGC,BGC ORWELL FURNISHINGS LTD INV99337,,4078.94,-0.0,4078.94,714481.1,Orwell Furnishings Ltd,ORWELL FURNISHINGS LTD,,,False,Lloyds_41283719_Oct24-Mar26.csv,1216
LLOYDS-Lloyds_41283719_Oct24-Mar26-1217,2025-09-16,Lloyds,41283719,,Northbridge Trading Ltd Current,BGC,BGC SELBY HOME STORES INV13584,,4236.4,-0.0,4236.4,718717.5,Selby Home Stores,SELBY HOME STORES,,,False,Lloyds_41283719_Oct24-Mar26.csv,1217
LLOYDS-Lloyds_41283719_Oct24-Mar26-1218,2025-09-16,Lloyds,41283719,,Northbridge Trading Ltd Current,FPO,FPO ASHFORD STEEL SUPPLIES REF 7269,7269,0.0,3856.92,-3856.92,714860.58,Ashford Steel Supplies,ASHFORD STEEL SUPPLIES,,,False,Lloyds_41283719_Oct24-Mar26.csv,1218
LLOYDS-Lloyds_41283719_Oct24-Mar26-1219,2025-09-16,Lloyds,41283719,,Northbridge Trading Ltd Current,FPO,FPO HALCYON IT SERVICES REF 4767,4767,0.0,4830.94,-4830.94,710029.64,Halcyon It Services,HALCYON IT SERVICES,,,False,Lloyds_41283719_Oct24-Mar26.csv,1219
LLOYDS-Lloyds_41283719_Oct24-Mar26-1220,2025-09-17,Lloyds,41283719,,Northbridge Trading Ltd Current,BGC,BGC ALDERTON RETAIL LTD INV44517,,2495.8,-0.0,2495.8,712525.44,Alderton Retail Ltd,ALDERTON RETAIL LTD,,,False,Lloyds_41283719_Oct24-Mar26.csv,1220
LLOYDS-Lloyds_41283719_Oct24-Mar26-1221,2025-09-17,Lloyds,41283719,,Northbridge Trading Ltd Current,BGC,BGC CASTLEFORD STORES INV62288,,5637.25,-0.0,5637.25,718162.69,Castleford Stores,CASTLEFORD STORES,,,False,Lloyds_41283719_Oct24-Mar26.csv,1221
LLOYDS-Lloyds_41283719_Oct24-Mar26-1222,2025-09-17,Lloyds,41283719,,Northbridge Trading Ltd Current,BGC,BGC KINGSMEAD DISTRIBUTION INV19965,,4757.47,-0.0,4757.47,722920.16,Kingsmead Distribution,KINGSMEAD DISTRIBUTION,,,False,Lloyds_41283719_Oct24-Mar26.csv,1222
LLOYDS-Lloyds_41283719_Oct24-Mar26-1223,2025-09-17,Lloyds,41283719,,Northbridge Trading Ltd Current,FPO,FPO VODAFONE BUSINESS REF 6142,6142,0.0,2218.2,-2218.2,720701.96,Vodafone Business,VODAFONE BUSINESS,,,False,Lloyds_41283719_Oct24-Mar26.csv,1223
LLOYDS-Lloyds_41283719_Oct24-Mar26-1224,2025-09-18,Lloyds,41283719,,Northbridge Trading Ltd Current,BGC,BGC GLENMORE TRADING INV40042,,2152.29,-0.0,2152.29,722854.25,Glenmore Trading,GLENMORE TRADING,,,False,Lloyds_41283719_Oct24-Mar26.csv,1224
LLOYDS-Lloyds_41283719_Oct24-Mar26-1225,2025-09-18,Lloyds,41283719,,Northbridge Trading Ltd Current,BGC,BGC GLENMORE TRADING INV75404,,6084.01,-0.0,6084.01,728938.26,Glenmore Trading,GLENMORE TRADING,,,False,Lloyds_41283719_Oct24-Mar26.csv,1225
LLOYDS-Lloyds_41283719_Oct24-Mar26-1226,2025-09-18,Lloyds,41283719,,Northbridge Trading Ltd Current,BGC,BGC HEXHAM SUPPLIES LTD INV41726,,7081.97,-0.0,7081.97,736020.23,Hexham Supplies Ltd,HEXHAM SUPPLIES LTD,,,False,Lloyds_41283719_Oct24-Mar26.csv,1226
LLOYDS-Lloyds_41283719_Oct24-Mar26-1227,2025-09-18,Lloyds,41283719,,Northbridge Trading Ltd Current,BGC,BGC HEXHAM SUPPLIES LTD INV91080,,3279.98,-0.0,3279.98,739300.21,Hexham Supplies Ltd,HEXHAM SUPPLIES LTD,,,False,Lloyds_41283719_Oct24-Mar26.csv,1227
LLOYDS-Lloyds_41283719_Oct24-Mar26-1228,2025-09-18,Lloyds,41283719,,Northbridge Trading Ltd Current,FPO,FPO BRIGHTPATH PRINT LTD REF 2285,2285,0.0,4103.5,-4103.5,735196.71,Brightpath Print Ltd,BRIGHTPATH PRINT LTD,,,False,Lloyds_41283719_Oct24-Mar26.csv,1228
BARCLAYS-Barclays_90311276_export-87,2025-09-19,Barclays,90311276,20-45-18,Northbridge Trading Ltd,,CARD PAYMENT DHL EXPRESS,,0.0,201.11,-201.11,40223.48,Dhl Express,DHL EXPRESS,,,False,Barclays_90311276_export.csv,87
LLOYDS-Lloyds_41283719_Oct24-Mar26-1229,2025-09-19,Lloyds,41283719,,Northbridge Trading Ltd Current,BGC,BGC BEXLEY HOMEWARE PLC INV73214,,3379.61,-0.0,3379.61,738576.32,Bexley Homeware Plc,BEXLEY HOMEWARE PLC,,,False,Lloyds_41283719_Oct24-Mar26.csv,1229
LLOYDS-Lloyds_41283719_Oct24-Mar26-1230,2025-09-19,Lloyds,41283719,,Northbridge Trading Ltd Current,BGC,BGC KINGSMEAD DISTRIBUTION INV74532,,7243.02,-0.0,7243.02,745819.34,Kingsmead Distribution,KINGSMEAD DISTRIBUTION,,,False,Lloyds_41283719_Oct24-Mar26.csv,1230
LLOYDS-Lloyds_41283719_Oct24-Mar26-1231,2025-09-19,Lloyds,41283719,,Northbridge Trading Ltd Current,BGC,BGC SELBY HOME STORES INV46009,,4256.58,-0.0,4256.58,750075.92,Selby Home Stores,SELBY HOME STORES,,,False,Lloyds_41283719_Oct24-Mar26.csv,1231
LLOYDS-Lloyds_41283719_Oct24-Mar26-1232,2025-09-19,Lloyds,41283719,,Northbridge Trading Ltd Current,FPO,FPO BRITISH GAS BUSINESS REF 8836,8836,0.0,5646.98,-5646.98,744428.94,British Gas Business,BRITISH GAS BUSINESS,,,False,Lloyds_41283719_Oct24-Mar26.csv,1232
LLOYDS-Lloyds_41283719_Oct24-Mar26-1233,2025-09-19,Lloyds,41283719,,Northbridge Trading Ltd Current,FPO,FPO CARROW SECURITY LTD REF 3101,3101,0.0,466.77,-466.77,743962.17,Carrow Security Ltd,CARROW SECURITY LTD,,,False,Lloyds_41283719_Oct24-Mar26.csv,1233
LLOYDS-Lloyds_41283719_Oct24-Mar26-1234,2025-09-19,Lloyds,41283719,,Northbridge Trading Ltd Current,FPO,FPO REDGATE CLEANING LTD REF 7518,7518,0.0,1449.24,-1449.24,742512.93,Redgate Cleaning Ltd,REDGATE CLEANING LTD,,,False,Lloyds_41283719_Oct24-Mar26.csv,1234
LLOYDS-Lloyds_41283719_Oct24-Mar26-1235,2025-09-22,Lloyds,41283719,,Northbridge Trading Ltd Current,BGC,BGC ALDERTON RETAIL LTD INV11549,,5540.94,-0.0,5540.94,748053.87,Alderton Retail Ltd,ALDERTON RETAIL LTD,,,False,Lloyds_41283719_Oct24-Mar26.csv,1235
LLOYDS-Lloyds_41283719_Oct24-Mar26-1236,2025-09-22,Lloyds,41283719,,Northbridge Trading Ltd Current,BGC,BGC LARKHILL LTD INV90318,,6902.8,-0.0,6902.8,754956.67,Larkhill Ltd,LARKHILL LTD,,,False,Lloyds_41283719_Oct24-Mar26.csv,1236
LLOYDS-Lloyds_41283719_Oct24-Mar26-1237,2025-09-22,Lloyds,41283719,,Northbridge Trading Ltd Current,BGC,BGC MARSDEN DIY INV86153,,1381.82,-0.0,1381.82,756338.49,Marsden Diy,MARSDEN DIY,,,False,Lloyds_41283719_Oct24-Mar26.csv,1237
LLOYDS-Lloyds_41283719_Oct24-Mar26-1238,2025-09-22,Lloyds,41283719,,Northbridge Trading Ltd Current,BGC,BGC QUAYSIDE RETAIL INV70302,,2940.73,-0.0,2940.73,759279.22,Quayside Retail,QUAYSIDE RETAIL,,,False,Lloyds_41283719_Oct24-Mar26.csv,1238
LLOYDS-Lloyds_41283719_Oct24-Mar26-1239,2025-09-22,Lloyds,41283719,,Northbridge Trading Ltd Current,FPO,FPO SABLE MARKETING LTD REF 5306,5306,0.0,1537.26,-1537.26,757741.96,Sable Marketing Ltd,SABLE MARKETING LTD,,,False,Lloyds_41283719_Oct24-Mar26.csv,1239
LLOYDS-Lloyds_41283719_Oct24-Mar26-1240,2025-09-22,Lloyds,41283719,,Northbridge Trading Ltd Current,TFR,TFR TO 60-12-44 77120931,,0.0,56000.0,-56000.0,701741.96,Northbridge Trading Ltd,NORTHBRIDGE TRADING LTD,60-12-44,77120931,True,Lloyds_41283719_Oct24-Mar26.csv,1240
NATWEST-NatWest_77120931_statement-182,2025-09-22,NatWest,77120931,,Northbridge Trading Ltd,FPO,FPO HMRC PAYE 0925,,0.0,11758.88,-11758.88,107927.09,HMRC,HMRC,,,False,NatWest_77120931_statement.xlsx,182
NATWEST-NatWest_77120931_statement-183,2025-09-22,NatWest,77120931,,Northbridge Trading Ltd,TFR,TFR FROM 30-96-26 41283719,,56000.0,0.0,56000.0,163927.09,Northbridge Trading Ltd,NORTHBRIDGE TRADING LTD,30-96-26,41283719,True,NatWest_77120931_statement.xlsx,183
LLOYDS-Lloyds_41283719_Oct24-Mar26-1241,2025-09-23,Lloyds,41283719,,Northbridge Trading Ltd Current,BGC,BGC ISLEY & CO INV69077,,1948.91,-0.0,1948.91,703690.87,Isley & Co,ISLEY AND CO,,,False,Lloyds_41283719_Oct24-Mar26.csv,1241
LLOYDS-Lloyds_41283719_Oct24-Mar26-1242,2025-09-23,Lloyds,41283719,,Northbridge Trading Ltd Current,BGC,BGC LARKHILL LTD INV57851,,6823.74,-0.0,6823.74,710514.61,Larkhill Ltd,LARKHILL LTD,,,False,Lloyds_41283719_Oct24-Mar26.csv,1242
LLOYDS-Lloyds_41283719_Oct24-Mar26-1243,2025-09-23,Lloyds,41283719,,Northbridge Trading Ltd Current,BGC,BGC NEWHAM HARDWARE INV37594,,3677.87,-0.0,3677.87,714192.48,Newham Hardware,NEWHAM HARDWARE,,,False,Lloyds_41283719_Oct24-Mar26.csv,1243
LLOYDS-Lloyds_41283719_Oct24-Mar26-1244,2025-09-23,Lloyds,41283719,,Northbridge Trading Ltd Current,FPO,FPO CARROW SECURITY LTD REF 4744,4744,0.0,4913.02,-4913.02,709279.46,Carrow Security Ltd,CARROW SECURITY LTD,,,False,Lloyds_41283719_Oct24-Mar26.csv,1244
LLOYDS-Lloyds_41283719_Oct24-Mar26-1245,2025-09-24,Lloyds,41283719,,Northbridge Trading Ltd Current,BGC,BGC EVERLY INTERIORS LTD INV71995,,6448.76,-0.0,6448.76,715728.22,Everly Interiors Ltd,EVERLY INTERIORS LTD,,,False,Lloyds_41283719_Oct24-Mar26.csv,1245
LLOYDS-Lloyds_41283719_Oct24-Mar26-1246,2025-09-24,Lloyds,41283719,,Northbridge Trading Ltd Current,BGC,BGC FAIRBANK WHOLESALE INV65249,,4244.44,-0.0,4244.44,719972.66,Fairbank Wholesale,FAIRBANK WHOLESALE,,,False,Lloyds_41283719_Oct24-Mar26.csv,1246
LLOYDS-Lloyds_41283719_Oct24-Mar26-1247,2025-09-24,Lloyds,41283719,,Northbridge Trading Ltd Current,BGC,BGC NEWHAM HARDWARE INV59923,,2058.38,-0.0,2058.38,722031.04,Newham Hardware,NEWHAM HARDWARE,,,False,Lloyds_41283719_Oct24-Mar26.csv,1247
LLOYDS-Lloyds_41283719_Oct24-Mar26-1248,2025-09-24,Lloyds,41283719,,Northbridge Trading Ltd Current,FPO,FPO CARROW SECURITY LTD REF 1781,1781,0.0,2480.65,-2480.65,719550.39,Carrow Security Ltd,CARROW SECURITY LTD,,,False,Lloyds_41283719_Oct24-Mar26.csv,1248
LLOYDS-Lloyds_41283719_Oct24-Mar26-1249,2025-09-24,Lloyds,41283719,,Northbridge Trading Ltd Current,FPO,FPO SABLE MARKETING LTD REF 6172,6172,0.0,4744.2,-4744.2,714806.19,Sable Marketing Ltd,SABLE MARKETING LTD,,,False,Lloyds_41283719_Oct24-Mar26.csv,1249
LLOYDS-Lloyds_41283719_Oct24-Mar26-1250,2025-09-24,Lloyds,41283719,,Northbridge Trading Ltd Current,FPO,FPO STONEBRIDGE INSURANCE BROKERS REF 5111,5111,0.0,3438.51,-3438.51,711367.68,Stonebridge Insurance Brokers,STONEBRIDGE INSURANCE BROKERS,,,False,Lloyds_41283719_Oct24-Mar26.csv,1250
LLOYDS-Lloyds_41283719_Oct24-Mar26-1251,2025-09-25,Lloyds,41283719,,Northbridge Trading Ltd Current,BGC,BGC KINGSMEAD DISTRIBUTION INV44048,,3234.26,-0.0,3234.26,714601.94,Kingsmead Distribution,KINGSMEAD DISTRIBUTION,,,False,Lloyds_41283719_Oct24-Mar26.csv,1251
LLOYDS-Lloyds_41283719_Oct24-Mar26-1252,2025-09-25,Lloyds,41283719,,Northbridge Trading Ltd Current,BGC,BGC PEMBROKE LIVING INV92557,,1335.06,-0.0,1335.06,715937.0,Pembroke Living,PEMBROKE LIVING,,,False,Lloyds_41283719_Oct24-Mar26.csv,1252
LLOYDS-Lloyds_41283719_Oct24-Mar26-1253,2025-09-25,Lloyds,41283719,,Northbridge Trading Ltd Current,FPO,FPO BRAMBLE ACCOUNTANTS REF 4259,4259,0.0,3524.59,-3524.59,712412.41,Bramble Accountants,BRAMBLE ACCOUNTANTS,,,False,Lloyds_41283719_Oct24-Mar26.csv,1253
LLOYDS-Lloyds_41283719_Oct24-Mar26-1254,2025-09-25,Lloyds,41283719,,Northbridge Trading Ltd Current,FPO,FPO BRITISH GAS BUSINESS REF 2986,2986,0.0,2203.88,-2203.88,710208.53,British Gas Business,BRITISH GAS BUSINESS,,,False,Lloyds_41283719_Oct24-Mar26.csv,1254
LLOYDS-Lloyds_41283719_Oct24-Mar26-1255,2025-09-25,Lloyds,41283719,,Northbridge Trading Ltd Current,FPO,FPO SABLE MARKETING LTD REF 5222,5222,0.0,2163.22,-2163.22,708045.31,Sable Marketing Ltd,SABLE MARKETING LTD,,,False,Lloyds_41283719_Oct24-Mar26.csv,1255
NATWEST-NatWest_77120931_statement-184,2025-09-25,NatWest,77120931,,Northbridge Trading Ltd,FPO,FPO A PATEL SALARY SEP25,,0.0,2815.35,-2815.35,161111.74,A Patel,A PATEL,,,False,NatWest_77120931_statement.xlsx,184
NATWEST-NatWest_77120931_statement-185,2025-09-25,NatWest,77120931,,Northbridge Trading Ltd,FPO,FPO C WALSH SALARY SEP25,,0.0,2033.29,-2033.29,159078.45,C Walsh,C WALSH,,,False,NatWest_77120931_statement.xlsx,185
NATWEST-NatWest_77120931_statement-186,2025-09-25,NatWest,77120931,,Northbridge Trading Ltd,FPO,FPO D O'BRIEN SALARY SEP25,,0.0,2943.23,-2943.23,156135.22,D O'Brien,D O'BRIEN,,,False,NatWest_77120931_statement.xlsx,186
NATWEST-NatWest_77120931_statement-187,2025-09-25,NatWest,77120931,,Northbridge Trading Ltd,FPO,FPO E MORGAN SALARY SEP25,,0.0,3217.07,-3217.07,152918.15,E Morgan,E MORGAN,,,False,NatWest_77120931_statement.xlsx,187
NATWEST-NatWest_77120931_statement-188,2025-09-25,NatWest,77120931,,Northbridge Trading Ltd,FPO,FPO H SCHMIDT SALARY SEP25,,0.0,2688.38,-2688.38,150229.77,H Schmidt,H SCHMIDT,,,False,NatWest_77120931_statement.xlsx,188
NATWEST-NatWest_77120931_statement-189,2025-09-25,NatWest,77120931,,Northbridge Trading Ltd,FPO,FPO J SMITH SALARY SEP25,,0.0,4200.0,-4200.0,146029.77,J Smith,J SMITH,,,False,NatWest_77120931_statement.xlsx,189
NATWEST-NatWest_77120931_statement-190,2025-09-25,NatWest,77120931,,Northbridge Trading Ltd,FPO,FPO J TAYLOR SALARY SEP25,,0.0,3376.04,-3376.04,142653.73,J Taylor,J TAYLOR,,,False,NatWest_77120931_statement.xlsx,190
NATWEST-NatWest_77120931_statement-191,2025-09-25,NatWest,77120931,,Northbridge Trading Ltd,FPO,FPO L KOWALSKI SALARY SEP25,,0.0,2383.83,-2383.83,140269.9,L Kowalski,L KOWALSKI,,,False,NatWest_77120931_statement.xlsx,191
NATWEST-NatWest_77120931_statement-192,2025-09-25,NatWest,77120931,,Northbridge Trading Ltd,FPO,FPO M HUGHES SALARY SEP25,,0.0,2452.65,-2452.65,137817.25,M Hughes,M HUGHES,,,False,NatWest_77120931_statement.xlsx,192
NATWEST-NatWest_77120931_statement-193,2025-09-25,NatWest,77120931,,Northbridge Trading Ltd,FPO,FPO P SINGH SALARY SEP25,,0.0,3526.21,-3526.21,134291.04,P Singh,P SINGH,,,False,NatWest_77120931_statement.xlsx,193
NATWEST-NatWest_77120931_statement-194,2025-09-25,NatWest,77120931,,Northbridge Trading Ltd,FPO,FPO R DAVIES SALARY SEP25,,0.0,2767.76,-2767.76,131523.28,R Davies,R DAVIES,,,False,NatWest_77120931_statement.xlsx,194
NATWEST-NatWest_77120931_statement-195,2025-09-25,NatWest,77120931,,Northbridge Trading Ltd,FPO,FPO S OKAFOR SALARY SEP25,,0.0,3564.93,-3564.93,127958.35,S Okafor,S OKAFOR,,,False,NatWest_77120931_statement.xlsx,195
NATWEST-NatWest_77120931_statement-196,2025-09-25,NatWest,77120931,,Northbridge Trading Ltd,FPO,FPO T NGUYEN SALARY SEP25,,0.0,2659.78,-2659.78,125298.57,T Nguyen,T NGUYEN,,,False,NatWest_77120931_statement.xlsx,196
LLOYDS-Lloyds_41283719_Oct24-Mar26-1256,2025-09-26,Lloyds,41283719,,Northbridge Trading Ltd Current,BGC,BGC MARSDEN DIY INV19351,,1207.32,-0.0,1207.32,709252.63,Marsden Diy,MARSDEN DIY,,,False,Lloyds_41283719_Oct24-Mar26.csv,1256
LLOYDS-Lloyds_41283719_Oct24-Mar26-1257,2025-09-26,Lloyds,41283719,,Northbridge Trading Ltd Current,BGC,BGC NEWHAM HARDWARE INV92742,,5019.68,-0.0,5019.68,714272.31,Newham Hardware,NEWHAM HARDWARE,,,False,Lloyds_41283719_Oct24-Mar26.csv,1257
LLOYDS-Lloyds_41283719_Oct24-Mar26-1258,2025-09-26,Lloyds,41283719,,Northbridge Trading Ltd Current,FPO,FPO HALCYON IT SERVICES REF 6136,6136,0.0,2003.74,-2003.74,712268.57,Halcyon It Services,HALCYON IT SERVICES,,,False,Lloyds_41283719_Oct24-Mar26.csv,1258
LLOYDS-Lloyds_41283719_Oct24-Mar26-1259,2025-09-26,Lloyds,41283719,,Northbridge Trading Ltd Current,FPO,FPO STONEBRIDGE INSURANCE BROKERS REF 5382,5382,0.0,3691.5,-3691.5,708577.07,Stonebridge Insurance Brokers,STONEBRIDGE INSURANCE BROKERS,,,False,Lloyds_41283719_Oct24-Mar26.csv,1259
LLOYDS-Lloyds_41283719_Oct24-Mar26-1260,2025-09-29,Lloyds,41283719,,Northbridge Trading Ltd Current,BGC,BGC ALDERTON RETAIL LTD INV26389,,5781.47,-0.0,5781.47,714358.54,Alderton Retail Ltd,ALDERTON RETAIL LTD,,,False,Lloyds_41283719_Oct24-Mar26.csv,1260
LLOYDS-Lloyds_41283719_Oct24-Mar26-1261,2025-09-29,Lloyds,41283719,,Northbridge Trading Ltd Current,BGC,BGC ISLEY & CO INV20494,,2123.83,-0.0,2123.83,716482.37,Isley & Co,ISLEY AND CO,,,False,Lloyds_41283719_Oct24-Mar26.csv,1261
LLOYDS-Lloyds_41283719_Oct24-Mar26-1262,2025-09-29,Lloyds,41283719,,Northbridge Trading Ltd Current,BGC,BGC NEWHAM HARDWARE INV31930,,1935.11,-0.0,1935.11,718417.48,Newham Hardware,NEWHAM HARDWARE,,,False,Lloyds_41283719_Oct24-Mar26.csv,1262
LLOYDS-Lloyds_41283719_Oct24-Mar26-1263,2025-09-29,Lloyds,41283719,,Northbridge Trading Ltd Current,DEB,ACCOUNT FEE,,0.0,58.47,-58.47,718359.01,Lloyds,LLOYDS,,,False,Lloyds_41283719_Oct24-Mar26.csv,1263
LLOYDS-Lloyds_41283719_Oct24-Mar26-1264,2025-09-29,Lloyds,41283719,,Northbridge Trading Ltd Current,FPO,FPO BRIGHTPATH PRINT LTD REF 2565,2565,0.0,523.19,-523.19,717835.82,Brightpath Print Ltd,BRIGHTPATH PRINT LTD,,,False,Lloyds_41283719_Oct24-Mar26.csv,1264
LLOYDS-Lloyds_41283719_Oct24-Mar26-1265,2025-09-29,Lloyds,41283719,,Northbridge Trading Ltd Current,FPO,FPO VODAFONE BUSINESS REF 9985,9985,0.0,464.88,-464.88,717370.94,Vodafone Business,VODAFONE BUSINESS,,,False,Lloyds_41283719_Oct24-Mar26.csv,1265
NATWEST-NatWest_77120931_statement-197,2025-09-29,NatWest,77120931,,Northbridge Trading Ltd,DEB,ACCOUNT CHARGES,,0.0,34.96,-34.96,125263.61,NatWest,NATWEST,,,False,NatWest_77120931_statement.xlsx,197
BARCLAYS-Barclays_90311276_export-88,2025-09-30,Barclays,90311276,20-45-18,Northbridge Trading Ltd,,CARD PAYMENT ROYAL MAIL,,0.0,223.85,-223.85,39999.63,Royal Mail,ROYAL MAIL,,,False,Barclays_90311276_export.csv,88
LLOYDS-Lloyds_41283719_Oct24-Mar26-1266,2025-09-30,Lloyds,41283719,,Northbridge Trading Ltd Current,BGC,BGC DENBY GARDEN CENTRES INV44400,,4987.48,-0.0,4987.48,722358.42,Denby Garden Centres,DENBY GARDEN CENTRES,,,False,Lloyds_41283719_Oct24-Mar26.csv,1266
LLOYDS-Lloyds_41283719_Oct24-Mar26-1267,2025-09-30,Lloyds,41283719,,Northbridge Trading Ltd Current,FPO,FPO ELLERY LEGAL LLP REF 7387,7387,0.0,1959.82,-1959.82,720398.6,Ellery Legal Llp,ELLERY LEGAL LLP,,,False,Lloyds_41283719_Oct24-Mar26.csv,1267
LLOYDS-Lloyds_41283719_Oct24-Mar26-1268,2025-10-01,Lloyds,41283719,,Northbridge Trading Ltd Current,BGC,BGC FAIRBANK WHOLESALE INV13744,,876.79,-0.0,876.79,721275.39,Fairbank Wholesale,FAIRBANK WHOLESALE,,,False,Lloyds_41283719_Oct24-Mar26.csv,1268
LLOYDS-Lloyds_41283719_Oct24-Mar26-1269,2025-10-01,Lloyds,41283719,,Northbridge Trading Ltd Current,BGC,BGC LARKHILL LTD INV52624,,6696.97,-0.0,6696.97,727972.36,Larkhill Ltd,LARKHILL LTD,,,False,Lloyds_41283719_Oct24-Mar26.csv,1269
LLOYDS-Lloyds_41283719_Oct24-Mar26-1270,2025-10-01,Lloyds,41283719,,Northbridge Trading Ltd Current,BGC,BGC ORWELL FURNISHINGS LTD INV80855,,7192.7,-0.0,7192.7,735165.06,Orwell Furnishings Ltd,ORWELL FURNISHINGS LTD,,,False,Lloyds_41283719_Oct24-Mar26.csv,1270
LLOYDS-Lloyds_41283719_Oct24-Mar26-1271,2025-10-01,Lloyds,41283719,,Northbridge Trading Ltd Current,DD,DD HARTWELL FINANCE PLC,,0.0,3180.4,-3180.4,731984.66,Hartwell Finance plc,HARTWELL FINANCE PLC,,,False,Lloyds_41283719_Oct24-Mar26.csv,1271
LLOYDS-Lloyds_41283719_Oct24-Mar26-1272,2025-10-01,Lloyds,41283719,,Northbridge Trading Ltd Current,FPO,FPO BT BUSINESS REF 3213,3213,0.0,5821.82,-5821.82,726162.84,Bt Business,BT BUSINESS,,,False,Lloyds_41283719_Oct24-Mar26.csv,1272
LLOYDS-Lloyds_41283719_Oct24-Mar26-1273,2025-10-01,Lloyds,41283719,,Northbridge Trading Ltd Current,FPO,FPO BT BUSINESS REF 8126,8126,0.0,3212.24,-3212.24,722950.6,Bt Business,BT BUSINESS,,,False,Lloyds_41283719_Oct24-Mar26.csv,1273
LLOYDS-Lloyds_41283719_Oct24-Mar26-1274,2025-10-01,Lloyds,41283719,,Northbridge Trading Ltd Current,FPO,FPO SABLE MARKETING LTD REF 3900,3900,0.0,3606.36,-3606.36,719344.24,Sable Marketing Ltd,SABLE MARKETING LTD,,,False,Lloyds_41283719_Oct24-Mar26.csv,1274
LLOYDS-Lloyds_41283719_Oct24-Mar26-1275,2025-10-01,Lloyds,41283719,,Northbridge Trading Ltd Current,SO,SO ASHCOMBE ESTATES RENT,,0.0,6250.0,-6250.0,713094.24,Ashcombe Estates,ASHCOMBE ESTATES,,,False,Lloyds_41283719_Oct24-Mar26.csv,1275
LLOYDS-Lloyds_41283719_Oct24-Mar26-1276,2025-10-02,Lloyds,41283719,,Northbridge Trading Ltd Current,BGC,BGC CASTLEFORD STORES INV67915,,2780.9,-0.0,2780.9,715875.14,Castleford Stores,CASTLEFORD STORES,,,False,Lloyds_41283719_Oct24-Mar26.csv,1276
LLOYDS-Lloyds_41283719_Oct24-Mar26-1277,2025-10-02,Lloyds,41283719,,Northbridge Trading Ltd Current,BGC,BGC PEMBROKE LIVING INV80735,,2216.2,-0.0,2216.2,718091.34,Pembroke Living,PEMBROKE LIVING,,,False,Lloyds_41283719_Oct24-Mar26.csv,1277
LLOYDS-Lloyds_41283719_Oct24-Mar26-1278,2025-10-02,Lloyds,41283719,,Northbridge Trading Ltd Current,FPO,FPO MERIDIAN PACKAGING LTD REF 9574,9574,0.0,4919.97,-4919.97,713171.37,Meridian Packaging Ltd,MERIDIAN PACKAGING LTD,,,False,Lloyds_41283719_Oct24-Mar26.csv,1278
LLOYDS-Lloyds_41283719_Oct24-Mar26-1279,2025-10-02,Lloyds,41283719,,Northbridge Trading Ltd Current,FPO,FPO REDGATE CLEANING LTD REF 3551,3551,0.0,1925.9,-1925.9,711245.47,Redgate Cleaning Ltd,REDGATE CLEANING LTD,,,False,Lloyds_41283719_Oct24-Mar26.csv,1279
LLOYDS-Lloyds_41283719_Oct24-Mar26-1280,2025-10-03,Lloyds,41283719,,Northbridge Trading Ltd Current,BGC,BGC NEWHAM HARDWARE INV48393,,4785.26,-0.0,4785.26,716030.73,Newham Hardware,NEWHAM HARDWARE,,,False,Lloyds_41283719_Oct24-Mar26.csv,1280
LLOYDS-Lloyds_41283719_Oct24-Mar26-1281,2025-10-03,Lloyds,41283719,,Northbridge Trading Ltd Current,BGC,BGC PEMBROKE LIVING INV72530,,2713.02,-0.0,2713.02,718743.75,Pembroke Living,PEMBROKE LIVING,,,False,Lloyds_41283719_Oct24-Mar26.csv,1281
LLOYDS-Lloyds_41283719_Oct24-Mar26-1282,2025-10-03,Lloyds,41283719,,Northbridge Trading Ltd Current,BGC,BGC RAVENSCOURT LTD INV11090,,5417.71,-0.0,5417.71,724161.46,Ravenscourt Ltd,RAVENSCOURT LTD,,,False,Lloyds_41283719_Oct24-Mar26.csv,1282
LLOYDS-Lloyds_41283719_Oct24-Mar26-1283,2025-10-03,Lloyds,41283719,,Northbridge Trading Ltd Current,FPO,FPO SABLE MARKETING LTD REF 7121,7121,0.0,1253.14,-1253.14,722908.32,Sable Marketing Ltd,SABLE MARKETING LTD,,,False,Lloyds_41283719_Oct24-Mar26.csv,1283
LLOYDS-Lloyds_41283719_Oct24-Mar26-1284,2025-10-06,Lloyds,41283719,,Northbridge Trading Ltd Current,BGC,BGC CASTLEFORD STORES INV65343,,4926.81,-0.0,4926.81,727835.13,Castleford Stores,CASTLEFORD STORES,,,False,Lloyds_41283719_Oct24-Mar26.csv,1284
LLOYDS-Lloyds_41283719_Oct24-Mar26-1285,2025-10-06,Lloyds,41283719,,Northbridge Trading Ltd Current,BGC,BGC ISLEY & CO INV47313,,5086.2,-0.0,5086.2,732921.33,Isley & Co,ISLEY AND CO,,,False,Lloyds_41283719_Oct24-Mar26.csv,1285
LLOYDS-Lloyds_41283719_Oct24-Mar26-1286,2025-10-06,Lloyds,41283719,,Northbridge Trading Ltd Current,BGC,BGC MARSDEN DIY INV59592,,2138.22,-0.0,2138.22,735059.55,Marsden Diy,MARSDEN DIY,,,False,Lloyds_41283719_Oct24-Mar26.csv,1286
LLOYDS-Lloyds_41283719_Oct24-Mar26-1287,2025-10-06,Lloyds,41283719,,Northbridge Trading Ltd Current,BGC,BGC QUAYSIDE RETAIL INV90375,,6182.52,-0.0,6182.52,741242.07,Quayside Retail,QUAYSIDE RETAIL,,,False,Lloyds_41283719_Oct24-Mar26.csv,1287
LLOYDS-Lloyds_41283719_Oct24-Mar26-1288,2025-10-06,Lloyds,41283719,,Northbridge Trading Ltd Current,FPO,FPO ASHFORD STEEL SUPPLIES REF 3988,3988,0.0,949.25,-949.25,740292.82,Ashford Steel Supplies,ASHFORD STEEL SUPPLIES,,,False,Lloyds_41283719_Oct24-Mar26.csv,1288
LLOYDS-Lloyds_41283719_Oct24-Mar26-1289,2025-10-06,Lloyds,41283719,,Northbridge Trading Ltd Current,FPO,FPO BRIGHTPATH PRINT LTD REF 8460,8460,0.0,3763.72,-3763.72,736529.1,Brightpath Print Ltd,BRIGHTPATH PRINT LTD,,,False,Lloyds_41283719_Oct24-Mar26.csv,1289
LLOYDS-Lloyds_41283719_Oct24-Mar26-1290,2025-10-06,Lloyds,41283719,,Northbridge Trading Ltd Current,FPO,FPO REDGATE CLEANING LTD REF 7765,7765,0.0,1249.8,-1249.8,735279.3,Redgate Cleaning Ltd,REDGATE CLEANING LTD,,,False,Lloyds_41283719_Oct24-Mar26.csv,1290
LLOYDS-Lloyds_41283719_Oct24-Mar26-1291,2025-10-07,Lloyds,41283719,,Northbridge Trading Ltd Current,BGC,BGC KINGSMEAD DISTRIBUTION INV12542,,1660.35,-0.0,1660.35,736939.65,Kingsmead Distribution,KINGSMEAD DISTRIBUTION,,,False,Lloyds_41283719_Oct24-Mar26.csv,1291
LLOYDS-Lloyds_41283719_Oct24-Mar26-1292,2025-10-07,Lloyds,41283719,,Northbridge Trading Ltd Current,BGC,BGC RAVENSCOURT LTD INV12900,,1892.28,-0.0,1892.28,738831.93,Ravenscourt Ltd,RAVENSCOURT LTD,,,False,Lloyds_41283719_Oct24-Mar26.csv,1292
LLOYDS-Lloyds_41283719_Oct24-Mar26-1293,2025-10-07,Lloyds,41283719,,Northbridge Trading Ltd Current,FPO,FPO HMRC VAT,,0.0,18131.27,-18131.27,720700.66,HMRC,HMRC,,,False,Lloyds_41283719_Oct24-Mar26.csv,1293
LLOYDS-Lloyds_41283719_Oct24-Mar26-1294,2025-10-07,Lloyds,41283719,,Northbridge Trading Ltd Current,FPO,FPO STONEBRIDGE INSURANCE BROKERS REF 5410,5410,0.0,881.48,-881.48,719819.18,Stonebridge Insurance Brokers,STONEBRIDGE INSURANCE BROKERS,,,False,Lloyds_41283719_Oct24-Mar26.csv,1294
LLOYDS-Lloyds_41283719_Oct24-Mar26-1295,2025-10-08,Lloyds,41283719,,Northbridge Trading Ltd Current,BGC,BGC PEMBROKE LIVING INV38467,,2951.67,-0.0,2951.67,722770.85,Pembroke Living,PEMBROKE LIVING,,,False,Lloyds_41283719_Oct24-Mar26.csv,1295
LLOYDS-Lloyds_41283719_Oct24-Mar26-1296,2025-10-08,Lloyds,41283719,,Northbridge Trading Ltd Current,FPO,FPO COASTLINE LOGISTICS LTD REF 6410,6410,0.0,619.31,-619.31,722151.54,Coastline Logistics Ltd,COASTLINE LOGISTICS LTD,,,False,Lloyds_41283719_Oct24-Mar26.csv,1296
LLOYDS-Lloyds_41283719_Oct24-Mar26-1297,2025-10-08,Lloyds,41283719,,Northbridge Trading Ltd Current,FPO,FPO VODAFONE BUSINESS REF 7084,7084,0.0,2862.55,-2862.55,719288.99,Vodafone Business,VODAFONE BUSINESS,,,False,Lloyds_41283719_Oct24-Mar26.csv,1297
LLOYDS-Lloyds_41283719_Oct24-Mar26-1298,2025-10-09,Lloyds,41283719,,Northbridge Trading Ltd Current,BGC,BGC FAIRBANK WHOLESALE INV35191,,6712.83,-0.0,6712.83,726001.82,Fairbank Wholesale,FAIRBANK WHOLESALE,,,False,Lloyds_41283719_Oct24-Mar26.csv,1298
LLOYDS-Lloyds_41283719_Oct24-Mar26-1299,2025-10-09,Lloyds,41283719,,Northbridge Trading Ltd Current,BGC,BGC MARSDEN DIY INV19356,,4311.56,-0.0,4311.56,730313.38,Marsden Diy,MARSDEN DIY,,,False,Lloyds_41283719_Oct24-Mar26.csv,1299
LLOYDS-Lloyds_41283719_Oct24-Mar26-1300,2025-10-09,Lloyds,41283719,,Northbridge Trading Ltd Current,FPO,FPO HALCYON IT SERVICES REF 7304,7304,0.0,4661.67,-4661.67,725651.71,Halcyon It Services,HALCYON IT SERVICES,,,False,Lloyds_41283719_Oct24-Mar26.csv,1300
LLOYDS-Lloyds_41283719_Oct24-Mar26-1301,2025-10-09,Lloyds,41283719,,Northbridge Trading Ltd Current,FPO,FPO THAMES WATER REF 1206,1206,0.0,863.48,-863.48,724788.23,Thames Water,THAMES WATER,,,False,Lloyds_41283719_Oct24-Mar26.csv,1301
LLOYDS-Lloyds_41283719_Oct24-Mar26-1302,2025-10-10,Lloyds,41283719,,Northbridge Trading Ltd Current,BGC,BGC GLENMORE TRADING INV70402,,5598.9,-0.0,5598.9,730387.13,Glenmore Trading,GLENMORE TRADING,,,False,Lloyds_41283719_Oct24-Mar26.csv,1302
LLOYDS-Lloyds_41283719_Oct24-Mar26-1303,2025-10-10,Lloyds,41283719,,Northbridge Trading Ltd Current,FPO,FPO RIDLEY TOOLS LTD REF 4415,4415,0.0,2916.03,-2916.03,727471.1,Ridley Tools Ltd,RIDLEY TOOLS LTD,,,False,Lloyds_41283719_Oct24-Mar26.csv,1303
LLOYDS-Lloyds_41283719_Oct24-Mar26-1304,2025-10-13,Lloyds,41283719,,Northbridge Trading Ltd Current,BGC,BGC BEXLEY HOMEWARE PLC INV97385,,2062.92,-0.0,2062.92,729534.02,Bexley Homeware Plc,BEXLEY HOMEWARE PLC,,,False,Lloyds_41283719_Oct24-Mar26.csv,1304
LLOYDS-Lloyds_41283719_Oct24-Mar26-1305,2025-10-13,Lloyds,41283719,,Northbridge Trading Ltd Current,BGC,BGC DENBY GARDEN CENTRES INV40928,,4847.55,-0.0,4847.55,734381.57,Denby Garden Centres,DENBY GARDEN CENTRES,,,False,Lloyds_41283719_Oct24-Mar26.csv,1305
LLOYDS-Lloyds_41283719_Oct24-Mar26-1306,2025-10-13,Lloyds,41283719,,Northbridge Trading Ltd Current,BGC,BGC JARROW BUILDERS MERCHANTS INV36047,,3019.74,-0.0,3019.74,737401.31,Jarrow Builders Merchants,JARROW BUILDERS MERCHANTS,,,False,Lloyds_41283719_Oct24-Mar26.csv,1306
LLOYDS-Lloyds_41283719_Oct24-Mar26-1307,2025-10-13,Lloyds,41283719,,Northbridge Trading Ltd Current,BGC,BGC KINGSMEAD DISTRIBUTION INV11974,,1724.65,-0.0,1724.65,739125.96,Kingsmead Distribution,KINGSMEAD DISTRIBUTION,,,False,Lloyds_41283719_Oct24-Mar26.csv,1307
LLOYDS-Lloyds_41283719_Oct24-Mar26-1308,2025-10-13,Lloyds,41283719,,Northbridge Trading Ltd Current,DD,DD BRITISH GAS BUSINESS,,0.0,664.8,-664.8,738461.16,British Gas Business,BRITISH GAS BUSINESS,,,False,Lloyds_41283719_Oct24-Mar26.csv,1308
LLOYDS-Lloyds_41283719_Oct24-Mar26-1309,2025-10-13,Lloyds,41283719,,Northbridge Trading Ltd Current,DD,DD BT BUSINESS,,0.0,440.05,-440.05,738021.11,Bt Business,BT BUSINESS,,,False,Lloyds_41283719_Oct24-Mar26.csv,1309
LLOYDS-Lloyds_41283719_Oct24-Mar26-1310,2025-10-13,Lloyds,41283719,,Northbridge Trading Ltd Current,DD,DD LUMEN ENERGY LTD,,0.0,1127.03,-1127.03,736894.08,Lumen Energy Ltd,LUMEN ENERGY LTD,,,False,Lloyds_41283719_Oct24-Mar26.csv,1310
LLOYDS-Lloyds_41283719_Oct24-Mar26-1311,2025-10-13,Lloyds,41283719,,Northbridge Trading Ltd Current,DD,DD THAMES WATER,,0.0,185.47,-185.47,736708.61,Thames Water,THAMES WATER,,,False,Lloyds_41283719_Oct24-Mar26.csv,1311
LLOYDS-Lloyds_41283719_Oct24-Mar26-1312,2025-10-13,Lloyds,41283719,,Northbridge Trading Ltd Current,FPO,FPO CARROW SECURITY LTD REF 2960,2960,0.0,2465.48,-2465.48,734243.13,Carrow Security Ltd,CARROW SECURITY LTD,,,False,Lloyds_41283719_Oct24-Mar26.csv,1312
LLOYDS-Lloyds_41283719_Oct24-Mar26-1313,2025-10-13,Lloyds,41283719,,Northbridge Trading Ltd Current,FPO,FPO HALCYON IT SERVICES REF 1146,1146,0.0,5817.68,-5817.68,728425.45,Halcyon It Services,HALCYON IT SERVICES,,,False,Lloyds_41283719_Oct24-Mar26.csv,1313
LLOYDS-Lloyds_41283719_Oct24-Mar26-1314,2025-10-13,Lloyds,41283719,,Northbridge Trading Ltd Current,FPO,FPO SMITH CONSULTING LTD MGMT FEES,,0.0,18500.0,-18500.0,709925.45,Smith Consulting Ltd,SMITH CONSULTING LTD,,,False,Lloyds_41283719_Oct24-Mar26.csv,1314
BARCLAYS-Barclays_90311276_export-89,2025-10-14,Barclays,90311276,20-45-18,Northbridge Trading Ltd,,CARD PAYMENT DHL EXPRESS,,0.0,390.54,-390.54,39609.09,Dhl Express,DHL EXPRESS,,,False,Barclays_90311276_export.csv,89
LLOYDS-Lloyds_41283719_Oct24-Mar26-1315,2025-10-14,Lloyds,41283719,,Northbridge Trading Ltd Current,BGC,BGC BEXLEY HOMEWARE PLC INV17834,,2975.24,-0.0,2975.24,712900.69,Bexley Homeware Plc,BEXLEY HOMEWARE PLC,,,False,Lloyds_41283719_Oct24-Mar26.csv,1315
LLOYDS-Lloyds_41283719_Oct24-Mar26-1316,2025-10-14,Lloyds,41283719,,Northbridge Trading Ltd Current,BGC,BGC CASTLEFORD STORES INV42600,,1653.41,-0.0,1653.41,714554.1,Castleford Stores,CASTLEFORD STORES,,,False,Lloyds_41283719_Oct24-Mar26.csv,1316
LLOYDS-Lloyds_41283719_Oct24-Mar26-1317,2025-10-14,Lloyds,41283719,,Northbridge Trading Ltd Current,BGC,BGC CASTLEFORD STORES INV99908,,4733.45,-0.0,4733.45,719287.55,Castleford Stores,CASTLEFORD STORES,,,False,Lloyds_41283719_Oct24-Mar26.csv,1317
LLOYDS-Lloyds_41283719_Oct24-Mar26-1318,2025-10-14,Lloyds,41283719,,Northbridge Trading Ltd Current,BGC,BGC TAMAR TRADERS INV30315,,3081.35,-0.0,3081.35,722368.9,Tamar Traders,TAMAR TRADERS,,,False,Lloyds_41283719_Oct24-Mar26.csv,1318
LLOYDS-Lloyds_41283719_Oct24-Mar26-1319,2025-10-14,Lloyds,41283719,,Northbridge Trading Ltd Current,FPO,FPO SABLE MARKETING LTD REF 2759,2759,0.0,886.09,-886.09,721482.81,Sable Marketing Ltd,SABLE MARKETING LTD,,,False,Lloyds_41283719_Oct24-Mar26.csv,1319
BARCLAYS-Barclays_90311276_export-90,2025-10-15,Barclays,90311276,20-45-18,Northbridge Trading Ltd,,TFR FROM 30-96-26 41283719,,4000.0,0.0,4000.0,43609.09,Northbridge Trading Ltd,NORTHBRIDGE TRADING LTD,30-96-26,41283719,True,Barclays_90311276_export.csv,90
LLOYDS-Lloyds_41283719_Oct24-Mar26-1320,2025-10-15,Lloyds,41283719,,Northbridge Trading Ltd Current,BGC,BGC ALDERTON RETAIL LTD INV59514,,2981.3,-0.0,2981.3,724464.11,Alderton Retail Ltd,ALDERTON RETAIL LTD,,,False,Lloyds_41283719_Oct24-Mar26.csv,1320
LLOYDS-Lloyds_41283719_Oct24-Mar26-1321,2025-10-15,Lloyds,41283719,,Northbridge Trading Ltd Current,BGC,BGC EVERLY INTERIORS LTD INV42859,,6578.83,-0.0,6578.83,731042.94,Everly Interiors Ltd,EVERLY INTERIORS LTD,,,False,Lloyds_41283719_Oct24-Mar26.csv,1321
LLOYDS-Lloyds_41283719_Oct24-Mar26-1322,2025-10-15,Lloyds,41283719,,Northbridge Trading Ltd Current,FPO,FPO BT BUSINESS REF 5828,5828,0.0,3324.99,-3324.99,727717.95,Bt Business,BT BUSINESS,,,False,Lloyds_41283719_Oct24-Mar26.csv,1322
LLOYDS-Lloyds_41283719_Oct24-Mar26-1323,2025-10-15,Lloyds,41283719,,Northbridge Trading Ltd Current,FPO,FPO VODAFONE BUSINESS REF 4109,4109,0.0,3465.21,-3465.21,724252.74,Vodafone Business,VODAFONE BUSINESS,,,False,Lloyds_41283719_Oct24-Mar26.csv,1323
LLOYDS-Lloyds_41283719_Oct24-Mar26-1324,2025-10-15,Lloyds,41283719,,Northbridge Trading Ltd Current,TFR,TFR TO 20-45-18 90311276,,0.0,4000.0,-4000.0,720252.74,Northbridge Trading Ltd,NORTHBRIDGE TRADING LTD,20-45-18,90311276,True,Lloyds_41283719_Oct24-Mar26.csv,1324
BARCLAYS-Barclays_90311276_export-91,2025-10-16,Barclays,90311276,20-45-18,Northbridge Trading Ltd,,CARD PAYMENT NORTHGATE VEHICLE HIRE,,0.0,305.08,-305.08,43304.01,Northgate Vehicle Hire,NORTHGATE VEHICLE HIRE,,,False,Barclays_90311276_export.csv,91
LLOYDS-Lloyds_41283719_Oct24-Mar26-1325,2025-10-16,Lloyds,41283719,,Northbridge Trading Ltd Current,BGC,BGC EVERLY INTERIORS LTD INV68901,,2555.31,-0.0,2555.31,722808.05,Everly Interiors Ltd,EVERLY INTERIORS LTD,,,False,Lloyds_41283719_Oct24-Mar26.csv,1325
LLOYDS-Lloyds_41283719_Oct24-Mar26-1326,2025-10-16,Lloyds,41283719,,Northbridge Trading Ltd Current,BGC,BGC ISLEY & CO INV88470,,6657.96,-0.0,6657.96,729466.01,Isley & Co,ISLEY AND CO,,,False,Lloyds_41283719_Oct24-Mar26.csv,1326
LLOYDS-Lloyds_41283719_Oct24-Mar26-1327,2025-10-16,Lloyds,41283719,,Northbridge Trading Ltd Current,BGC,BGC RAVENSCOURT LTD INV31016,,1051.65,-0.0,1051.65,730517.66,Ravenscourt Ltd,RAVENSCOURT LTD,,,False,Lloyds_41283719_Oct24-Mar26.csv,1327
LLOYDS-Lloyds_41283719_Oct24-Mar26-1328,2025-10-16,Lloyds,41283719,,Northbridge Trading Ltd Current,FPO,FPO ELLERY LEGAL LLP REF 9289,9289,0.0,2367.4,-2367.4,728150.26,Ellery Legal Llp,ELLERY LEGAL LLP,,,False,Lloyds_41283719_Oct24-Mar26.csv,1328
LLOYDS-Lloyds_41283719_Oct24-Mar26-1329,2025-10-16,Lloyds,41283719,,Northbridge Trading Ltd Current,FPO,FPO SABLE MARKETING LTD REF 7014,7014,0.0,2806.36,-2806.36,725343.9,Sable Marketing Ltd,SABLE MARKETING LTD,,,False,Lloyds_41283719_Oct24-Mar26.csv,1329
BARCLAYS-Barclays_90311276_export-92,2025-10-17,Barclays,90311276,20-45-18,Northbridge Trading Ltd,,CARD PAYMENT SCREWFIX,,0.0,102.17,-102.17,43201.84,Screwfix,SCREWFIX,,,False,Barclays_90311276_export.csv,92
LLOYDS-Lloyds_41283719_Oct24-Mar26-1330,2025-10-17,Lloyds,41283719,,Northbridge Trading Ltd Current,BGC,BGC HEXHAM SUPPLIES LTD INV52034,,5354.17,-0.0,5354.17,730698.07,Hexham Supplies Ltd,HEXHAM SUPPLIES LTD,,,False,Lloyds_41283719_Oct24-Mar26.csv,1330
LLOYDS-Lloyds_41283719_Oct24-Mar26-1331,2025-10-17,Lloyds,41283719,,Northbridge Trading Ltd Current,BGC,BGC PEMBROKE LIVING INV82281,,1610.55,-0.0,1610.55,732308.62,Pembroke Living,PEMBROKE LIVING,,,False,Lloyds_41283719_Oct24-Mar26.csv,1331
LLOYDS-Lloyds_41283719_Oct24-Mar26-1332,2025-10-17,Lloyds,41283719,,Northbridge Trading Ltd Current,BGC,BGC RAVENSCOURT LTD INV60789,,1846.56,-0.0,1846.56,734155.18,Ravenscourt Ltd,RAVENSCOURT LTD,,,False,Lloyds_41283719_Oct24-Mar26.csv,1332
LLOYDS-Lloyds_41283719_Oct24-Mar26-1333,2025-10-17,Lloyds,41283719,,Northbridge Trading Ltd Current,FPO,FPO BRIGHTPATH PRINT LTD REF 2577,2577,0.0,3210.72,-3210.72,730944.46,Brightpath Print Ltd,BRIGHTPATH PRINT LTD,,,False,Lloyds_41283719_Oct24-Mar26.csv,1333
LLOYDS-Lloyds_41283719_Oct24-Mar26-1334,2025-10-17,Lloyds,41283719,,Northbridge Trading Ltd Current,FPO,FPO KESTREL FUEL CARDS REF 7714,7714,0.0,3899.29,-3899.29,727045.17,Kestrel Fuel Cards,KESTREL FUEL CARDS,,,False,Lloyds_41283719_Oct24-Mar26.csv,1334
LLOYDS-Lloyds_41283719_Oct24-Mar26-1335,2025-10-20,Lloyds,41283719,,Northbridge Trading Ltd Current,BGC,BGC SELBY HOME STORES INV94115,,6043.36,-0.0,6043.36,733088.53,Selby Home Stores,SELBY HOME STORES,,,False,Lloyds_41283719_Oct24-Mar26.csv,1335
LLOYDS-Lloyds_41283719_Oct24-Mar26-1336,2025-10-20,Lloyds,41283719,,Northbridge Trading Ltd Current,FPO,FPO HALCYON IT SERVICES REF 2161,2161,0.0,226.55,-226.55,732861.98,Halcyon It Services,HALCYON IT SERVICES,,,False,Lloyds_41283719_Oct24-Mar26.csv,1336
LLOYDS-Lloyds_41283719_Oct24-Mar26-1337,2025-10-20,Lloyds,41283719,,Northbridge Trading Ltd Current,FPO,FPO RIDLEY TOOLS LTD REF 5193,5193,0.0,437.15,-437.15,732424.83,Ridley Tools Ltd,RIDLEY TOOLS LTD,,,False,Lloyds_41283719_Oct24-Mar26.csv,1337
LLOYDS-Lloyds_41283719_Oct24-Mar26-1338,2025-10-20,Lloyds,41283719,,Northbridge Trading Ltd Current,TFR,TFR TO 60-12-44 77120931,,0.0,56000.0,-56000.0,676424.83,Northbridge Trading Ltd,NORTHBRIDGE TRADING LTD,60-12-44,77120931,True,Lloyds_41283719_Oct24-Mar26.csv,1338
NATWEST-NatWest_77120931_statement-198,2025-10-20,NatWest,77120931,,Northbridge Trading Ltd,TFR,TFR FROM 30-96-26 41283719,,56000.0,0.0,56000.0,181263.61,Northbridge Trading Ltd,NORTHBRIDGE TRADING LTD,30-96-26,41283719,True,NatWest_77120931_statement.xlsx,198
BARCLAYS-Barclays_90311276_export-93,2025-10-21,Barclays,90311276,20-45-18,Northbridge Trading Ltd,,CARD PAYMENT AMAZON BUSINESS,,0.0,66.56,-66.56,43135.28,Amazon Business,AMAZON BUSINESS,,,False,Barclays_90311276_export.csv,93
LLOYDS-Lloyds_41283719_Oct24-Mar26-1339,2025-10-21,Lloyds,41283719,,Northbridge Trading Ltd Current,BGC,BGC ORWELL FURNISHINGS LTD INV93744,,977.88,-0.0,977.88,677402.71,Orwell Furnishings Ltd,ORWELL FURNISHINGS LTD,,,False,Lloyds_41283719_Oct24-Mar26.csv,1339
LLOYDS-Lloyds_41283719_Oct24-Mar26-1340,2025-10-21,Lloyds,41283719,,Northbridge Trading Ltd Current,FPO,FPO ASHFORD STEEL SUPPLIES REF 5979,5979,0.0,605.92,-605.92,676796.79,Ashford Steel Supplies,ASHFORD STEEL SUPPLIES,,,False,Lloyds_41283719_Oct24-Mar26.csv,1340
LLOYDS-Lloyds_41283719_Oct24-Mar26-1341,2025-10-21,Lloyds,41283719,,Northbridge Trading Ltd Current,FPO,FPO BRITISH GAS BUSINESS REF 7046,7046,0.0,4796.36,-4796.36,672000.43,British Gas Business,BRITISH GAS BUSINESS,,,False,Lloyds_41283719_Oct24-Mar26.csv,1341
LLOYDS-Lloyds_41283719_Oct24-Mar26-1342,2025-10-21,Lloyds,41283719,,Northbridge Trading Ltd Current,FPO,FPO COASTLINE LOGISTICS LTD REF 5355,5355,0.0,3244.77,-3244.77,668755.66,Coastline Logistics Ltd,COASTLINE LOGISTICS LTD,,,False,Lloyds_41283719_Oct24-Mar26.csv,1342
BARCLAYS-Barclays_90311276_export-94,2025-10-22,Barclays,90311276,20-45-18,Northbridge Trading Ltd,,CARD PAYMENT SCREWFIX,,0.0,272.98,-272.98,42862.3,Screwfix,SCREWFIX,,,False,Barclays_90311276_export.csv,94
LLOYDS-Lloyds_41283719_Oct24-Mar26-1343,2025-10-22,Lloyds,41283719,,Northbridge Trading Ltd Current,BGC,BGC FAIRBANK WHOLESALE INV83193,,5431.28,-0.0,5431.28,674186.94,Fairbank Wholesale,FAIRBANK WHOLESALE,,,False,Lloyds_41283719_Oct24-Mar26.csv,1343
LLOYDS-Lloyds_41283719_Oct24-Mar26-1344,2025-10-22,Lloyds,41283719,,Northbridge Trading Ltd Current,BGC,BGC GLENMORE TRADING INV35312,,3987.57,-0.0,3987.57,678174.51,Glenmore Trading,GLENMORE TRADING,,,False,Lloyds_41283719_Oct24-Mar26.csv,1344
LLOYDS-Lloyds_41283719_Oct24-Mar26-1345,2025-10-22,Lloyds,41283719,,Northbridge Trading Ltd Current,BGC,BGC HEXHAM SUPPLIES LTD INV84714,,4629.35,-0.0,4629.35,682803.86,Hexham Supplies Ltd,HEXHAM SUPPLIES LTD,,,False,Lloyds_41283719_Oct24-Mar26.csv,1345
LLOYDS-Lloyds_41283719_Oct24-Mar26-1346,2025-10-22,Lloyds,41283719,,Northbridge Trading Ltd Current,FPO,FPO BRAMBLE ACCOUNTANTS REF 7997,7997,0.0,5314.52,-5314.52,677489.34,Bramble Accountants,BRAMBLE ACCOUNTANTS,,,False,Lloyds_41283719_Oct24-Mar26.csv,1346
LLOYDS-Lloyds_41283719_Oct24-Mar26-1347,2025-10-22,Lloyds,41283719,,Northbridge Trading Ltd Current,FPO,FPO BRIGHTPATH PRINT LTD REF 6864,6864,0.0,4095.78,-4095.78,673393.56,Brightpath Print Ltd,BRIGHTPATH PRINT LTD,,,False,Lloyds_41283719_Oct24-Mar26.csv,1347
NATWEST-NatWest_77120931_statement-199,2025-10-22,NatWest,77120931,,Northbridge Trading Ltd,FPO,FPO HMRC PAYE 1025,,0.0,11271.12,-11271.12,169992.49,HMRC,HMRC,,,False,NatWest_77120931_statement.xlsx,199
LLOYDS-Lloyds_41283719_Oct24-Mar26-1348,2025-10-23,Lloyds,41283719,,Northbridge Trading Ltd Current,BGC,BGC KINGSMEAD DISTRIBUTION INV58722,,3237.46,-0.0,3237.46,676631.02,Kingsmead Distribution,KINGSMEAD DISTRIBUTION,,,False,Lloyds_41283719_Oct24-Mar26.csv,1348
LLOYDS-Lloyds_41283719_Oct24-Mar26-1349,2025-10-23,Lloyds,41283719,,Northbridge Trading Ltd Current,BGC,BGC KINGSMEAD DISTRIBUTION INV82100,,6971.62,-0.0,6971.62,683602.64,Kingsmead Distribution,KINGSMEAD DISTRIBUTION,,,False,Lloyds_41283719_Oct24-Mar26.csv,1349
LLOYDS-Lloyds_41283719_Oct24-Mar26-1350,2025-10-23,Lloyds,41283719,,Northbridge Trading Ltd Current,BGC,BGC TAMAR TRADERS INV68066,,6598.0,-0.0,6598.0,690200.64,Tamar Traders,TAMAR TRADERS,,,False,Lloyds_41283719_Oct24-Mar26.csv,1350
LLOYDS-Lloyds_41283719_Oct24-Mar26-1351,2025-10-23,Lloyds,41283719,,Northbridge Trading Ltd Current,FPO,FPO FENWICK COMPONENTS LTD REF 7145,7145,0.0,4629.39,-4629.39,685571.25,Fenwick Components Ltd,FENWICK COMPONENTS LTD,,,False,Lloyds_41283719_Oct24-Mar26.csv,1351
LLOYDS-Lloyds_41283719_Oct24-Mar26-1352,2025-10-23,Lloyds,41283719,,Northbridge Trading Ltd Current,FPO,FPO KESTREL FUEL CARDS REF 4943,4943,0.0,3444.4,-3444.4,682126.85,Kestrel Fuel Cards,KESTREL FUEL CARDS,,,False,Lloyds_41283719_Oct24-Mar26.csv,1352
LLOYDS-Lloyds_41283719_Oct24-Mar26-1353,2025-10-24,Lloyds,41283719,,Northbridge Trading Ltd Current,BGC,BGC BEXLEY HOMEWARE PLC INV47287,,4402.32,-0.0,4402.32,686529.17,Bexley Homeware Plc,BEXLEY HOMEWARE PLC,,,False,Lloyds_41283719_Oct24-Mar26.csv,1353
LLOYDS-Lloyds_41283719_Oct24-Mar26-1354,2025-10-24,Lloyds,41283719,,Northbridge Trading Ltd Current,BGC,BGC ORWELL FURNISHINGS LTD INV62047,,577.59,-0.0,577.59,687106.76,Orwell Furnishings Ltd,ORWELL FURNISHINGS LTD,,,False,Lloyds_41283719_Oct24-Mar26.csv,1354
LLOYDS-Lloyds_41283719_Oct24-Mar26-1355,2025-10-24,Lloyds,41283719,,Northbridge Trading Ltd Current,BGC,BGC QUAYSIDE RETAIL INV27705,,6956.03,-0.0,6956.03,694062.79,Quayside Retail,QUAYSIDE RETAIL,,,False,Lloyds_41283719_Oct24-Mar26.csv,1355
LLOYDS-Lloyds_41283719_Oct24-Mar26-1356,2025-10-24,Lloyds,41283719,,Northbridge Trading Ltd Current,FPO,FPO FENWICK COMPONENTS LTD REF 6159,6159,0.0,276.95,-276.95,693785.84,Fenwick Components Ltd,FENWICK COMPONENTS LTD,,,False,Lloyds_41283719_Oct24-Mar26.csv,1356
LLOYDS-Lloyds_41283719_Oct24-Mar26-1357,2025-10-24,Lloyds,41283719,,Northbridge Trading Ltd Current,FPO,FPO MERIDIAN PACKAGING LTD REF 5920,5920,0.0,5908.71,-5908.71,687877.13,Meridian Packaging Ltd,MERIDIAN PACKAGING LTD,,,False,Lloyds_41283719_Oct24-Mar26.csv,1357
LLOYDS-Lloyds_41283719_Oct24-Mar26-1358,2025-10-27,Lloyds,41283719,,Northbridge Trading Ltd Current,BGC,BGC CASTLEFORD STORES INV52558,,5599.52,-0.0,5599.52,693476.65,Castleford Stores,CASTLEFORD STORES,,,False,Lloyds_41283719_Oct24-Mar26.csv,1358
LLOYDS-Lloyds_41283719_Oct24-Mar26-1359,2025-10-27,Lloyds,41283719,,Northbridge Trading Ltd Current,BGC,BGC FAIRBANK WHOLESALE INV73999,,5807.61,-0.0,5807.61,699284.26,Fairbank Wholesale,FAIRBANK WHOLESALE,,,False,Lloyds_41283719_Oct24-Mar26.csv,1359
LLOYDS-Lloyds_41283719_Oct24-Mar26-1360,2025-10-27,Lloyds,41283719,,Northbridge Trading Ltd Current,FPO,FPO BRIGHTPATH PRINT LTD REF 5921,5921,0.0,368.62,-368.62,698915.64,Brightpath Print Ltd,BRIGHTPATH PRINT LTD,,,False,Lloyds_41283719_Oct24-Mar26.csv,1360
LLOYDS-Lloyds_41283719_Oct24-Mar26-1361,2025-10-27,Lloyds,41283719,,Northbridge Trading Ltd Current,FPO,FPO CARROW SECURITY LTD REF 7251,7251,0.0,609.09,-609.09,698306.55,Carrow Security Ltd,CARROW SECURITY LTD,,,False,Lloyds_41283719_Oct24-Mar26.csv,1361
LLOYDS-Lloyds_41283719_Oct24-Mar26-1362,2025-10-27,Lloyds,41283719,,Northbridge Trading Ltd Current,FPO,FPO COASTLINE LOGISTICS LTD REF 6478,6478,0.0,2185.39,-2185.39,696121.16,Coastline Logistics Ltd,COASTLINE LOGISTICS LTD,,,False,Lloyds_41283719_Oct24-Mar26.csv,1362
NATWEST-NatWest_77120931_statement-200,2025-10-27,NatWest,77120931,,Northbridge Trading Ltd,FPO,FPO A PATEL SALARY OCT25,,0.0,2369.13,-2369.13,167623.36,A Patel,A PATEL,,,False,NatWest_77120931_statement.xlsx,200
NATWEST-NatWest_77120931_statement-201,2025-10-27,NatWest,77120931,,Northbridge Trading Ltd,FPO,FPO C WALSH SALARY OCT25,,0.0,2135.29,-2135.29,165488.07,C Walsh,C WALSH,,,False,NatWest_77120931_statement.xlsx,201
NATWEST-NatWest_77120931_statement-202,2025-10-27,NatWest,77120931,,Northbridge Trading Ltd,FPO,FPO D O'BRIEN SALARY OCT25,,0.0,2524.04,-2524.04,162964.03,D O'Brien,D O'BRIEN,,,False,NatWest_77120931_statement.xlsx,202
NATWEST-NatWest_77120931_statement-203,2025-10-27,NatWest,77120931,,Northbridge Trading Ltd,FPO,FPO E MORGAN SALARY OCT25,,0.0,1964.15,-1964.15,160999.88,E Morgan,E MORGAN,,,False,NatWest_77120931_statement.xlsx,203
NATWEST-NatWest_77120931_statement-204,2025-10-27,NatWest,77120931,,Northbridge Trading Ltd,FPO,FPO H SCHMIDT SALARY OCT25,,0.0,2889.66,-2889.66,158110.22,H Schmidt,H SCHMIDT,,,False,NatWest_77120931_statement.xlsx,204
NATWEST-NatWest_77120931_statement-205,2025-10-27,NatWest,77120931,,Northbridge Trading Ltd,FPO,FPO J SMITH SALARY OCT25,,0.0,4200.0,-4200.0,153910.22,J Smith,J SMITH,,,False,NatWest_77120931_statement.xlsx,205
NATWEST-NatWest_77120931_statement-206,2025-10-27,NatWest,77120931,,Northbridge Trading Ltd,FPO,FPO J TAYLOR SALARY OCT25,,0.0,3278.83,-3278.83,150631.39,J Taylor,J TAYLOR,,,False,NatWest_77120931_statement.xlsx,206
NATWEST-NatWest_77120931_statement-207,2025-10-27,NatWest,77120931,,Northbridge Trading Ltd,FPO,FPO L KOWALSKI SALARY OCT25,,0.0,2845.75,-2845.75,147785.64,L Kowalski,L KOWALSKI,,,False,NatWest_77120931_statement.xlsx,207
NATWEST-NatWest_77120931_statement-208,2025-10-27,NatWest,77120931,,Northbridge Trading Ltd,FPO,FPO M HUGHES SALARY OCT25,,0.0,3474.07,-3474.07,144311.57,M Hughes,M HUGHES,,,False,NatWest_77120931_statement.xlsx,208
NATWEST-NatWest_77120931_statement-209,2025-10-27,NatWest,77120931,,Northbridge Trading Ltd,FPO,FPO P SINGH SALARY OCT25,,0.0,2296.09,-2296.09,142015.48,P Singh,P SINGH,,,False,NatWest_77120931_statement.xlsx,209
NATWEST-NatWest_77120931_statement-210,2025-10-27,NatWest,77120931,,Northbridge Trading Ltd,FPO,FPO R DAVIES SALARY OCT25,,0.0,2163.02,-2163.02,139852.46,R Davies,R DAVIES,,,False,NatWest_77120931_statement.xlsx,210
NATWEST-NatWest_77120931_statement-211,2025-10-27,NatWest,77120931,,Northbridge Trading Ltd,FPO,FPO S OKAFOR SALARY OCT25,,0.0,2841.23,-2841.23,137011.23,S Okafor,S OKAFOR,,,False,NatWest_77120931_statement.xlsx,211
NATWEST-NatWest_77120931_statement-212,2025-10-27,NatWest,77120931,,Northbridge Trading Ltd,FPO,FPO T NGUYEN SALARY OCT25,,0.0,2504.61,-2504.61,134506.62,T Nguyen,T NGUYEN,,,False,NatWest_77120931_statement.xlsx,212
LLOYDS-Lloyds_41283719_Oct24-Mar26-1363,2025-10-28,Lloyds,41283719,,Northbridge Trading Ltd Current,BGC,BGC HEXHAM SUPPLIES LTD INV95561,,5934.0,-0.0,5934.0,702055.16,Hexham Supplies Ltd,HEXHAM SUPPLIES LTD,,,False,Lloyds_41283719_Oct24-Mar26.csv,1363
LLOYDS-Lloyds_41283719_Oct24-Mar26-1364,2025-10-28,Lloyds,41283719,,Northbridge Trading Ltd Current,DEB,ACCOUNT FEE,,0.0,42.98,-42.98,702012.18,Lloyds,LLOYDS,,,False,Lloyds_41283719_Oct24-Mar26.csv,1364
LLOYDS-Lloyds_41283719_Oct24-Mar26-1365,2025-10-28,Lloyds,41283719,,Northbridge Trading Ltd Current,FPO,FPO ELLERY LEGAL LLP REF 7266,7266,0.0,466.65,-466.65,701545.53,Ellery Legal Llp,ELLERY LEGAL LLP,,,False,Lloyds_41283719_Oct24-Mar26.csv,1365
NATWEST-NatWest_77120931_statement-213,2025-10-28,NatWest,77120931,,Northbridge Trading Ltd,DEB,ACCOUNT CHARGES,,0.0,31.3,-31.3,134475.32,NatWest,NATWEST,,,False,NatWest_77120931_statement.xlsx,213
LLOYDS-Lloyds_41283719_Oct24-Mar26-1366,2025-10-29,Lloyds,41283719,,Northbridge Trading Ltd Current,BGC,BGC HEXHAM SUPPLIES LTD INV30079,,882.54,-0.0,882.54,702428.07,Hexham Supplies Ltd,HEXHAM SUPPLIES LTD,,,False,Lloyds_41283719_Oct24-Mar26.csv,1366
LLOYDS-Lloyds_41283719_Oct24-Mar26-1367,2025-10-29,Lloyds,41283719,,Northbridge Trading Ltd Current,BGC,BGC MARSDEN DIY INV68407,,5301.54,-0.0,5301.54,707729.61,Marsden Diy,MARSDEN DIY,,,False,Lloyds_41283719_Oct24-Mar26.csv,1367
LLOYDS-Lloyds_41283719_Oct24-Mar26-1368,2025-10-29,Lloyds,41283719,,Northbridge Trading Ltd Current,BGC,BGC NEWHAM HARDWARE INV47982,,5512.5,-0.0,5512.5,713242.11,Newham Hardware,NEWHAM HARDWARE,,,False,Lloyds_41283719_Oct24-Mar26.csv,1368
LLOYDS-Lloyds_41283719_Oct24-Mar26-1369,2025-10-29,Lloyds,41283719,,Northbridge Trading Ltd Current,BGC,BGC SELBY HOME STORES INV76155,,1131.47,-0.0,1131.47,714373.58,Selby Home Stores,SELBY HOME STORES,,,False,Lloyds_41283719_Oct24-Mar26.csv,1369
LLOYDS-Lloyds_41283719_Oct24-Mar26-1370,2025-10-29,Lloyds,41283719,,Northbridge Trading Ltd Current,FPO,FPO OAKLINE OFFICE LTD REF 6507,6507,0.0,632.89,-632.89,713740.69,Oakline Office Ltd,OAKLINE OFFICE LTD,,,False,Lloyds_41283719_Oct24-Mar26.csv,1370
LLOYDS-Lloyds_41283719_Oct24-Mar26-1371,2025-10-30,Lloyds,41283719,,Northbridge Trading Ltd Current,BGC,BGC ISLEY & CO INV21151,,3059.5,-0.0,3059.5,716800.19,Isley & Co,ISLEY AND CO,,,False,Lloyds_41283719_Oct24-Mar26.csv,1371
LLOYDS-Lloyds_41283719_Oct24-Mar26-1372,2025-10-30,Lloyds,41283719,,Northbridge Trading Ltd Current,BGC,BGC NEWHAM HARDWARE INV27088,,5337.23,-0.0,5337.23,722137.42,Newham Hardware,NEWHAM HARDWARE,,,False,Lloyds_41283719_Oct24-Mar26.csv,1372
LLOYDS-Lloyds_41283719_Oct24-Mar26-1373,2025-10-30,Lloyds,41283719,,Northbridge Trading Ltd Current,BGC,BGC PEMBROKE LIVING INV83308,,1803.68,-0.0,1803.68,723941.1,Pembroke Living,PEMBROKE LIVING,,,False,Lloyds_41283719_Oct24-Mar26.csv,1373
LLOYDS-Lloyds_41283719_Oct24-Mar26-1374,2025-10-30,Lloyds,41283719,,Northbridge Trading Ltd Current,FPO,FPO ELLERY LEGAL LLP REF 4212,4212,0.0,3432.83,-3432.83,720508.27,Ellery Legal Llp,ELLERY LEGAL LLP,,,False,Lloyds_41283719_Oct24-Mar26.csv,1374
LLOYDS-Lloyds_41283719_Oct24-Mar26-1375,2025-10-30,Lloyds,41283719,,Northbridge Trading Ltd Current,FPO,FPO RIDLEY TOOLS LTD REF 5034,5034,0.0,1567.54,-1567.54,718940.73,Ridley Tools Ltd,RIDLEY TOOLS LTD,,,False,Lloyds_41283719_Oct24-Mar26.csv,1375
BARCLAYS-Barclays_90311276_export-95,2025-10-31,Barclays,90311276,20-45-18,Northbridge Trading Ltd,,CARD PAYMENT DHL EXPRESS,,0.0,91.76,-91.76,42770.54,Dhl Express,DHL EXPRESS,,,False,Barclays_90311276_export.csv,95
LLOYDS-Lloyds_41283719_Oct24-Mar26-1376,2025-10-31,Lloyds,41283719,,Northbridge Trading Ltd Current,BGC,BGC ALDERTON RETAIL LTD INV49953,,1616.15,-0.0,1616.15,720556.88,Alderton Retail Ltd,ALDERTON RETAIL LTD,,,False,Lloyds_41283719_Oct24-Mar26.csv,1376
LLOYDS-Lloyds_41283719_Oct24-Mar26-1377,2025-10-31,Lloyds,41283719,,Northbridge Trading Ltd Current,BGC,BGC GLENMORE TRADING INV52039,,2709.84,-0.0,2709.84,723266.72,Glenmore Trading,GLENMORE TRADING,,,False,Lloyds_41283719_Oct24-Mar26.csv,1377
LLOYDS-Lloyds_41283719_Oct24-Mar26-1378,2025-10-31,Lloyds,41283719,,Northbridge Trading Ltd Current,BGC,BGC NEWHAM HARDWARE INV65514,,2839.27,-0.0,2839.27,726105.99,Newham Hardware,NEWHAM HARDWARE,,,False,Lloyds_41283719_Oct24-Mar26.csv,1378
LLOYDS-Lloyds_41283719_Oct24-Mar26-1379,2025-10-31,Lloyds,41283719,,Northbridge Trading Ltd Current,BGC,BGC SELBY HOME STORES INV21743,,1262.19,-0.0,1262.19,727368.18,Selby Home Stores,SELBY HOME STORES,,,False,Lloyds_41283719_Oct24-Mar26.csv,1379
LLOYDS-Lloyds_41283719_Oct24-Mar26-1380,2025-10-31,Lloyds,41283719,,Northbridge Trading Ltd Current,FPO,FPO BT BUSINESS REF 1735,1735,0.0,5556.65,-5556.65,721811.53,Bt Business,BT BUSINESS,,,False,Lloyds_41283719_Oct24-Mar26.csv,1380
LLOYDS-Lloyds_41283719_Oct24-Mar26-1381,2025-10-31,Lloyds,41283719,,Northbridge Trading Ltd Current,FPO,FPO WEXFORD CATERING LTD REF 8245,8245,0.0,3795.62,-3795.62,718015.91,Wexford Catering Ltd,WEXFORD CATERING LTD,,,False,Lloyds_41283719_Oct24-Mar26.csv,1381
LLOYDS-Lloyds_41283719_Oct24-Mar26-1382,2025-11-03,Lloyds,41283719,,Northbridge Trading Ltd Current,BGC,BGC JARROW BUILDERS MERCHANTS INV11800,,2668.24,-0.0,2668.24,720684.15,Jarrow Builders Merchants,JARROW BUILDERS MERCHANTS,,,False,Lloyds_41283719_Oct24-Mar26.csv,1382
LLOYDS-Lloyds_41283719_Oct24-Mar26-1383,2025-11-03,Lloyds,41283719,,Northbridge Trading Ltd Current,BGC,BGC TAMAR TRADERS INV29356,,5906.25,-0.0,5906.25,726590.4,Tamar Traders,TAMAR TRADERS,,,False,Lloyds_41283719_Oct24-Mar26.csv,1383
LLOYDS-Lloyds_41283719_Oct24-Mar26-1384,2025-11-03,Lloyds,41283719,,Northbridge Trading Ltd Current,DD,DD HARTWELL FINANCE PLC,,0.0,3180.4,-3180.4,723410.0,Hartwell Finance plc,HARTWELL FINANCE PLC,,,False,Lloyds_41283719_Oct24-Mar26.csv,1384
LLOYDS-Lloyds_41283719_Oct24-Mar26-1385,2025-11-03,Lloyds,41283719,,Northbridge Trading Ltd Current,FPO,FPO STONEBRIDGE INSURANCE BROKERS REF 8373,8373,0.0,2906.46,-2906.46,720503.54,Stonebridge Insurance Brokers,STONEBRIDGE INSURANCE BROKERS,,,False,Lloyds_41283719_Oct24-Mar26.csv,1385
LLOYDS-Lloyds_41283719_Oct24-Mar26-1386,2025-11-03,Lloyds,41283719,,Northbridge Trading Ltd Current,SO,SO ASHCOMBE ESTATES RENT,,0.0,6250.0,-6250.0,714253.54,Ashcombe Estates,ASHCOMBE ESTATES,,,False,Lloyds_41283719_Oct24-Mar26.csv,1386
LLOYDS-Lloyds_41283719_Oct24-Mar26-1387,2025-11-04,Lloyds,41283719,,Northbridge Trading Ltd Current,BGC,BGC GLENMORE TRADING INV81620,,3761.43,-0.0,3761.43,718014.97,Glenmore Trading,GLENMORE TRADING,,,False,Lloyds_41283719_Oct24-Mar26.csv,1387
LLOYDS-Lloyds_41283719_Oct24-Mar26-1388,2025-11-04,Lloyds,41283719,,Northbridge Trading Ltd Current,BGC,BGC ISLEY & CO INV81932,,3514.52,-0.0,3514.52,721529.49,Isley & Co,ISLEY AND CO,,,False,Lloyds_41283719_Oct24-Mar26.csv,1388
LLOYDS-Lloyds_41283719_Oct24-Mar26-1389,2025-11-04,Lloyds,41283719,,Northbridge Trading Ltd Current,FPO,FPO BRAMBLE ACCOUNTANTS REF 1301,1301,0.0,2353.15,-2353.15,719176.34,Bramble Accountants,BRAMBLE ACCOUNTANTS,,,False,Lloyds_41283719_Oct24-Mar26.csv,1389
LLOYDS-Lloyds_41283719_Oct24-Mar26-1390,2025-11-05,Lloyds,41283719,,Northbridge Trading Ltd Current,BGC,BGC FAIRBANK WHOLESALE INV17878,,2283.66,-0.0,2283.66,721460.0,Fairbank Wholesale,FAIRBANK WHOLESALE,,,False,Lloyds_41283719_Oct24-Mar26.csv,1390
LLOYDS-Lloyds_41283719_Oct24-Mar26-1391,2025-11-05,Lloyds,41283719,,Northbridge Trading Ltd Current,BGC,BGC TAMAR TRADERS INV45557,,872.68,-0.0,872.68,722332.68,Tamar Traders,TAMAR TRADERS,,,False,Lloyds_41283719_Oct24-Mar26.csv,1391
LLOYDS-Lloyds_41283719_Oct24-Mar26-1392,2025-11-05,Lloyds,41283719,,Northbridge Trading Ltd Current,FPO,FPO ASHFORD STEEL SUPPLIES REF 7367,7367,0.0,4013.18,-4013.18,718319.5,Ashford Steel Supplies,ASHFORD STEEL SUPPLIES,,,False,Lloyds_41283719_Oct24-Mar26.csv,1392
LLOYDS-Lloyds_41283719_Oct24-Mar26-1393,2025-11-06,Lloyds,41283719,,Northbridge Trading Ltd Current,BGC,BGC DENBY GARDEN CENTRES INV12500,,2325.54,-0.0,2325.54,720645.04,Denby Garden Centres,DENBY GARDEN CENTRES,,,False,Lloyds_41283719_Oct24-Mar26.csv,1393
LLOYDS-Lloyds_41283719_Oct24-Mar26-1394,2025-11-06,Lloyds,41283719,,Northbridge Trading Ltd Current,BGC,BGC MARSDEN DIY INV40299,,6507.06,-0.0,6507.06,727152.1,Marsden Diy,MARSDEN DIY,,,False,Lloyds_41283719_Oct24-Mar26.csv,1394
LLOYDS-Lloyds_41283719_Oct24-Mar26-1395,2025-11-06,Lloyds,41283719,,Northbridge Trading Ltd Current,FPO,FPO BRIGHTPATH PRINT LTD REF 6168,6168,0.0,2985.27,-2985.27,724166.83,Brightpath Print Ltd,BRIGHTPATH PRINT LTD,,,False,Lloyds_41283719_Oct24-Mar26.csv,1395
LLOYDS-Lloyds_41283719_Oct24-Mar26-1396,2025-11-06,Lloyds,41283719,,Northbridge Trading Ltd Current,FPO,FPO FENWICK COMPONENTS LTD REF 9202,9202,0.0,5805.73,-5805.73,718361.1,Fenwick Components Ltd,FENWICK COMPONENTS LTD,,,False,Lloyds_41283719_Oct24-Mar26.csv,1396
LLOYDS-Lloyds_41283719_Oct24-Mar26-1397,2025-11-06,Lloyds,41283719,,Northbridge Trading Ltd Current,FPO,FPO WEXFORD CATERING LTD REF 9709,9709,0.0,664.92,-664.92,717696.18,Wexford Catering Ltd,WEXFORD CATERING LTD,,,False,Lloyds_41283719_Oct24-Mar26.csv,1397
LLOYDS-Lloyds_41283719_Oct24-Mar26-1398,2025-11-07,Lloyds,41283719,,Northbridge Trading Ltd Current,BGC,BGC HEXHAM SUPPLIES LTD INV79391,,2390.92,-0.0,2390.92,720087.1,Hexham Supplies Ltd,HEXHAM SUPPLIES LTD,,,False,Lloyds_41283719_Oct24-Mar26.csv,1398
LLOYDS-Lloyds_41283719_Oct24-Mar26-1399,2025-11-07,Lloyds,41283719,,Northbridge Trading Ltd Current,FPO,FPO BRAMBLE ACCOUNTANTS REF 6765,6765,0.0,2228.96,-2228.96,717858.14,Bramble Accountants,BRAMBLE ACCOUNTANTS,,,False,Lloyds_41283719_Oct24-Mar26.csv,1399
LLOYDS-Lloyds_41283719_Oct24-Mar26-1400,2025-11-07,Lloyds,41283719,,Northbridge Trading Ltd Current,FPO,FPO THAMES WATER REF 3572,3572,0.0,257.48,-257.48,717600.66,Thames Water,THAMES WATER,,,False,Lloyds_41283719_Oct24-Mar26.csv,1400
LLOYDS-Lloyds_41283719_Oct24-Mar26-1401,2025-11-10,Lloyds,41283719,,Northbridge Trading Ltd Current,BGC,BGC ISLEY & CO INV60747,,5861.27,-0.0,5861.27,723461.93,Isley & Co,ISLEY AND CO,,,False,Lloyds_41283719_Oct24-Mar26.csv,1401
LLOYDS-Lloyds_41283719_Oct24-Mar26-1402,2025-11-10,Lloyds,41283719,,Northbridge Trading Ltd Current,FPO,FPO SABLE MARKETING LTD REF 5590,5590,0.0,1469.66,-1469.66,721992.27,Sable Marketing Ltd,SABLE MARKETING LTD,,,False,Lloyds_41283719_Oct24-Mar26.csv,1402
NATWEST-NatWest_77120931_statement-214,2025-11-10,NatWest,77120931,,Northbridge Trading Ltd,FPO,FPO J SMITH DIRECTOR LOAN,,0.0,30000.0,-30000.0,104475.32,J Smith,J SMITH,,,False,NatWest_77120931_statement.xlsx,214
BARCLAYS-Barclays_90311276_export-96,2025-11-11,Barclays,90311276,20-45-18,Northbridge Trading Ltd,,CARD PAYMENT SCREWFIX,,0.0,287.27,-287.27,42483.27,Screwfix,SCREWFIX,,,False,Barclays_90311276_export.csv,96
LLOYDS-Lloyds_41283719_Oct24-Mar26-1403,2025-11-11,Lloyds,41283719,,Northbridge Trading Ltd Current,BGC,BGC CASTLEFORD STORES INV60096,,3634.69,-0.0,3634.69,725626.96,Castleford Stores,CASTLEFORD STORES,,,False,Lloyds_41283719_Oct24-Mar26.csv,1403
LLOYDS-Lloyds_41283719_Oct24-Mar26-1404,2025-11-11,Lloyds,41283719,,Northbridge Trading Ltd Current,BGC,BGC TAMAR TRADERS INV91988,,4621.89,-0.0,4621.89,730248.85,Tamar Traders,TAMAR TRADERS,,,False,Lloyds_41283719_Oct24-Mar26.csv,1404
LLOYDS-Lloyds_41283719_Oct24-Mar26-1405,2025-11-11,Lloyds,41283719,,Northbridge Trading Ltd Current,FPO,FPO HALCYON IT SERVICES REF 3502,3502,0.0,2644.82,-2644.82,727604.03,Halcyon It Services,HALCYON IT SERVICES,,,False,Lloyds_41283719_Oct24-Mar26.csv,1405
LLOYDS-Lloyds_41283719_Oct24-Mar26-1406,2025-11-11,Lloyds,41283719,,Northbridge Trading Ltd Current,FPO,FPO STONEBRIDGE INSURANCE BROKERS REF 6395,6395,0.0,2777.64,-2777.64,724826.39,Stonebridge Insurance Brokers,STONEBRIDGE INSURANCE BROKERS,,,False,Lloyds_41283719_Oct24-Mar26.csv,1406
LLOYDS-Lloyds_41283719_Oct24-Mar26-1407,2025-11-12,Lloyds,41283719,,Northbridge Trading Ltd Current,BGC,BGC EVERLY INTERIORS LTD INV50501,,4613.62,-0.0,4613.62,729440.01,Everly Interiors Ltd,EVERLY INTERIORS LTD,,,False,Lloyds_41283719_Oct24-Mar26.csv,1407
LLOYDS-Lloyds_41283719_Oct24-Mar26-1408,2025-11-12,Lloyds,41283719,,Northbridge Trading Ltd Current,BGC,BGC QUAYSIDE RETAIL INV27727,,3081.42,-0.0,3081.42,732521.43,Quayside Retail,QUAYSIDE RETAIL,,,False,Lloyds_41283719_Oct24-Mar26.csv,1408
LLOYDS-Lloyds_41283719_Oct24-Mar26-1409,2025-11-12,Lloyds,41283719,,Northbridge Trading Ltd Current,DD,DD BRITISH GAS BUSINESS,,0.0,726.13,-726.13,731795.3,British Gas Business,BRITISH GAS BUSINESS,,,False,Lloyds_41283719_Oct24-Mar26.csv,1409
LLOYDS-Lloyds_41283719_Oct24-Mar26-1410,2025-11-12,Lloyds,41283719,,Northbridge Trading Ltd Current,DD,DD BT BUSINESS,,0.0,367.71,-367.71,731427.59,Bt Business,BT BUSINESS,,,False,Lloyds_41283719_Oct24-Mar26.csv,1410
LLOYDS-Lloyds_41283719_Oct24-Mar26-1411,2025-11-12,Lloyds,41283719,,Northbridge Trading Ltd Current,DD,DD LUMEN ENERGY LTD,,0.0,1247.56,-1247.56,730180.03,Lumen Energy Ltd,LUMEN ENERGY LTD,,,False,Lloyds_41283719_Oct24-Mar26.csv,1411
LLOYDS-Lloyds_41283719_Oct24-Mar26-1412,2025-11-12,Lloyds,41283719,,Northbridge Trading Ltd Current,DD,DD THAMES WATER,,0.0,190.39,-190.39,729989.64,Thames Water,THAMES WATER,,,False,Lloyds_41283719_Oct24-Mar26.csv,1412
LLOYDS-Lloyds_41283719_Oct24-Mar26-1413,2025-11-12,Lloyds,41283719,,Northbridge Trading Ltd Current,FPO,FPO ELLERY LEGAL LLP REF 3589,3589,0.0,2007.35,-2007.35,727982.29,Ellery Legal Llp,ELLERY LEGAL LLP,,,False,Lloyds_41283719_Oct24-Mar26.csv,1413
LLOYDS-Lloyds_41283719_Oct24-Mar26-1414,2025-11-13,Lloyds,41283719,,Northbridge Trading Ltd Current,BGC,BGC ISLEY & CO INV29917,,5127.96,-0.0,5127.96,733110.25,Isley & Co,ISLEY AND CO,,,False,Lloyds_41283719_Oct24-Mar26.csv,1414
LLOYDS-Lloyds_41283719_Oct24-Mar26-1415,2025-11-13,Lloyds,41283719,,Northbridge Trading Ltd Current,BGC,BGC NEWHAM HARDWARE INV63903,,2320.03,-0.0,2320.03,735430.28,Newham Hardware,NEWHAM HARDWARE,,,False,Lloyds_41283719_Oct24-Mar26.csv,1415
LLOYDS-Lloyds_41283719_Oct24-Mar26-1416,2025-11-13,Lloyds,41283719,,Northbridge Trading Ltd Current,FPO,FPO OAKLINE OFFICE LTD REF 4026,4026,0.0,303.26,-303.26,735127.02,Oakline Office Ltd,OAKLINE OFFICE LTD,,,False,Lloyds_41283719_Oct24-Mar26.csv,1416
LLOYDS-Lloyds_41283719_Oct24-Mar26-1417,2025-11-14,Lloyds,41283719,,Northbridge Trading Ltd Current,BGC,BGC HEXHAM SUPPLIES LTD INV40266,,4566.37,-0.0,4566.37,739693.39,Hexham Supplies Ltd,HEXHAM SUPPLIES LTD,,,False,Lloyds_41283719_Oct24-Mar26.csv,1417
LLOYDS-Lloyds_41283719_Oct24-Mar26-1418,2025-11-14,Lloyds,41283719,,Northbridge Trading Ltd Current,BGC,BGC LARKHILL LTD INV20417,,4570.85,-0.0,4570.85,744264.24,Larkhill Ltd,LARKHILL LTD,,,False,Lloyds_41283719_Oct24-Mar26.csv,1418
LLOYDS-Lloyds_41283719_Oct24-Mar26-1419,2025-11-14,Lloyds,41283719,,Northbridge Trading Ltd Current,BGC,BGC SELBY HOME STORES INV90263,,1884.17,-0.0,1884.17,746148.41,Selby Home Stores,SELBY HOME STORES,,,False,Lloyds_41283719_Oct24-Mar26.csv,1419
LLOYDS-Lloyds_41283719_Oct24-Mar26-1420,2025-11-14,Lloyds,41283719,,Northbridge Trading Ltd Current,FPO,FPO OAKLINE OFFICE LTD REF 9230,9230,0.0,5099.91,-5099.91,741048.5,Oakline Office Ltd,OAKLINE OFFICE LTD,,,False,Lloyds_41283719_Oct24-Mar26.csv,1420
LLOYDS-Lloyds_41283719_Oct24-Mar26-1421,2025-11-14,Lloyds,41283719,,Northbridge Trading Ltd Current,FPO,FPO VODAFONE BUSINESS REF 7126,7126,0.0,1226.26,-1226.26,739822.24,Vodafone Business,VODAFONE BUSINESS,,,False,Lloyds_41283719_Oct24-Mar26.csv,1421
BARCLAYS-Barclays_90311276_export-97,2025-11-17,Barclays,90311276,20-45-18,Northbridge Trading Ltd,,TFR FROM 30-96-26 41283719,,4000.0,0.0,4000.0,46483.27,Northbridge Trading Ltd,NORTHBRIDGE TRADING LTD,30-96-26,41283719,True,Barclays_90311276_export.csv,97
LLOYDS-Lloyds_41283719_Oct24-Mar26-1422,2025-11-17,Lloyds,41283719,,Northbridge Trading Ltd Current,BGC,BGC ALDERTON RETAIL LTD INV45370,,6029.58,-0.0,6029.58,745851.82,Alderton Retail Ltd,ALDERTON RETAIL LTD,,,False,Lloyds_41283719_Oct24-Mar26.csv,1422
LLOYDS-Lloyds_41283719_Oct24-Mar26-1423,2025-11-17,Lloyds,41283719,,Northbridge Trading Ltd Current,BGC,BGC GLENMORE TRADING INV18668,,1547.03,-0.0,1547.03,747398.85,Glenmore Trading,GLENMORE TRADING,,,False,Lloyds_41283719_Oct24-Mar26.csv,1423
LLOYDS-Lloyds_41283719_Oct24-Mar26-1424,2025-11-17,Lloyds,41283719,,Northbridge Trading Ltd Current,BGC,BGC HEXHAM SUPPLIES LTD INV97993,,6250.17,-0.0,6250.17,753649.02,Hexham Supplies Ltd,HEXHAM SUPPLIES LTD,,,False,Lloyds_41283719_Oct24-Mar26.csv,1424
LLOYDS-Lloyds_41283719_Oct24-Mar26-1425,2025-11-17,Lloyds,41283719,,Northbridge Trading Ltd Current,FPO,FPO BT BUSINESS REF 5043,5043,0.0,2651.2,-2651.2,750997.82,Bt Business,BT BUSINESS,,,False,Lloyds_41283719_Oct24-Mar26.csv,1425
LLOYDS-Lloyds_41283719_Oct24-Mar26-1426,2025-11-17,Lloyds,41283719,,Northbridge Trading Ltd Current,FPO,FPO WEXFORD CATERING LTD REF 9027,9027,0.0,4174.0,-4174.0,746823.82,Wexford Catering Ltd,WEXFORD CATERING LTD,,,False,Lloyds_41283719_Oct24-Mar26.csv,1426
LLOYDS-Lloyds_41283719_Oct24-Mar26-1427,2025-11-17,Lloyds,41283719,,Northbridge Trading Ltd Current,TFR,TFR TO 20-45-18 90311276,,0.0,4000.0,-4000.0,742823.82,Northbridge Trading Ltd,NORTHBRIDGE TRADING LTD,20-45-18,90311276,True,Lloyds_41283719_Oct24-Mar26.csv,1427
LLOYDS-Lloyds_41283719_Oct24-Mar26-1428,2025-11-18,Lloyds,41283719,,Northbridge Trading Ltd Current,BGC,BGC BEXLEY HOMEWARE PLC INV78242,,1148.97,-0.0,1148.97,743972.79,Bexley Homeware Plc,BEXLEY HOMEWARE PLC,,,False,Lloyds_41283719_Oct24-Mar26.csv,1428
LLOYDS-Lloyds_41283719_Oct24-Mar26-1429,2025-11-18,Lloyds,41283719,,Northbridge Trading Ltd Current,BGC,BGC KINGSMEAD DISTRIBUTION INV61662,,4047.61,-0.0,4047.61,748020.4,Kingsmead Distribution,KINGSMEAD DISTRIBUTION,,,False,Lloyds_41283719_Oct24-Mar26.csv,1429
LLOYDS-Lloyds_41283719_Oct24-Mar26-1430,2025-11-18,Lloyds,41283719,,Northbridge Trading Ltd Current,BGC,BGC SELBY HOME STORES INV87831,,3612.71,-0.0,3612.71,751633.11,Selby Home Stores,SELBY HOME STORES,,,False,Lloyds_41283719_Oct24-Mar26.csv,1430
LLOYDS-Lloyds_41283719_Oct24-Mar26-1431,2025-11-18,Lloyds,41283719,,Northbridge Trading Ltd Current,FPO,FPO COASTLINE LOGISTICS LTD REF 5025,5025,0.0,3184.41,-3184.41,748448.7,Coastline Logistics Ltd,COASTLINE LOGISTICS LTD,,,False,Lloyds_41283719_Oct24-Mar26.csv,1431
LLOYDS-Lloyds_41283719_Oct24-Mar26-1432,2025-11-18,Lloyds,41283719,,Northbridge Trading Ltd Current,FPO,FPO THAMES WATER REF 1643,1643,0.0,3412.55,-3412.55,745036.15,Thames Water,THAMES WATER,,,False,Lloyds_41283719_Oct24-Mar26.csv,1432
LLOYDS-Lloyds_41283719_Oct24-Mar26-1433,2025-11-19,Lloyds,41283719,,Northbridge Trading Ltd Current,BGC,BGC GLENMORE TRADING INV48165,,3041.34,-0.0,3041.34,748077.49,Glenmore Trading,GLENMORE TRADING,,,False,Lloyds_41283719_Oct24-Mar26.csv,1433
LLOYDS-Lloyds_41283719_Oct24-Mar26-1434,2025-11-19,Lloyds,41283719,,Northbridge Trading Ltd Current,FPO,FPO STONEBRIDGE INSURANCE BROKERS REF 1893,1893,0.0,4186.22,-4186.22,743891.27,Stonebridge Insurance Brokers,STONEBRIDGE INSURANCE BROKERS,,,False,Lloyds_41283719_Oct24-Mar26.csv,1434
LLOYDS-Lloyds_41283719_Oct24-Mar26-1435,2025-11-19,Lloyds,41283719,,Northbridge Trading Ltd Current,FPO,FPO STONEBRIDGE INSURANCE BROKERS REF 8558,8558,0.0,1123.95,-1123.95,742767.32,Stonebridge Insurance Brokers,STONEBRIDGE INSURANCE BROKERS,,,False,Lloyds_41283719_Oct24-Mar26.csv,1435
LLOYDS-Lloyds_41283719_Oct24-Mar26-1436,2025-11-20,Lloyds,41283719,,Northbridge Trading Ltd Current,BGC,BGC DENBY GARDEN CENTRES INV33562,,4967.68,-0.0,4967.68,747735.0,Denby Garden Centres,DENBY GARDEN CENTRES,,,False,Lloyds_41283719_Oct24-Mar26.csv,1436
LLOYDS-Lloyds_41283719_Oct24-Mar26-1437,2025-11-20,Lloyds,41283719,,Northbridge Trading Ltd Current,BGC,BGC KINGSMEAD DISTRIBUTION INV69098,,655.83,-0.0,655.83,748390.83,Kingsmead Distribution,KINGSMEAD DISTRIBUTION,,,False,Lloyds_41283719_Oct24-Mar26.csv,1437
LLOYDS-Lloyds_41283719_Oct24-Mar26-1438,2025-11-20,Lloyds,41283719,,Northbridge Trading Ltd Current,BGC,BGC ORWELL FURNISHINGS LTD INV21854,,4646.87,-0.0,4646.87,753037.7,Orwell Furnishings Ltd,ORWELL FURNISHINGS LTD,,,False,Lloyds_41283719_Oct24-Mar26.csv,1438
LLOYDS-Lloyds_41283719_Oct24-Mar26-1439,2025-11-20,Lloyds,41283719,,Northbridge Trading Ltd Current,BGC,BGC RAVENSCOURT LTD INV27734,,2761.67,-0.0,2761.67,755799.37,Ravenscourt Ltd,RAVENSCOURT LTD,,,False,Lloyds_41283719_Oct24-Mar26.csv,1439
LLOYDS-Lloyds_41283719_Oct24-Mar26-1440,2025-11-20,Lloyds,41283719,,Northbridge Trading Ltd Current,FPO,FPO ASHFORD STEEL SUPPLIES REF 5097,5097,0.0,2045.84,-2045.84,753753.53,Ashford Steel Supplies,ASHFORD STEEL SUPPLIES,,,False,Lloyds_41283719_Oct24-Mar26.csv,1440
LLOYDS-Lloyds_41283719_Oct24-Mar26-1441,2025-11-20,Lloyds,41283719,,Northbridge Trading Ltd Current,FPO,FPO CARROW SECURITY LTD REF 4308,4308,0.0,5312.91,-5312.91,748440.62,Carrow Security Ltd,CARROW SECURITY LTD,,,False,Lloyds_41283719_Oct24-Mar26.csv,1441
LLOYDS-Lloyds_41283719_Oct24-Mar26-1442,2025-11-20,Lloyds,41283719,,Northbridge Trading Ltd Current,TFR,TFR TO 60-12-44 77120931,,0.0,56000.0,-56000.0,692440.62,Northbridge Trading Ltd,NORTHBRIDGE TRADING LTD,60-12-44,77120931,True,Lloyds_41283719_Oct24-Mar26.csv,1442
NATWEST-NatWest_77120931_statement-215,2025-11-20,NatWest,77120931,,Northbridge Trading Ltd,TFR,TFR FROM 30-96-26 41283719,,56000.0,0.0,56000.0,160475.32,Northbridge Trading Ltd,NORTHBRIDGE TRADING LTD,30-96-26,41283719,True,NatWest_77120931_statement.xlsx,215
LLOYDS-Lloyds_41283719_Oct24-Mar26-1443,2025-11-21,Lloyds,41283719,,Northbridge Trading Ltd Current,BGC,BGC DENBY GARDEN CENTRES INV21952,,1161.06,-0.0,1161.06,693601.68,Denby Garden Centres,DENBY GARDEN CENTRES,,,False,Lloyds_41283719_Oct24-Mar26.csv,1443
LLOYDS-Lloyds_41283719_Oct24-Mar26-1444,2025-11-21,Lloyds,41283719,,Northbridge Trading Ltd Current,BGC,BGC ORWELL FURNISHINGS LTD INV93109,,2577.6,-0.0,2577.6,696179.28,Orwell Furnishings Ltd,ORWELL FURNISHINGS LTD,,,False,Lloyds_41283719_Oct24-Mar26.csv,1444
LLOYDS-Lloyds_41283719_Oct24-Mar26-1445,2025-11-21,Lloyds,41283719,,Northbridge Trading Ltd Current,FPO,FPO COASTLINE LOGISTICS LTD REF 3799,3799,0.0,5486.68,-5486.68,690692.6,Coastline Logistics Ltd,COASTLINE LOGISTICS LTD,,,False,Lloyds_41283719_Oct24-Mar26.csv,1445
LLOYDS-Lloyds_41283719_Oct24-Mar26-1446,2025-11-21,Lloyds,41283719,,Northbridge Trading Ltd Current,FPO,FPO PENNANT FREIGHT LTD REF 7204,7204,0.0,3369.52,-3369.52,687323.08,Pennant Freight Ltd,PENNANT FREIGHT LTD,,,False,Lloyds_41283719_Oct24-Mar26.csv,1446
LLOYDS-Lloyds_41283719_Oct24-Mar26-1447,2025-11-21,Lloyds,41283719,,Northbridge Trading Ltd Current,FPO,FPO THAMES WATER REF 9383,9383,0.0,3730.62,-3730.62,683592.46,Thames Water,THAMES WATER,,,False,Lloyds_41283719_Oct24-Mar26.csv,1447
BARCLAYS-Barclays_90311276_export-98,2025-11-24,Barclays,90311276,20-45-18,Northbridge Trading Ltd,,CASH WDL 24NOV,,0.0,250.0,-250.0,46233.27,CASH,CASH,,,False,Barclays_90311276_export.csv,98
LLOYDS-Lloyds_41283719_Oct24-Mar26-1448,2025-11-24,Lloyds,41283719,,Northbridge Trading Ltd Current,BGC,BGC ALDERTON RETAIL LTD INV91600,,4802.46,-0.0,4802.46,688394.92,Alderton Retail Ltd,ALDERTON RETAIL LTD,,,False,Lloyds_41283719_Oct24-Mar26.csv,1448
LLOYDS-Lloyds_41283719_Oct24-Mar26-1449,2025-11-24,Lloyds,41283719,,Northbridge Trading Ltd Current,BGC,BGC BEXLEY HOMEWARE PLC INV64995,,2234.08,-0.0,2234.08,690629.0,Bexley Homeware Plc,BEXLEY HOMEWARE PLC,,,False,Lloyds_41283719_Oct24-Mar26.csv,1449
LLOYDS-Lloyds_41283719_Oct24-Mar26-1450,2025-11-24,Lloyds,41283719,,Northbridge Trading Ltd Current,BGC,BGC DENBY GARDEN CENTRES INV27245,,5897.8,-0.0,5897.8,696526.8,Denby Garden Centres,DENBY GARDEN CENTRES,,,False,Lloyds_41283719_Oct24-Mar26.csv,1450
LLOYDS-Lloyds_41283719_Oct24-Mar26-1451,2025-11-24,Lloyds,41283719,,Northbridge Trading Ltd Current,BGC,BGC ORWELL FURNISHINGS LTD INV47851,,4022.16,-0.0,4022.16,700548.96,Orwell Furnishings Ltd,ORWELL FURNISHINGS LTD,,,False,Lloyds_41283719_Oct24-Mar26.csv,1451
LLOYDS-Lloyds_41283719_Oct24-Mar26-1452,2025-11-24,Lloyds,41283719,,Northbridge Trading Ltd Current,FPO,FPO BT BUSINESS REF 9153,9153,0.0,5154.15,-5154.15,695394.81,Bt Business,BT BUSINESS,,,False,Lloyds_41283719_Oct24-Mar26.csv,1452
NATWEST-NatWest_77120931_statement-216,2025-11-24,NatWest,77120931,,Northbridge Trading Ltd,FPO,FPO HMRC PAYE 1125,,0.0,9675.4,-9675.4,150799.92,HMRC,HMRC,,,False,NatWest_77120931_statement.xlsx,216
BARCLAYS-Barclays_90311276_export-99,2025-11-25,Barclays,90311276,20-45-18,Northbridge Trading Ltd,,CARD PAYMENT DHL EXPRESS,,0.0,36.89,-36.89,46196.38,Dhl Express,DHL EXPRESS,,,False,Barclays_90311276_export.csv,99
LLOYDS-Lloyds_41283719_Oct24-Mar26-1453,2025-11-25,Lloyds,41283719,,Northbridge Trading Ltd Current,BGC,BGC GLENMORE TRADING INV87183,,4188.11,-0.0,4188.11,699582.92,Glenmore Trading,GLENMORE TRADING,,,False,Lloyds_41283719_Oct24-Mar26.csv,1453
LLOYDS-Lloyds_41283719_Oct24-Mar26-1454,2025-11-25,Lloyds,41283719,,Northbridge Trading Ltd Current,BGC,BGC ORWELL FURNISHINGS LTD INV63759,,2971.75,-0.0,2971.75,702554.67,Orwell Furnishings Ltd,ORWELL FURNISHINGS LTD,,,False,Lloyds_41283719_Oct24-Mar26.csv,1454
LLOYDS-Lloyds_41283719_Oct24-Mar26-1455,2025-11-25,Lloyds,41283719,,Northbridge Trading Ltd Current,FPO,FPO SABLE MARKETING LTD REF 4401,4401,0.0,436.17,-436.17,702118.5,Sable Marketing Ltd,SABLE MARKETING LTD,,,False,Lloyds_41283719_Oct24-Mar26.csv,1455
LLOYDS-Lloyds_41283719_Oct24-Mar26-1456,2025-11-25,Lloyds,41283719,,Northbridge Trading Ltd Current,FPO,FPO SABLE MARKETING LTD REF 5556,5556,0.0,3775.63,-3775.63,698342.87,Sable Marketing Ltd,SABLE MARKETING LTD,,,False,Lloyds_41283719_Oct24-Mar26.csv,1456
LLOYDS-Lloyds_41283719_Oct24-Mar26-1457,2025-11-25,Lloyds,41283719,,Northbridge Trading Ltd Current,FPO,FPO WEXFORD CATERING LTD REF 1107,1107,0.0,1581.57,-1581.57,696761.3,Wexford Catering Ltd,WEXFORD CATERING LTD,,,False,Lloyds_41283719_Oct24-Mar26.csv,1457
NATWEST-NatWest_77120931_statement-217,2025-11-25,NatWest,77120931,,Northbridge Trading Ltd,FPO,FPO A PATEL SALARY NOV25,,0.0,3351.51,-3351.51,147448.41,A Patel,A PATEL,,,False,NatWest_77120931_statement.xlsx,217
NATWEST-NatWest_77120931_statement-218,2025-11-25,NatWest,77120931,,Northbridge Trading Ltd,FPO,FPO C WALSH SALARY NOV25,,0.0,2203.02,-2203.02,145245.39,C Walsh,C WALSH,,,False,NatWest_77120931_statement.xlsx,218
NATWEST-NatWest_77120931_statement-219,2025-11-25,NatWest,77120931,,Northbridge Trading Ltd,FPO,FPO D O'BRIEN SALARY NOV25,,0.0,3042.55,-3042.55,142202.84,D O'Brien,D O'BRIEN,,,False,NatWest_77120931_statement.xlsx,219
NATWEST-NatWest_77120931_statement-220,2025-11-25,NatWest,77120931,,Northbridge Trading Ltd,FPO,FPO E MORGAN SALARY NOV25,,0.0,1983.35,-1983.35,140219.49,E Morgan,E MORGAN,,,False,NatWest_77120931_statement.xlsx,220
NATWEST-NatWest_77120931_statement-221,2025-11-25,NatWest,77120931,,Northbridge Trading Ltd,FPO,FPO H SCHMIDT SALARY NOV25,,0.0,2938.85,-2938.85,137280.64,H Schmidt,H SCHMIDT,,,False,NatWest_77120931_statement.xlsx,221
NATWEST-NatWest_77120931_statement-222,2025-11-25,NatWest,77120931,,Northbridge Trading Ltd,FPO,FPO J SMITH SALARY NOV25,,0.0,4200.0,-4200.0,133080.64,J Smith,J SMITH,,,False,NatWest_77120931_statement.xlsx,222
NATWEST-NatWest_77120931_statement-223,2025-11-25,NatWest,77120931,,Northbridge Trading Ltd,FPO,FPO J TAYLOR SALARY NOV25,,0.0,2911.45,-2911.45,130169.19,J Taylor,J TAYLOR,,,False,NatWest_77120931_statement.xlsx,223
NATWEST-NatWest_77120931_statement-224,2025-11-25,NatWest,77120931,,Northbridge Trading Ltd,FPO,FPO L KOWALSKI SALARY NOV25,,0.0,3324.62,-3324.62,126844.57,L Kowalski,L KOWALSKI,,,False,NatWest_77120931_statement.xlsx,224
NATWEST-NatWest_77120931_statement-225,2025-11-25,NatWest,77120931,,Northbridge Trading Ltd,FPO,FPO M HUGHES SALARY NOV25,,0.0,2407.35,-2407.35,124437.22,M Hughes,M HUGHES,,,False,NatWest_77120931_statement.xlsx,225
NATWEST-NatWest_77120931_statement-226,2025-11-25,NatWest,77120931,,Northbridge Trading Ltd,FPO,FPO P SINGH SALARY NOV25,,0.0,3075.57,-3075.57,121361.65,P Singh,P SINGH,,,False,NatWest_77120931_statement.xlsx,226
NATWEST-NatWest_77120931_statement-227,2025-11-25,NatWest,77120931,,Northbridge Trading Ltd,FPO,FPO R DAVIES SALARY NOV25,,0.0,3464.65,-3464.65,117897.0,R Davies,R DAVIES,,,False,NatWest_77120931_statement.xlsx,227
NATWEST-NatWest_77120931_statement-228,2025-11-25,NatWest,77120931,,Northbridge Trading Ltd,FPO,FPO S OKAFOR SALARY NOV25,,0.0,3033.89,-3033.89,114863.11,S Okafor,S OKAFOR,,,False,NatWest_77120931_statement.xlsx,228
NATWEST-NatWest_77120931_statement-229,2025-11-25,NatWest,77120931,,Northbridge Trading Ltd,FPO,FPO T NGUYEN SALARY NOV25,,0.0,2608.83,-2608.83,112254.28,T Nguyen,T NGUYEN,,,False,NatWest_77120931_statement.xlsx,229
BARCLAYS-Barclays_90311276_export-100,2025-11-26,Barclays,90311276,20-45-18,Northbridge Trading Ltd,,CARD PAYMENT ROYAL MAIL,,0.0,171.44,-171.44,46024.94,Royal Mail,ROYAL MAIL,,,False,Barclays_90311276_export.csv,100
LLOYDS-Lloyds_41283719_Oct24-Mar26-1458,2025-11-26,Lloyds,41283719,,Northbridge Trading Ltd Current,BGC,BGC BEXLEY HOMEWARE PLC INV22206,,4775.33,-0.0,4775.33,701536.63,Bexley Homeware Plc,BEXLEY HOMEWARE PLC,,,False,Lloyds_41283719_Oct24-Mar26.csv,1458
LLOYDS-Lloyds_41283719_Oct24-Mar26-1459,2025-11-26,Lloyds,41283719,,Northbridge Trading Ltd Current,BGC,BGC ORWELL FURNISHINGS LTD INV85886,,2503.42,-0.0,2503.42,704040.05,Orwell Furnishings Ltd,ORWELL FURNISHINGS LTD,,,False,Lloyds_41283719_Oct24-Mar26.csv,1459
LLOYDS-Lloyds_41283719_Oct24-Mar26-1460,2025-11-26,Lloyds,41283719,,Northbridge Trading Ltd Current,FPO,FPO BRITISH GAS BUSINESS REF 2063,2063,0.0,1863.07,-1863.07,702176.98,British Gas Business,BRITISH GAS BUSINESS,,,False,Lloyds_41283719_Oct24-Mar26.csv,1460
LLOYDS-Lloyds_41283719_Oct24-Mar26-1461,2025-11-26,Lloyds,41283719,,Northbridge Trading Ltd Current,FPO,FPO LUMEN ENERGY LTD REF 7208,7208,0.0,4948.55,-4948.55,697228.43,Lumen Energy Ltd,LUMEN ENERGY LTD,,,False,Lloyds_41283719_Oct24-Mar26.csv,1461
LLOYDS-Lloyds_41283719_Oct24-Mar26-1462,2025-11-27,Lloyds,41283719,,Northbridge Trading Ltd Current,BGC,BGC GLENMORE TRADING INV90223,,819.23,-0.0,819.23,698047.66,Glenmore Trading,GLENMORE TRADING,,,False,Lloyds_41283719_Oct24-Mar26.csv,1462
LLOYDS-Lloyds_41283719_Oct24-Mar26-1463,2025-11-27,Lloyds,41283719,,Northbridge Trading Ltd Current,BGC,BGC SELBY HOME STORES INV92441,,3426.31,-0.0,3426.31,701473.97,Selby Home Stores,SELBY HOME STORES,,,False,Lloyds_41283719_Oct24-Mar26.csv,1463
LLOYDS-Lloyds_41283719_Oct24-Mar26-1464,2025-11-27,Lloyds,41283719,,Northbridge Trading Ltd Current,FPO,FPO VODAFONE BUSINESS REF 5705,5705,0.0,2648.26,-2648.26,698825.71,Vodafone Business,VODAFONE BUSINESS,,,False,Lloyds_41283719_Oct24-Mar26.csv,1464
BARCLAYS-Barclays_90311276_export-101,2025-11-28,Barclays,90311276,20-45-18,Northbridge Trading Ltd,,CARD PAYMENT SAGE SOFTWARE,,0.0,210.46,-210.46,45814.48,Sage Software,SAGE SOFTWARE,,,False,Barclays_90311276_export.csv,101
LLOYDS-Lloyds_41283719_Oct24-Mar26-1465,2025-11-28,Lloyds,41283719,,Northbridge Trading Ltd Current,BGC,BGC PEMBROKE LIVING INV74553,,4948.25,-0.0,4948.25,703773.96,Pembroke Living,PEMBROKE LIVING,,,False,Lloyds_41283719_Oct24-Mar26.csv,1465
LLOYDS-Lloyds_41283719_Oct24-Mar26-1466,2025-11-28,Lloyds,41283719,,Northbridge Trading Ltd Current,BGC,BGC TAMAR TRADERS INV56380,,5604.87,-0.0,5604.87,709378.83,Tamar Traders,TAMAR TRADERS,,,False,Lloyds_41283719_Oct24-Mar26.csv,1466
LLOYDS-Lloyds_41283719_Oct24-Mar26-1467,2025-11-28,Lloyds,41283719,,Northbridge Trading Ltd Current,BGC,BGC TAMAR TRADERS INV83745,,3230.81,-0.0,3230.81,712609.64,Tamar Traders,TAMAR TRADERS,,,False,Lloyds_41283719_Oct24-Mar26.csv,1467
LLOYDS-Lloyds_41283719_Oct24-Mar26-1468,2025-11-28,Lloyds,41283719,,Northbridge Trading Ltd Current,DEB,ACCOUNT FEE,,0.0,43.34,-43.34,712566.3,Lloyds,LLOYDS,,,False,Lloyds_41283719_Oct24-Mar26.csv,1468
LLOYDS-Lloyds_41283719_Oct24-Mar26-1469,2025-11-28,Lloyds,41283719,,Northbridge Trading Ltd Current,FPO,FPO ELLERY LEGAL LLP REF 2932,2932,0.0,4464.19,-4464.19,708102.11,Ellery Legal Llp,ELLERY LEGAL LLP,,,False,Lloyds_41283719_Oct24-Mar26.csv,1469
LLOYDS-Lloyds_41283719_Oct24-Mar26-1470,2025-11-28,Lloyds,41283719,,Northbridge Trading Ltd Current,FPO,FPO HALCYON IT SERVICES REF 5759,5759,0.0,5878.66,-5878.66,702223.45,Halcyon It Services,HALCYON IT SERVICES,,,False,Lloyds_41283719_Oct24-Mar26.csv,1470
LLOYDS-Lloyds_41283719_Oct24-Mar26-1471,2025-11-28,Lloyds,41283719,,Northbridge Trading Ltd Current,FPO,FPO MERIDIAN PACKAGING LTD REF 2936,2936,0.0,290.32,-290.32,701933.13,Meridian Packaging Ltd,MERIDIAN PACKAGING LTD,,,False,Lloyds_41283719_Oct24-Mar26.csv,1471
NATWEST-NatWest_77120931_statement-230,2025-11-28,NatWest,77120931,,Northbridge Trading Ltd,DEB,ACCOUNT CHARGES,,0.0,31.21,-31.21,112223.07,NatWest,NATWEST,,,False,NatWest_77120931_statement.xlsx,230
BARCLAYS-Barclays_90311276_export-102,2025-11-29,Barclays,90311276,20-45-18,Northbridge Trading Ltd,,CASH WDL 29NOV,,0.0,150.0,-150.0,45664.48,CASH,CASH,,,False,Barclays_90311276_export.csv,102
LLOYDS-Lloyds_41283719_Oct24-Mar26-1472,2025-12-01,Lloyds,41283719,,Northbridge Trading Ltd Current,BGC,BGC CASTLEFORD STORES INV50340,,2119.41,-0.0,2119.41,704052.54,Castleford Stores,CASTLEFORD STORES,,,False,Lloyds_41283719_Oct24-Mar26.csv,1472
LLOYDS-Lloyds_41283719_Oct24-Mar26-1473,2025-12-01,Lloyds,41283719,,Northbridge Trading Ltd Current,BGC,BGC RAVENSCOURT LTD INV52457,,4655.72,-0.0,4655.72,708708.26,Ravenscourt Ltd,RAVENSCOURT LTD,,,False,Lloyds_41283719_Oct24-Mar26.csv,1473
LLOYDS-Lloyds_41283719_Oct24-Mar26-1474,2025-12-01,Lloyds,41283719,,Northbridge Trading Ltd Current,DD,DD HARTWELL FINANCE PLC,,0.0,3180.4,-3180.4,705527.86,Hartwell Finance plc,HARTWELL FINANCE PLC,,,False,Lloyds_41283719_Oct24-Mar26.csv,1474
LLOYDS-Lloyds_41283719_Oct24-Mar26-1475,2025-12-01,Lloyds,41283719,,Northbridge Trading Ltd Current,FPO,FPO BRAMBLE ACCOUNTANTS REF 6460,6460,0.0,2146.97,-2146.97,703380.89,Bramble Accountants,BRAMBLE ACCOUNTANTS,,,False,Lloyds_41283719_Oct24-Mar26.csv,1475
LLOYDS-Lloyds_41283719_Oct24-Mar26-1476,2025-12-01,Lloyds,41283719,,Northbridge Trading Ltd Current,SO,SO ASHCOMBE ESTATES RENT,,0.0,6250.0,-6250.0,697130.89,Ashcombe Estates,ASHCOMBE ESTATES,,,False,Lloyds_41283719_Oct24-Mar26.csv,1476
LLOYDS-Lloyds_41283719_Oct24-Mar26-1477,2025-12-02,Lloyds,41283719,,Northbridge Trading Ltd Current,BGC,BGC FAIRBANK WHOLESALE INV35430,,2272.76,-0.0,2272.76,699403.65,Fairbank Wholesale,FAIRBANK WHOLESALE,,,False,Lloyds_41283719_Oct24-Mar26.csv,1477
LLOYDS-Lloyds_41283719_Oct24-Mar26-1478,2025-12-02,Lloyds,41283719,,Northbridge Trading Ltd Current,FPO,FPO BRAMBLE ACCOUNTANTS REF 8849,8849,0.0,5509.55,-5509.55,693894.1,Bramble Accountants,BRAMBLE ACCOUNTANTS,,,False,Lloyds_41283719_Oct24-Mar26.csv,1478
LLOYDS-Lloyds_41283719_Oct24-Mar26-1479,2025-12-02,Lloyds,41283719,,Northbridge Trading Ltd Current,FPO,FPO COASTLINE LOGISTICS LTD REF 3224,3224,0.0,2966.75,-2966.75,690927.35,Coastline Logistics Ltd,COASTLINE LOGISTICS LTD,,,False,Lloyds_41283719_Oct24-Mar26.csv,1479
LLOYDS-Lloyds_41283719_Oct24-Mar26-1480,2025-12-03,Lloyds,41283719,,Northbridge Trading Ltd Current,BGC,BGC JARROW BUILDERS MERCHANTS INV84048,,4384.76,-0.0,4384.76,695312.11,Jarrow Builders Merchants,JARROW BUILDERS MERCHANTS,,,False,Lloyds_41283719_Oct24-Mar26.csv,1480
LLOYDS-Lloyds_41283719_Oct24-Mar26-1481,2025-12-03,Lloyds,41283719,,Northbridge Trading Ltd Current,BGC,BGC KINGSMEAD DISTRIBUTION INV70616,,4702.43,-0.0,4702.43,700014.54,Kingsmead Distribution,KINGSMEAD DISTRIBUTION,,,False,Lloyds_41283719_Oct24-Mar26.csv,1481
LLOYDS-Lloyds_41283719_Oct24-Mar26-1482,2025-12-03,Lloyds,41283719,,Northbridge Trading Ltd Current,BGC,BGC NEWHAM HARDWARE INV17342,,4977.54,-0.0,4977.54,704992.08,Newham Hardware,NEWHAM HARDWARE,,,False,Lloyds_41283719_Oct24-Mar26.csv,1482
LLOYDS-Lloyds_41283719_Oct24-Mar26-1483,2025-12-03,Lloyds,41283719,,Northbridge Trading Ltd Current,FPO,FPO CARROW SECURITY LTD REF 6434,6434,0.0,4827.28,-4827.28,700164.8,Carrow Security Ltd,CARROW SECURITY LTD,,,False,Lloyds_41283719_Oct24-Mar26.csv,1483
LLOYDS-Lloyds_41283719_Oct24-Mar26-1484,2025-12-03,Lloyds,41283719,,Northbridge Trading Ltd Current,FPO,FPO SABLE MARKETING LTD REF 9779,9779,0.0,259.5,-259.5,699905.3,Sable Marketing Ltd,SABLE MARKETING LTD,,,False,Lloyds_41283719_Oct24-Mar26.csv,1484
BARCLAYS-Barclays_90311276_export-103,2025-12-04,Barclays,90311276,20-45-18,Northbridge Trading Ltd,,CARD PAYMENT ROYAL MAIL,,0.0,344.42,-344.42,45320.06,Royal Mail,ROYAL MAIL,,,False,Barclays_90311276_export.csv,103
LLOYDS-Lloyds_41283719_Oct24-Mar26-1485,2025-12-04,Lloyds,41283719,,Northbridge Trading Ltd Current,BGC,BGC ISLEY & CO INV14085,,2297.17,-0.0,2297.17,702202.47,Isley & Co,ISLEY AND CO,,,False,Lloyds_41283719_Oct24-Mar26.csv,1485
LLOYDS-Lloyds_41283719_Oct24-Mar26-1486,2025-12-04,Lloyds,41283719,,Northbridge Trading Ltd Current,BGC,BGC MARSDEN DIY INV92118,,3342.23,-0.0,3342.23,705544.7,Marsden Diy,MARSDEN DIY,,,False,Lloyds_41283719_Oct24-Mar26.csv,1486
LLOYDS-Lloyds_41283719_Oct24-Mar26-1487,2025-12-04,Lloyds,41283719,,Northbridge Trading Ltd Current,FPO,FPO CARROW SECURITY LTD REF 7382,7382,0.0,1246.17,-1246.17,704298.53,Carrow Security Ltd,CARROW SECURITY LTD,,,False,Lloyds_41283719_Oct24-Mar26.csv,1487
LLOYDS-Lloyds_41283719_Oct24-Mar26-1488,2025-12-05,Lloyds,41283719,,Northbridge Trading Ltd Current,BGC,BGC ISLEY & CO INV64246,,940.97,-0.0,940.97,705239.5,Isley & Co,ISLEY AND CO,,,False,Lloyds_41283719_Oct24-Mar26.csv,1488
LLOYDS-Lloyds_41283719_Oct24-Mar26-1489,2025-12-05,Lloyds,41283719,,Northbridge Trading Ltd Current,FPO,FPO LUMEN ENERGY LTD REF 8404,8404,0.0,5002.33,-5002.33,700237.17,Lumen Energy Ltd,LUMEN ENERGY LTD,,,False,Lloyds_41283719_Oct24-Mar26.csv,1489
LLOYDS-Lloyds_41283719_Oct24-Mar26-1490,2025-12-05,Lloyds,41283719,,Northbridge Trading Ltd Current,FPO,FPO SMITH CONSULTING LTD CONSULTANCY Q4,,0.0,24000.0,-24000.0,676237.17,Smith Consulting Ltd,SMITH CONSULTING LTD,,,False,Lloyds_41283719_Oct24-Mar26.csv,1490
LLOYDS-Lloyds_41283719_Oct24-Mar26-1491,2025-12-08,Lloyds,41283719,,Northbridge Trading Ltd Current,BGC,BGC GLENMORE TRADING INV22137,,2802.03,-0.0,2802.03,679039.2,Glenmore Trading,GLENMORE TRADING,,,False,Lloyds_41283719_Oct24-Mar26.csv,1491
LLOYDS-Lloyds_41283719_Oct24-Mar26-1492,2025-12-08,Lloyds,41283719,,Northbridge Trading Ltd Current,FPO,FPO VODAFONE BUSINESS REF 9192,9192,0.0,1051.35,-1051.35,677987.85,Vodafone Business,VODAFONE BUSINESS,,,False,Lloyds_41283719_Oct24-Mar26.csv,1492
LLOYDS-Lloyds_41283719_Oct24-Mar26-1493,2025-12-09,Lloyds,41283719,,Northbridge Trading Ltd Current,BGC,BGC DENBY GARDEN CENTRES INV77652,,4005.52,-0.0,4005.52,681993.37,Denby Garden Centres,DENBY GARDEN CENTRES,,,False,Lloyds_41283719_Oct24-Mar26.csv,1493
LLOYDS-Lloyds_41283719_Oct24-Mar26-1494,2025-12-09,Lloyds,41283719,,Northbridge Trading Ltd Current,BGC,BGC EVERLY INTERIORS LTD INV36894,,4255.61,-0.0,4255.61,686248.98,Everly Interiors Ltd,EVERLY INTERIORS LTD,,,False,Lloyds_41283719_Oct24-Mar26.csv,1494
LLOYDS-Lloyds_41283719_Oct24-Mar26-1495,2025-12-09,Lloyds,41283719,,Northbridge Trading Ltd Current,BGC,BGC JARROW BUILDERS MERCHANTS INV52904,,1217.86,-0.0,1217.86,687466.84,Jarrow Builders Merchants,JARROW BUILDERS MERCHANTS,,,False,Lloyds_41283719_Oct24-Mar26.csv,1495
LLOYDS-Lloyds_41283719_Oct24-Mar26-1496,2025-12-09,Lloyds,41283719,,Northbridge Trading Ltd Current,FPO,FPO STONEBRIDGE INSURANCE BROKERS REF 1721,1721,0.0,4169.26,-4169.26,683297.58,Stonebridge Insurance Brokers,STONEBRIDGE INSURANCE BROKERS,,,False,Lloyds_41283719_Oct24-Mar26.csv,1496
LLOYDS-Lloyds_41283719_Oct24-Mar26-1497,2025-12-09,Lloyds,41283719,,Northbridge Trading Ltd Current,FPO,FPO THAMES WATER REF 9558,9558,0.0,827.64,-827.64,682469.94,Thames Water,THAMES WATER,,,False,Lloyds_41283719_Oct24-Mar26.csv,1497
LLOYDS-Lloyds_41283719_Oct24-Mar26-1498,2025-12-10,Lloyds,41283719,,Northbridge Trading Ltd Current,BGC,BGC BEXLEY HOMEWARE PLC INV23513,,3173.67,-0.0,3173.67,685643.61,Bexley Homeware Plc,BEXLEY HOMEWARE PLC,,,False,Lloyds_41283719_Oct24-Mar26.csv,1498
LLOYDS-Lloyds_41283719_Oct24-Mar26-1499,2025-12-10,Lloyds,41283719,,Northbridge Trading Ltd Current,BGC,BGC JARROW BUILDERS MERCHANTS INV12946,,3469.98,-0.0,3469.98,689113.59,Jarrow Builders Merchants,JARROW BUILDERS MERCHANTS,,,False,Lloyds_41283719_Oct24-Mar26.csv,1499
LLOYDS-Lloyds_41283719_Oct24-Mar26-1500,2025-12-10,Lloyds,41283719,,Northbridge Trading Ltd Current,BGC,BGC JARROW BUILDERS MERCHANTS INV93735,,5105.77,-0.0,5105.77,694219.36,Jarrow Builders Merchants,JARROW BUILDERS MERCHANTS,,,False,Lloyds_41283719_Oct24-Mar26.csv,1500
LLOYDS-Lloyds_41283719_Oct24-Mar26-1501,2025-12-10,Lloyds,41283719,,Northbridge Trading Ltd Current,FPO,FPO FENWICK COMPONENTS LTD REF 4154,4154,0.0,1826.42,-1826.42,692392.94,Fenwick Components Ltd,FENWICK COMPONENTS LTD,,,False,Lloyds_41283719_Oct24-Mar26.csv,1501
LLOYDS-Lloyds_41283719_Oct24-Mar26-1502,2025-12-10,Lloyds,41283719,,Northbridge Trading Ltd Current,FPO,FPO SABLE MARKETING LTD REF 6228,6228,0.0,4670.8,-4670.8,687722.14,Sable Marketing Ltd,SABLE MARKETING LTD,,,False,Lloyds_41283719_Oct24-Mar26.csv,1502
LLOYDS-Lloyds_41283719_Oct24-Mar26-1503,2025-12-11,Lloyds,41283719,,Northbridge Trading Ltd Current,BGC,BGC ISLEY & CO INV25002,,543.27,-0.0,543.27,688265.41,Isley & Co,ISLEY AND CO,,,False,Lloyds_41283719_Oct24-Mar26.csv,1503
LLOYDS-Lloyds_41283719_Oct24-Mar26-1504,2025-12-11,Lloyds,41283719,,Northbridge Trading Ltd Current,BGC,BGC TAMAR TRADERS INV83351,,3124.08,-0.0,3124.08,691389.49,Tamar Traders,TAMAR TRADERS,,,False,Lloyds_41283719_Oct24-Mar26.csv,1504
LLOYDS-Lloyds_41283719_Oct24-Mar26-1505,2025-12-11,Lloyds,41283719,,Northbridge Trading Ltd Current,FPO,FPO SABLE MARKETING LTD REF 6739,6739,0.0,3363.79,-3363.79,688025.7,Sable Marketing Ltd,SABLE MARKETING LTD,,,False,Lloyds_41283719_Oct24-Mar26.csv,1505
BARCLAYS-Barclays_90311276_export-104,2025-12-12,Barclays,90311276,20-45-18,Northbridge Trading Ltd,,CARD PAYMENT MICROSOFT,,0.0,303.51,-303.51,45016.55,Microsoft,MICROSOFT,,,False,Barclays_90311276_export.csv,104
LLOYDS-Lloyds_41283719_Oct24-Mar26-1506,2025-12-12,Lloyds,41283719,,Northbridge Trading Ltd Current,BGC,BGC JARROW BUILDERS MERCHANTS INV90381,,5055.27,-0.0,5055.27,693080.97,Jarrow Builders Merchants,JARROW BUILDERS MERCHANTS,,,False,Lloyds_41283719_Oct24-Mar26.csv,1506
LLOYDS-Lloyds_41283719_Oct24-Mar26-1507,2025-12-12,Lloyds,41283719,,Northbridge Trading Ltd Current,BGC,BGC SELBY HOME STORES INV42089,,1343.72,-0.0,1343.72,694424.69,Selby Home Stores,SELBY HOME STORES,,,False,Lloyds_41283719_Oct24-Mar26.csv,1507
LLOYDS-Lloyds_41283719_Oct24-Mar26-1508,2025-12-12,Lloyds,41283719,,Northbridge Trading Ltd Current,DD,DD BRITISH GAS BUSINESS,,0.0,603.99,-603.99,693820.7,British Gas Business,BRITISH GAS BUSINESS,,,False,Lloyds_41283719_Oct24-Mar26.csv,1508
LLOYDS-Lloyds_41283719_Oct24-Mar26-1509,2025-12-12,Lloyds,41283719,,Northbridge Trading Ltd Current,DD,DD BT BUSINESS,,0.0,413.85,-413.85,693406.85,Bt Business,BT BUSINESS,,,False,Lloyds_41283719_Oct24-Mar26.csv,1509
LLOYDS-Lloyds_41283719_Oct24-Mar26-1510,2025-12-12,Lloyds,41283719,,Northbridge Trading Ltd Current,DD,DD LUMEN ENERGY LTD,,0.0,1177.41,-1177.41,692229.44,Lumen Energy Ltd,LUMEN ENERGY LTD,,,False,Lloyds_41283719_Oct24-Mar26.csv,1510
LLOYDS-Lloyds_41283719_Oct24-Mar26-1511,2025-12-12,Lloyds,41283719,,Northbridge Trading Ltd Current,DD,DD THAMES WATER,,0.0,235.48,-235.48,691993.96,Thames Water,THAMES WATER,,,False,Lloyds_41283719_Oct24-Mar26.csv,1511
LLOYDS-Lloyds_41283719_Oct24-Mar26-1512,2025-12-12,Lloyds,41283719,,Northbridge Trading Ltd Current,FPO,FPO BT BUSINESS REF 1831,1831,0.0,910.93,-910.93,691083.03,Bt Business,BT BUSINESS,,,False,Lloyds_41283719_Oct24-Mar26.csv,1512
LLOYDS-Lloyds_41283719_Oct24-Mar26-1513,2025-12-12,Lloyds,41283719,,Northbridge Trading Ltd Current,FPO,FPO COASTLINE LOGISTICS LTD REF 2410,2410,0.0,2644.82,-2644.82,688438.21,Coastline Logistics Ltd,COASTLINE LOGISTICS LTD,,,False,Lloyds_41283719_Oct24-Mar26.csv,1513
LLOYDS-Lloyds_41283719_Oct24-Mar26-1514,2025-12-12,Lloyds,41283719,,Northbridge Trading Ltd Current,FPO,FPO VANTAGE PROPERTY SERVICES LTD,,0.0,25000.0,-25000.0,663438.21,Vantage Property Services Ltd,VANTAGE PROPERTY SERVICES LTD,,,False,Lloyds_41283719_Oct24-Mar26.csv,1514
LLOYDS-Lloyds_41283719_Oct24-Mar26-1515,2025-12-12,Lloyds,41283719,,Northbridge Trading Ltd Current,FPO,FPO VODAFONE BUSINESS REF 1826,1826,0.0,769.67,-769.67,662668.54,Vodafone Business,VODAFONE BUSINESS,,,False,Lloyds_41283719_Oct24-Mar26.csv,1515
BARCLAYS-Barclays_90311276_export-105,2025-12-15,Barclays,90311276,20-45-18,Northbridge Trading Ltd,,TFR FROM 30-96-26 41283719,,4000.0,0.0,4000.0,49016.55,Northbridge Trading Ltd,NORTHBRIDGE TRADING LTD,30-96-26,41283719,True,Barclays_90311276_export.csv,105
LLOYDS-Lloyds_41283719_Oct24-Mar26-1516,2025-12-15,Lloyds,41283719,,Northbridge Trading Ltd Current,BGC,BGC ORWELL FURNISHINGS LTD INV22748,,2764.81,-0.0,2764.81,665433.35,Orwell Furnishings Ltd,ORWELL FURNISHINGS LTD,,,False,Lloyds_41283719_Oct24-Mar26.csv,1516
LLOYDS-Lloyds_41283719_Oct24-Mar26-1517,2025-12-15,Lloyds,41283719,,Northbridge Trading Ltd Current,BGC,BGC ORWELL FURNISHINGS LTD INV71675,,1629.69,-0.0,1629.69,667063.04,Orwell Furnishings Ltd,ORWELL FURNISHINGS LTD,,,False,Lloyds_41283719_Oct24-Mar26.csv,1517
LLOYDS-Lloyds_41283719_Oct24-Mar26-1518,2025-12-15,Lloyds,41283719,,Northbridge Trading Ltd Current,BGC,BGC SELBY HOME STORES INV27274,,926.09,-0.0,926.09,667989.13,Selby Home Stores,SELBY HOME STORES,,,False,Lloyds_41283719_Oct24-Mar26.csv,1518
LLOYDS-Lloyds_41283719_Oct24-Mar26-1519,2025-12-15,Lloyds,41283719,,Northbridge Trading Ltd Current,FPO,FPO OAKLINE OFFICE LTD REF 5227,5227,0.0,5490.24,-5490.24,662498.89,Oakline Office Ltd,OAKLINE OFFICE LTD,,,False,Lloyds_41283719_Oct24-Mar26.csv,1519
LLOYDS-Lloyds_41283719_Oct24-Mar26-1520,2025-12-15,Lloyds,41283719,,Northbridge Trading Ltd Current,TFR,TFR TO 20-45-18 90311276,,0.0,4000.0,-4000.0,658498.89,Northbridge Trading Ltd,NORTHBRIDGE TRADING LTD,20-45-18,90311276,True,Lloyds_41283719_Oct24-Mar26.csv,1520
LLOYDS-Lloyds_41283719_Oct24-Mar26-1521,2025-12-16,Lloyds,41283719,,Northbridge Trading Ltd Current,BGC,BGC ALDERTON RETAIL LTD INV18567,,2850.25,-0.0,2850.25,661349.14,Alderton Retail Ltd,ALDERTON RETAIL LTD,,,False,Lloyds_41283719_Oct24-Mar26.csv,1521
LLOYDS-Lloyds_41283719_Oct24-Mar26-1522,2025-12-16,Lloyds,41283719,,Northbridge Trading Ltd Current,BGC,BGC FAIRBANK WHOLESALE INV46996,,4326.16,-0.0,4326.16,665675.3,Fairbank Wholesale,FAIRBANK WHOLESALE,,,False,Lloyds_41283719_Oct24-Mar26.csv,1522
LLOYDS-Lloyds_41283719_Oct24-Mar26-1523,2025-12-16,Lloyds,41283719,,Northbridge Trading Ltd Current,BGC,BGC KINGSMEAD DISTRIBUTION INV52567,,2739.03,-0.0,2739.03,668414.33,Kingsmead Distribution,KINGSMEAD DISTRIBUTION,,,False,Lloyds_41283719_Oct24-Mar26.csv,1523
LLOYDS-Lloyds_41283719_Oct24-Mar26-1524,2025-12-16,Lloyds,41283719,,Northbridge Trading Ltd Current,BGC,BGC LARKHILL LTD INV72737,,2779.17,-0.0,2779.17,671193.5,Larkhill Ltd,LARKHILL LTD,,,False,Lloyds_41283719_Oct24-Mar26.csv,1524
LLOYDS-Lloyds_41283719_Oct24-Mar26-1525,2025-12-16,Lloyds,41283719,,Northbridge Trading Ltd Current,FPO,FPO CARROW SECURITY LTD REF 3087,3087,0.0,3121.51,-3121.51,668071.99,Carrow Security Ltd,CARROW SECURITY LTD,,,False,Lloyds_41283719_Oct24-Mar26.csv,1525
LLOYDS-Lloyds_41283719_Oct24-Mar26-1526,2025-12-16,Lloyds,41283719,,Northbridge Trading Ltd Current,FPO,FPO ELLERY LEGAL LLP REF 2162,2162,0.0,4785.72,-4785.72,663286.27,Ellery Legal Llp,ELLERY LEGAL LLP,,,False,Lloyds_41283719_Oct24-Mar26.csv,1526
LLOYDS-Lloyds_41283719_Oct24-Mar26-1527,2025-12-16,Lloyds,41283719,,Northbridge Trading Ltd Current,FPO,FPO THAMES WATER REF 2752,2752,0.0,2056.34,-2056.34,661229.93,Thames Water,THAMES WATER,,,False,Lloyds_41283719_Oct24-Mar26.csv,1527
LLOYDS-Lloyds_41283719_Oct24-Mar26-1528,2025-12-17,Lloyds,41283719,,Northbridge Trading Ltd Current,BGC,BGC FAIRBANK WHOLESALE INV73225,,2376.32,-0.0,2376.32,663606.25,Fairbank Wholesale,FAIRBANK WHOLESALE,,,False,Lloyds_41283719_Oct24-Mar26.csv,1528
LLOYDS-Lloyds_41283719_Oct24-Mar26-1529,2025-12-17,Lloyds,41283719,,Northbridge Trading Ltd Current,BGC,BGC HEXHAM SUPPLIES LTD INV91379,,1673.18,-0.0,1673.18,665279.43,Hexham Supplies Ltd,HEXHAM SUPPLIES LTD,,,False,Lloyds_41283719_Oct24-Mar26.csv,1529
LLOYDS-Lloyds_41283719_Oct24-Mar26-1530,2025-12-17,Lloyds,41283719,,Northbridge Trading Ltd Current,BGC,BGC KINGSMEAD DISTRIBUTION INV37294,,4534.56,-0.0,4534.56,669813.99,Kingsmead Distribution,KINGSMEAD DISTRIBUTION,,,False,Lloyds_41283719_Oct24-Mar26.csv,1530
LLOYDS-Lloyds_41283719_Oct24-Mar26-1531,2025-12-17,Lloyds,41283719,,Northbridge Trading Ltd Current,FPO,FPO BRITISH GAS BUSINESS REF 8132,8132,0.0,3468.19,-3468.19,666345.8,British Gas Business,BRITISH GAS BUSINESS,,,False,Lloyds_41283719_Oct24-Mar26.csv,1531
LLOYDS-Lloyds_41283719_Oct24-Mar26-1532,2025-12-17,Lloyds,41283719,,Northbridge Trading Ltd Current,FPO,FPO KESTREL FUEL CARDS REF 9921,9921,0.0,4210.68,-4210.68,662135.12,Kestrel Fuel Cards,KESTREL FUEL CARDS,,,False,Lloyds_41283719_Oct24-Mar26.csv,1532
LLOYDS-Lloyds_41283719_Oct24-Mar26-1533,2025-12-17,Lloyds,41283719,,Northbridge Trading Ltd Current,FPO,FPO PENNANT FREIGHT LTD REF 2276,2276,0.0,4475.3,-4475.3,657659.82,Pennant Freight Ltd,PENNANT FREIGHT LTD,,,False,Lloyds_41283719_Oct24-Mar26.csv,1533
LLOYDS-Lloyds_41283719_Oct24-Mar26-1534,2025-12-18,Lloyds,41283719,,Northbridge Trading Ltd Current,BGC,BGC SELBY HOME STORES INV88128,,2758.84,-0.0,2758.84,660418.66,Selby Home Stores,SELBY HOME STORES,,,False,Lloyds_41283719_Oct24-Mar26.csv,1534
LLOYDS-Lloyds_41283719_Oct24-Mar26-1535,2025-12-18,Lloyds,41283719,,Northbridge Trading Ltd Current,FPO,FPO BRAMBLE ACCOUNTANTS REF 7208,7208,0.0,2065.34,-2065.34,658353.32,Bramble Accountants,BRAMBLE ACCOUNTANTS,,,False,Lloyds_41283719_Oct24-Mar26.csv,1535
LLOYDS-Lloyds_41283719_Oct24-Mar26-1536,2025-12-18,Lloyds,41283719,,Northbridge Trading Ltd Current,FPO,FPO BRIGHTPATH PRINT LTD REF 8294,8294,0.0,1180.62,-1180.62,657172.7,Brightpath Print Ltd,BRIGHTPATH PRINT LTD,,,False,Lloyds_41283719_Oct24-Mar26.csv,1536
LLOYDS-Lloyds_41283719_Oct24-Mar26-1537,2025-12-18,Lloyds,41283719,,Northbridge Trading Ltd Current,FPO,FPO THAMES WATER REF 2140,2140,0.0,3649.82,-3649.82,653522.88,Thames Water,THAMES WATER,,,False,Lloyds_41283719_Oct24-Mar26.csv,1537
LLOYDS-Lloyds_41283719_Oct24-Mar26-1538,2025-12-19,Lloyds,41283719,,Northbridge Trading Ltd Current,BGC,BGC ALDERTON RETAIL LTD INV29231,,3727.6,-0.0,3727.6,657250.48,Alderton Retail Ltd,ALDERTON RETAIL LTD,,,False,Lloyds_41283719_Oct24-Mar26.csv,1538
LLOYDS-Lloyds_41283719_Oct24-Mar26-1539,2025-12-19,Lloyds,41283719,,Northbridge Trading Ltd Current,BGC,BGC EVERLY INTERIORS LTD INV86122,,4931.24,-0.0,4931.24,662181.72,Everly Interiors Ltd,EVERLY INTERIORS LTD,,,False,Lloyds_41283719_Oct24-Mar26.csv,1539
LLOYDS-Lloyds_41283719_Oct24-Mar26-1540,2025-12-19,Lloyds,41283719,,Northbridge Trading Ltd Current,FPO,FPO CARROW SECURITY LTD REF 8326,8326,0.0,1294.65,-1294.65,660887.07,Carrow Security Ltd,CARROW SECURITY LTD,,,False,Lloyds_41283719_Oct24-Mar26.csv,1540
LLOYDS-Lloyds_41283719_Oct24-Mar26-1541,2025-12-19,Lloyds,41283719,,Northbridge Trading Ltd Current,FPO,FPO SABLE MARKETING LTD REF 5775,5775,0.0,2431.4,-2431.4,658455.67,Sable Marketing Ltd,SABLE MARKETING LTD,,,False,Lloyds_41283719_Oct24-Mar26.csv,1541
LLOYDS-Lloyds_41283719_Oct24-Mar26-1542,2025-12-22,Lloyds,41283719,,Northbridge Trading Ltd Current,BGC,BGC NEWHAM HARDWARE INV55123,,5279.2,-0.0,5279.2,663734.87,Newham Hardware,NEWHAM HARDWARE,,,False,Lloyds_41283719_Oct24-Mar26.csv,1542
LLOYDS-Lloyds_41283719_Oct24-Mar26-1543,2025-12-22,Lloyds,41283719,,Northbridge Trading Ltd Current,BGC,BGC SELBY HOME STORES INV11064,,3427.63,-0.0,3427.63,667162.5,Selby Home Stores,SELBY HOME STORES,,,False,Lloyds_41283719_Oct24-Mar26.csv,1543
LLOYDS-Lloyds_41283719_Oct24-Mar26-1544,2025-12-22,Lloyds,41283719,,Northbridge Trading Ltd Current,FPO,FPO COASTLINE LOGISTICS LTD REF 1013,1013,0.0,4264.62,-4264.62,662897.88,Coastline Logistics Ltd,COASTLINE LOGISTICS LTD,,,False,Lloyds_41283719_Oct24-Mar26.csv,1544
LLOYDS-Lloyds_41283719_Oct24-Mar26-1545,2025-12-22,Lloyds,41283719,,Northbridge Trading Ltd Current,FPO,FPO COASTLINE LOGISTICS LTD REF 7049,7049,0.0,5421.29,-5421.29,657476.59,Coastline Logistics Ltd,COASTLINE LOGISTICS LTD,,,False,Lloyds_41283719_Oct24-Mar26.csv,1545
LLOYDS-Lloyds_41283719_Oct24-Mar26-1546,2025-12-22,Lloyds,41283719,,Northbridge Trading Ltd Current,FPO,FPO THAMES WATER REF 3089,3089,0.0,5137.16,-5137.16,652339.43,Thames Water,THAMES WATER,,,False,Lloyds_41283719_Oct24-Mar26.csv,1546
LLOYDS-Lloyds_41283719_Oct24-Mar26-1547,2025-12-22,Lloyds,41283719,,Northbridge Trading Ltd Current,TFR,TFR TO 60-12-44 77120931,,0.0,56000.0,-56000.0,596339.43,Northbridge Trading Ltd,NORTHBRIDGE TRADING LTD,60-12-44,77120931,True,Lloyds_41283719_Oct24-Mar26.csv,1547
NATWEST-NatWest_77120931_statement-231,2025-12-22,NatWest,77120931,,Northbridge Trading Ltd,FPO,FPO HMRC PAYE 1225,,0.0,10616.6,-10616.6,101606.47,HMRC,HMRC,,,False,NatWest_77120931_statement.xlsx,231
NATWEST-NatWest_77120931_statement-232,2025-12-22,NatWest,77120931,,Northbridge Trading Ltd,TFR,TFR FROM 30-96-26 41283719,,56000.0,0.0,56000.0,157606.47,Northbridge Trading Ltd,NORTHBRIDGE TRADING LTD,30-96-26,41283719,True,NatWest_77120931_statement.xlsx,232
BARCLAYS-Barclays_90311276_export-106,2025-12-23,Barclays,90311276,20-45-18,Northbridge Trading Ltd,,CARD PAYMENT SCREWFIX,,0.0,238.44,-238.44,48778.11,Screwfix,SCREWFIX,,,False,Barclays_90311276_export.csv,106
LLOYDS-Lloyds_41283719_Oct24-Mar26-1548,2025-12-23,Lloyds,41283719,,Northbridge Trading Ltd Current,BGC,BGC HEXHAM SUPPLIES LTD INV66585,,3850.54,-0.0,3850.54,600189.97,Hexham Supplies Ltd,HEXHAM SUPPLIES LTD,,,False,Lloyds_41283719_Oct24-Mar26.csv,1548
LLOYDS-Lloyds_41283719_Oct24-Mar26-1549,2025-12-23,Lloyds,41283719,,Northbridge Trading Ltd Current,FPO,FPO ELLERY LEGAL LLP REF 6212,6212,0.0,4313.88,-4313.88,595876.09,Ellery Legal Llp,ELLERY LEGAL LLP,,,False,Lloyds_41283719_Oct24-Mar26.csv,1549
LLOYDS-Lloyds_41283719_Oct24-Mar26-1550,2025-12-23,Lloyds,41283719,,Northbridge Trading Ltd Current,FPO,FPO THAMES WATER REF 7251,7251,0.0,2695.86,-2695.86,593180.23,Thames Water,THAMES WATER,,,False,Lloyds_41283719_Oct24-Mar26.csv,1550
LLOYDS-Lloyds_41283719_Oct24-Mar26-1551,2025-12-24,Lloyds,41283719,,Northbridge Trading Ltd Current,BGC,BGC ALDERTON RETAIL LTD INV28873,,3922.4,-0.0,3922.4,597102.63,Alderton Retail Ltd,ALDERTON RETAIL LTD,,,False,Lloyds_41283719_Oct24-Mar26.csv,1551
LLOYDS-Lloyds_41283719_Oct24-Mar26-1552,2025-12-24,Lloyds,41283719,,Northbridge Trading Ltd Current,BGC,BGC EVERLY INTERIORS LTD INV27600,,490.11,-0.0,490.11,597592.74,Everly Interiors Ltd,EVERLY INTERIORS LTD,,,False,Lloyds_41283719_Oct24-Mar26.csv,1552
LLOYDS-Lloyds_41283719_Oct24-Mar26-1553,2025-12-24,Lloyds,41283719,,Northbridge Trading Ltd Current,BGC,BGC LARKHILL LTD INV64687,,1180.04,-0.0,1180.04,598772.78,Larkhill Ltd,LARKHILL LTD,,,False,Lloyds_41283719_Oct24-Mar26.csv,1553
LLOYDS-Lloyds_41283719_Oct24-Mar26-1554,2025-12-24,Lloyds,41283719,,Northbridge Trading Ltd Current,FPO,FPO BRAMBLE ACCOUNTANTS REF 8155,8155,0.0,5853.6,-5853.6,592919.18,Bramble Accountants,BRAMBLE ACCOUNTANTS,,,False,Lloyds_41283719_Oct24-Mar26.csv,1554
LLOYDS-Lloyds_41283719_Oct24-Mar26-1555,2025-12-24,Lloyds,41283719,,Northbridge Trading Ltd Current,FPO,FPO OAKLINE OFFICE LTD REF 2387,2387,0.0,952.74,-952.74,591966.44,Oakline Office Ltd,OAKLINE OFFICE LTD,,,False,Lloyds_41283719_Oct24-Mar26.csv,1555
BARCLAYS-Barclays_90311276_export-107,2025-12-25,Barclays,90311276,20-45-18,Northbridge Trading Ltd,,CARD PAYMENT MICROSOFT,,0.0,344.25,-344.25,48433.86,Microsoft,MICROSOFT,,,False,Barclays_90311276_export.csv,107
LLOYDS-Lloyds_41283719_Oct24-Mar26-1556,2025-12-25,Lloyds,41283719,,Northbridge Trading Ltd Current,BGC,BGC FAIRBANK WHOLESALE INV65675,,3339.66,-0.0,3339.66,595306.1,Fairbank Wholesale,FAIRBANK WHOLESALE,,,False,Lloyds_41283719_Oct24-Mar26.csv,1556
LLOYDS-Lloyds_41283719_Oct24-Mar26-1557,2025-12-25,Lloyds,41283719,,Northbridge Trading Ltd Current,BGC,BGC ORWELL FURNISHINGS LTD INV60425,,2140.69,-0.0,2140.69,597446.79,Orwell Furnishings Ltd,ORWELL FURNISHINGS LTD,,,False,Lloyds_41283719_Oct24-Mar26.csv,1557
LLOYDS-Lloyds_41283719_Oct24-Mar26-1558,2025-12-25,Lloyds,41283719,,Northbridge Trading Ltd Current,BGC,BGC ORWELL FURNISHINGS LTD INV76770,,2471.71,-0.0,2471.71,599918.5,Orwell Furnishings Ltd,ORWELL FURNISHINGS LTD,,,False,Lloyds_41283719_Oct24-Mar26.csv,1558
LLOYDS-Lloyds_41283719_Oct24-Mar26-1559,2025-12-25,Lloyds,41283719,,Northbridge Trading Ltd Current,BGC,BGC TAMAR TRADERS INV65797,,3429.49,-0.0,3429.49,603347.99,Tamar Traders,TAMAR TRADERS,,,False,Lloyds_41283719_Oct24-Mar26.csv,1559
LLOYDS-Lloyds_41283719_Oct24-Mar26-1560,2025-12-25,Lloyds,41283719,,Northbridge Trading Ltd Current,FPO,FPO CARROW SECURITY LTD REF 7012,7012,0.0,345.75,-345.75,603002.24,Carrow Security Ltd,CARROW SECURITY LTD,,,False,Lloyds_41283719_Oct24-Mar26.csv,1560
LLOYDS-Lloyds_41283719_Oct24-Mar26-1561,2025-12-25,Lloyds,41283719,,Northbridge Trading Ltd Current,FPO,FPO REDGATE CLEANING LTD REF 7731,7731,0.0,5570.4,-5570.4,597431.84,Redgate Cleaning Ltd,REDGATE CLEANING LTD,,,False,Lloyds_41283719_Oct24-Mar26.csv,1561
LLOYDS-Lloyds_41283719_Oct24-Mar26-1562,2025-12-25,Lloyds,41283719,,Northbridge Trading Ltd Current,FPO,FPO VODAFONE BUSINESS REF 4878,4878,0.0,4315.96,-4315.96,593115.88,Vodafone Business,VODAFONE BUSINESS,,,False,Lloyds_41283719_Oct24-Mar26.csv,1562
NATWEST-NatWest_77120931_statement-233,2025-12-25,NatWest,77120931,,Northbridge Trading Ltd,FPO,FPO A PATEL SALARY DEC25,,0.0,2092.38,-2092.38,155514.09,A Patel,A PATEL,,,False,NatWest_77120931_statement.xlsx,233
NATWEST-NatWest_77120931_statement-234,2025-12-25,NatWest,77120931,,Northbridge Trading Ltd,FPO,FPO C WALSH SALARY DEC25,,0.0,3224.08,-3224.08,152290.01,C Walsh,C WALSH,,,False,NatWest_77120931_statement.xlsx,234
NATWEST-NatWest_77120931_statement-235,2025-12-25,NatWest,77120931,,Northbridge Trading Ltd,FPO,FPO D O'BRIEN SALARY DEC25,,0.0,2690.39,-2690.39,149599.62,D O'Brien,D O'BRIEN,,,False,NatWest_77120931_statement.xlsx,235
NATWEST-NatWest_77120931_statement-236,2025-12-25,NatWest,77120931,,Northbridge Trading Ltd,FPO,FPO E MORGAN SALARY DEC25,,0.0,3572.08,-3572.08,146027.54,E Morgan,E MORGAN,,,False,NatWest_77120931_statement.xlsx,236
NATWEST-NatWest_77120931_statement-237,2025-12-25,NatWest,77120931,,Northbridge Trading Ltd,FPO,FPO H SCHMIDT SALARY DEC25,,0.0,2033.0,-2033.0,143994.54,H Schmidt,H SCHMIDT,,,False,NatWest_77120931_statement.xlsx,237
NATWEST-NatWest_77120931_statement-238,2025-12-25,NatWest,77120931,,Northbridge Trading Ltd,FPO,FPO J SMITH SALARY DEC25,,0.0,4200.0,-4200.0,139794.54,J Smith,J SMITH,,,False,NatWest_77120931_statement.xlsx,238
NATWEST-NatWest_77120931_statement-239,2025-12-25,NatWest,77120931,,Northbridge Trading Ltd,FPO,FPO J TAYLOR SALARY DEC25,,0.0,2050.36,-2050.36,137744.18,J Taylor,J TAYLOR,,,False,NatWest_77120931_statement.xlsx,239
NATWEST-NatWest_77120931_statement-240,2025-12-25,NatWest,77120931,,Northbridge Trading Ltd,FPO,FPO L KOWALSKI SALARY DEC25,,0.0,3073.85,-3073.85,134670.33,L Kowalski,L KOWALSKI,,,False,NatWest_77120931_statement.xlsx,240
NATWEST-NatWest_77120931_statement-241,2025-12-25,NatWest,77120931,,Northbridge Trading Ltd,FPO,FPO M HUGHES SALARY DEC25,,0.0,2141.55,-2141.55,132528.78,M Hughes,M HUGHES,,,False,NatWest_77120931_statement.xlsx,241
NATWEST-NatWest_77120931_statement-242,2025-12-25,NatWest,77120931,,Northbridge Trading Ltd,FPO,FPO P SINGH SALARY DEC25,,0.0,3412.86,-3412.86,129115.92,P Singh,P SINGH,,,False,NatWest_77120931_statement.xlsx,242
NATWEST-NatWest_77120931_statement-243,2025-12-25,NatWest,77120931,,Northbridge Trading Ltd,FPO,FPO R DAVIES SALARY DEC25,,0.0,3143.2,-3143.2,125972.72,R Davies,R DAVIES,,,False,NatWest_77120931_statement.xlsx,243
NATWEST-NatWest_77120931_statement-244,2025-12-25,NatWest,77120931,,Northbridge Trading Ltd,FPO,FPO S OKAFOR SALARY DEC25,,0.0,2718.61,-2718.61,123254.11,S Okafor,S OKAFOR,,,False,NatWest_77120931_statement.xlsx,244
NATWEST-NatWest_77120931_statement-245,2025-12-25,NatWest,77120931,,Northbridge Trading Ltd,FPO,FPO T NGUYEN SALARY DEC25,,0.0,3572.24,-3572.24,119681.87,T Nguyen,T NGUYEN,,,False,NatWest_77120931_statement.xlsx,245
LLOYDS-Lloyds_41283719_Oct24-Mar26-1563,2025-12-26,Lloyds,41283719,,Northbridge Trading Ltd Current,BGC,BGC CASTLEFORD STORES INV99662,,3460.9,-0.0,3460.9,596576.78,Castleford Stores,CASTLEFORD STORES,,,False,Lloyds_41283719_Oct24-Mar26.csv,1563
LLOYDS-Lloyds_41283719_Oct24-Mar26-1564,2025-12-26,Lloyds,41283719,,Northbridge Trading Ltd Current,BGC,BGC KINGSMEAD DISTRIBUTION INV80127,,4153.81,-0.0,4153.81,600730.59,Kingsmead Distribution,KINGSMEAD DISTRIBUTION,,,False,Lloyds_41283719_Oct24-Mar26.csv,1564
LLOYDS-Lloyds_41283719_Oct24-Mar26-1565,2025-12-26,Lloyds,41283719,,Northbridge Trading Ltd Current,BGC,BGC PEMBROKE LIVING INV69511,,2881.91,-0.0,2881.91,603612.5,Pembroke Living,PEMBROKE LIVING,,,False,Lloyds_41283719_Oct24-Mar26.csv,1565
LLOYDS-Lloyds_41283719_Oct24-Mar26-1566,2025-12-26,Lloyds,41283719,,Northbridge Trading Ltd Current,BGC,BGC SELBY HOME STORES INV50959,,3362.11,-0.0,3362.11,606974.61,Selby Home Stores,SELBY HOME STORES,,,False,Lloyds_41283719_Oct24-Mar26.csv,1566
LLOYDS-Lloyds_41283719_Oct24-Mar26-1567,2025-12-26,Lloyds,41283719,,Northbridge Trading Ltd Current,FPO,FPO CARROW SECURITY LTD REF 6431,6431,0.0,2612.94,-2612.94,604361.67,Carrow Security Ltd,CARROW SECURITY LTD,,,False,Lloyds_41283719_Oct24-Mar26.csv,1567
LLOYDS-Lloyds_41283719_Oct24-Mar26-1568,2025-12-26,Lloyds,41283719,,Northbridge Trading Ltd Current,FPO,FPO STONEBRIDGE INSURANCE BROKERS REF 5738,5738,0.0,1129.92,-1129.92,603231.75,Stonebridge Insurance Brokers,STONEBRIDGE INSURANCE BROKERS,,,False,Lloyds_41283719_Oct24-Mar26.csv,1568
LLOYDS-Lloyds_41283719_Oct24-Mar26-1569,2025-12-29,Lloyds,41283719,,Northbridge Trading Ltd Current,BGC,BGC FAIRBANK WHOLESALE INV85085,,665.26,-0.0,665.26,603897.01,Fairbank Wholesale,FAIRBANK WHOLESALE,,,False,Lloyds_41283719_Oct24-Mar26.csv,1569
LLOYDS-Lloyds_41283719_Oct24-Mar26-1570,2025-12-29,Lloyds,41283719,,Northbridge Trading Ltd Current,BGC,BGC JARROW BUILDERS MERCHANTS INV91830,,550.8,-0.0,550.8,604447.81,Jarrow Builders Merchants,JARROW BUILDERS MERCHANTS,,,False,Lloyds_41283719_Oct24-Mar26.csv,1570
LLOYDS-Lloyds_41283719_Oct24-Mar26-1571,2025-12-29,Lloyds,41283719,,Northbridge Trading Ltd Current,BGC,BGC PEMBROKE LIVING INV20814,,1019.15,-0.0,1019.15,605466.96,Pembroke Living,PEMBROKE LIVING,,,False,Lloyds_41283719_Oct24-Mar26.csv,1571
LLOYDS-Lloyds_41283719_Oct24-Mar26-1572,2025-12-29,Lloyds,41283719,,Northbridge Trading Ltd Current,DEB,ACCOUNT FEE,,0.0,54.63,-54.63,605412.33,Lloyds,LLOYDS,,,False,Lloyds_41283719_Oct24-Mar26.csv,1572
LLOYDS-Lloyds_41283719_Oct24-Mar26-1573,2025-12-29,Lloyds,41283719,,Northbridge Trading Ltd Current,FPO,FPO J SMITH DIVIDEND,,0.0,40000.0,-40000.0,565412.33,J Smith,J SMITH,,,False,Lloyds_41283719_Oct24-Mar26.csv,1573
LLOYDS-Lloyds_41283719_Oct24-Mar26-1574,2025-12-29,Lloyds,41283719,,Northbridge Trading Ltd Current,FPO,FPO REDGATE CLEANING LTD REF 5129,5129,0.0,925.35,-925.35,564486.98,Redgate Cleaning Ltd,REDGATE CLEANING LTD,,,False,Lloyds_41283719_Oct24-Mar26.csv,1574
NATWEST-NatWest_77120931_statement-246,2025-12-29,NatWest,77120931,,Northbridge Trading Ltd,DEB,ACCOUNT CHARGES,,0.0,25.21,-25.21,119656.66,NatWest,NATWEST,,,False,NatWest_77120931_statement.xlsx,246
LLOYDS-Lloyds_41283719_Oct24-Mar26-1575,2025-12-30,Lloyds,41283719,,Northbridge Trading Ltd Current,BGC,BGC DENBY GARDEN CENTRES INV89144,,1237.19,-0.0,1237.19,565724.17,Denby Garden Centres,DENBY GARDEN CENTRES,,,False,Lloyds_41283719_Oct24-Mar26.csv,1575
LLOYDS-Lloyds_41283719_Oct24-Mar26-1576,2025-12-30,Lloyds,41283719,,Northbridge Trading Ltd Current,FPO,FPO HALCYON IT SERVICES REF 8944,8944,0.0,1207.73,-1207.73,564516.44,Halcyon It Services,HALCYON IT SERVICES,,,False,Lloyds_41283719_Oct24-Mar26.csv,1576
LLOYDS-Lloyds_41283719_Oct24-Mar26-1577,2025-12-30,Lloyds,41283719,,Northbridge Trading Ltd Current,FPO,FPO OAKLINE OFFICE LTD REF 8317,8317,0.0,2313.14,-2313.14,562203.3,Oakline Office Ltd,OAKLINE OFFICE LTD,,,False,Lloyds_41283719_Oct24-Mar26.csv,1577
LLOYDS-Lloyds_41283719_Oct24-Mar26-1578,2025-12-30,Lloyds,41283719,,Northbridge Trading Ltd Current,FPO,FPO PENNANT FREIGHT LTD REF 5280,5280,0.0,4727.79,-4727.79,557475.51,Pennant Freight Ltd,PENNANT FREIGHT LTD,,,False,Lloyds_41283719_Oct24-Mar26.csv,1578
BARCLAYS-Barclays_90311276_export-108,2025-12-31,Barclays,90311276,20-45-18,Northbridge Trading Ltd,,CARD PAYMENT MICROSOFT,,0.0,353.96,-353.96,48079.9,Microsoft,MICROSOFT,,,False,Barclays_90311276_export.csv,108
LLOYDS-Lloyds_41283719_Oct24-Mar26-1579,2025-12-31,Lloyds,41283719,,Northbridge Trading Ltd Current,BGC,BGC EVERLY INTERIORS LTD INV88059,,4764.23,-0.0,4764.23,562239.74,Everly Interiors Ltd,EVERLY INTERIORS LTD,,,False,Lloyds_41283719_Oct24-Mar26.csv,1579
LLOYDS-Lloyds_41283719_Oct24-Mar26-1580,2025-12-31,Lloyds,41283719,,Northbridge Trading Ltd Current,FPO,FPO VODAFONE BUSINESS REF 7765,7765,0.0,4656.65,-4656.65,557583.09,Vodafone Business,VODAFONE BUSINESS,,,False,Lloyds_41283719_Oct24-Mar26.csv,1580
LLOYDS-Lloyds_41283719_Oct24-Mar26-1581,2026-01-01,Lloyds,41283719,,Northbridge Trading Ltd Current,BGC,BGC DENBY GARDEN CENTRES INV16884,,1190.99,-0.0,1190.99,558774.08,Denby Garden Centres,DENBY GARDEN CENTRES,,,False,Lloyds_41283719_Oct24-Mar26.csv,1581
LLOYDS-Lloyds_41283719_Oct24-Mar26-1582,2026-01-01,Lloyds,41283719,,Northbridge Trading Ltd Current,BGC,BGC LARKHILL LTD INV17120,,3387.72,-0.0,3387.72,562161.8,Larkhill Ltd,LARKHILL LTD,,,False,Lloyds_41283719_Oct24-Mar26.csv,1582
LLOYDS-Lloyds_41283719_Oct24-Mar26-1583,2026-01-01,Lloyds,41283719,,Northbridge Trading Ltd Current,BGC,BGC MARSDEN DIY INV72420,,1810.06,-0.0,1810.06,563971.86,Marsden Diy,MARSDEN DIY,,,False,Lloyds_41283719_Oct24-Mar26.csv,1583
LLOYDS-Lloyds_41283719_Oct24-Mar26-1584,2026-01-01,Lloyds,41283719,,Northbridge Trading Ltd Current,DD,DD HARTWELL FINANCE PLC,,0.0,3180.4,-3180.4,560791.46,Hartwell Finance plc,HARTWELL FINANCE PLC,,,False,Lloyds_41283719_Oct24-Mar26.csv,1584
LLOYDS-Lloyds_41283719_Oct24-Mar26-1585,2026-01-01,Lloyds,41283719,,Northbridge Trading Ltd Current,FPO,FPO HALCYON IT SERVICES REF 7222,7222,0.0,4148.53,-4148.53,556642.93,Halcyon It Services,HALCYON IT SERVICES,,,False,Lloyds_41283719_Oct24-Mar26.csv,1585
LLOYDS-Lloyds_41283719_Oct24-Mar26-1586,2026-01-01,Lloyds,41283719,,Northbridge Trading Ltd Current,FPO,FPO RIDLEY TOOLS LTD REF 8122,8122,0.0,219.4,-219.4,556423.53,Ridley Tools Ltd,RIDLEY TOOLS LTD,,,False,Lloyds_41283719_Oct24-Mar26.csv,1586
LLOYDS-Lloyds_41283719_Oct24-Mar26-1587,2026-01-01,Lloyds,41283719,,Northbridge Trading Ltd Current,FPO,FPO THAMES WATER REF 8775,8775,0.0,1686.36,-1686.36,554737.17,Thames Water,THAMES WATER,,,False,Lloyds_41283719_Oct24-Mar26.csv,1587
LLOYDS-Lloyds_41283719_Oct24-Mar26-1588,2026-01-01,Lloyds,41283719,,Northbridge Trading Ltd Current,SO,SO ASHCOMBE ESTATES RENT,,0.0,6250.0,-6250.0,548487.17,Ashcombe Estates,ASHCOMBE ESTATES,,,False,Lloyds_41283719_Oct24-Mar26.csv,1588
LLOYDS-Lloyds_41283719_Oct24-Mar26-1589,2026-01-02,Lloyds,41283719,,Northbridge Trading Ltd Current,BGC,BGC BEXLEY HOMEWARE PLC INV22761,,4636.31,-0.0,4636.31,553123.48,Bexley Homeware Plc,BEXLEY HOMEWARE PLC,,,False,Lloyds_41283719_Oct24-Mar26.csv,1589
LLOYDS-Lloyds_41283719_Oct24-Mar26-1590,2026-01-02,Lloyds,41283719,,Northbridge Trading Ltd Current,BGC,BGC ISLEY & CO INV53904,,1657.04,-0.0,1657.04,554780.52,Isley & Co,ISLEY AND CO,,,False,Lloyds_41283719_Oct24-Mar26.csv,1590
LLOYDS-Lloyds_41283719_Oct24-Mar26-1591,2026-01-02,Lloyds,41283719,,Northbridge Trading Ltd Current,BGC,BGC KINGSMEAD DISTRIBUTION INV79501,,3555.6,-0.0,3555.6,558336.12,Kingsmead Distribution,KINGSMEAD DISTRIBUTION,,,False,Lloyds_41283719_Oct24-Mar26.csv,1591
LLOYDS-Lloyds_41283719_Oct24-Mar26-1592,2026-01-02,Lloyds,41283719,,Northbridge Trading Ltd Current,BGC,BGC LARKHILL LTD INV66595,,3222.45,-0.0,3222.45,561558.57,Larkhill Ltd,LARKHILL LTD,,,False,Lloyds_41283719_Oct24-Mar26.csv,1592
LLOYDS-Lloyds_41283719_Oct24-Mar26-1593,2026-01-02,Lloyds,41283719,,Northbridge Trading Ltd Current,FPO,FPO REDGATE CLEANING LTD REF 7408,7408,0.0,2847.49,-2847.49,558711.08,Redgate Cleaning Ltd,REDGATE CLEANING LTD,,,False,Lloyds_41283719_Oct24-Mar26.csv,1593
LLOYDS-Lloyds_41283719_Oct24-Mar26-1594,2026-01-05,Lloyds,41283719,,Northbridge Trading Ltd Current,BGC,BGC ALDERTON RETAIL LTD INV18906,,460.11,-0.0,460.11,559171.19,Alderton Retail Ltd,ALDERTON RETAIL LTD,,,False,Lloyds_41283719_Oct24-Mar26.csv,1594
LLOYDS-Lloyds_41283719_Oct24-Mar26-1595,2026-01-05,Lloyds,41283719,,Northbridge Trading Ltd Current,BGC,BGC FAIRBANK WHOLESALE INV51060,,2883.4,-0.0,2883.4,562054.59,Fairbank Wholesale,FAIRBANK WHOLESALE,,,False,Lloyds_41283719_Oct24-Mar26.csv,1595
LLOYDS-Lloyds_41283719_Oct24-Mar26-1596,2026-01-05,Lloyds,41283719,,Northbridge Trading Ltd Current,BGC,BGC KINGSMEAD DISTRIBUTION INV98829,,3528.82,-0.0,3528.82,565583.41,Kingsmead Distribution,KINGSMEAD DISTRIBUTION,,,False,Lloyds_41283719_Oct24-Mar26.csv,1596
LLOYDS-Lloyds_41283719_Oct24-Mar26-1597,2026-01-05,Lloyds,41283719,,Northbridge Trading Ltd Current,FPO,FPO DELTA ASSET PARTNERS LLP ADVISORY,,0.0,12400.0,-12400.0,553183.41,Delta Asset Partners Llp,DELTA ASSET PARTNERS LLP,,,False,Lloyds_41283719_Oct24-Mar26.csv,1597
LLOYDS-Lloyds_41283719_Oct24-Mar26-1598,2026-01-05,Lloyds,41283719,,Northbridge Trading Ltd Current,FPO,FPO RIDLEY TOOLS LTD REF 2702,2702,0.0,4160.17,-4160.17,549023.24,Ridley Tools Ltd,RIDLEY TOOLS LTD,,,False,Lloyds_41283719_Oct24-Mar26.csv,1598
BARCLAYS-Barclays_90311276_export-109,2026-01-06,Barclays,90311276,20-45-18,Northbridge Trading Ltd,,CARD PAYMENT SCREWFIX,,0.0,192.94,-192.94,47886.96,Screwfix,SCREWFIX,,,False,Barclays_90311276_export.csv,109
LLOYDS-Lloyds_41283719_Oct24-Mar26-1599,2026-01-06,Lloyds,41283719,,Northbridge Trading Ltd Current,BGC,BGC CASTLEFORD STORES INV17455,,4625.06,-0.0,4625.06,553648.3,Castleford Stores,CASTLEFORD STORES,,,False,Lloyds_41283719_Oct24-Mar26.csv,1599
LLOYDS-Lloyds_41283719_Oct24-Mar26-1600,2026-01-06,Lloyds,41283719,,Northbridge Trading Ltd Current,BGC,BGC GLENMORE TRADING INV14461,,510.27,-0.0,510.27,554158.57,Glenmore Trading,GLENMORE TRADING,,,False,Lloyds_41283719_Oct24-Mar26.csv,1600
LLOYDS-Lloyds_41283719_Oct24-Mar26-1601,2026-01-06,Lloyds,41283719,,Northbridge Trading Ltd Current,FPO,FPO WEXFORD CATERING LTD REF 2995,2995,0.0,4292.24,-4292.24,549866.33,Wexford Catering Ltd,WEXFORD CATERING LTD,,,False,Lloyds_41283719_Oct24-Mar26.csv,1601
LLOYDS-Lloyds_41283719_Oct24-Mar26-1602,2026-01-07,Lloyds,41283719,,Northbridge Trading Ltd Current,BGC,BGC CASTLEFORD STORES INV93726,,2429.13,-0.0,2429.13,552295.46,Castleford Stores,CASTLEFORD STORES,,,False,Lloyds_41283719_Oct24-Mar26.csv,1602
LLOYDS-Lloyds_41283719_Oct24-Mar26-1603,2026-01-07,Lloyds,41283719,,Northbridge Trading Ltd Current,BGC,BGC FAIRBANK WHOLESALE INV43205,,1718.64,-0.0,1718.64,554014.1,Fairbank Wholesale,FAIRBANK WHOLESALE,,,False,Lloyds_41283719_Oct24-Mar26.csv,1603
LLOYDS-Lloyds_41283719_Oct24-Mar26-1604,2026-01-07,Lloyds,41283719,,Northbridge Trading Ltd Current,BGC,BGC ISLEY & CO INV65965,,3496.95,-0.0,3496.95,557511.05,Isley & Co,ISLEY AND CO,,,False,Lloyds_41283719_Oct24-Mar26.csv,1604
LLOYDS-Lloyds_41283719_Oct24-Mar26-1605,2026-01-07,Lloyds,41283719,,Northbridge Trading Ltd Current,BGC,BGC SELBY HOME STORES INV34217,,4408.25,-0.0,4408.25,561919.3,Selby Home Stores,SELBY HOME STORES,,,False,Lloyds_41283719_Oct24-Mar26.csv,1605
LLOYDS-Lloyds_41283719_Oct24-Mar26-1606,2026-01-07,Lloyds,41283719,,Northbridge Trading Ltd Current,FPO,FPO HMRC VAT,,0.0,18960.94,-18960.94,542958.36,HMRC,HMRC,,,False,Lloyds_41283719_Oct24-Mar26.csv,1606
LLOYDS-Lloyds_41283719_Oct24-Mar26-1607,2026-01-07,Lloyds,41283719,,Northbridge Trading Ltd Current,FPO,FPO REDGATE CLEANING LTD REF 2022,2022,0.0,2389.37,-2389.37,540568.99,Redgate Cleaning Ltd,REDGATE CLEANING LTD,,,False,Lloyds_41283719_Oct24-Mar26.csv,1607
LLOYDS-Lloyds_41283719_Oct24-Mar26-1608,2026-01-07,Lloyds,41283719,,Northbridge Trading Ltd Current,FPO,FPO REDGATE CLEANING LTD REF 3653,3653,0.0,4717.28,-4717.28,535851.71,Redgate Cleaning Ltd,REDGATE CLEANING LTD,,,False,Lloyds_41283719_Oct24-Mar26.csv,1608
BARCLAYS-Barclays_90311276_export-110,2026-01-08,Barclays,90311276,20-45-18,Northbridge Trading Ltd,,CARD PAYMENT MICROSOFT,,0.0,349.08,-349.08,47537.88,Microsoft,MICROSOFT,,,False,Barclays_90311276_export.csv,110
LLOYDS-Lloyds_41283719_Oct24-Mar26-1609,2026-01-08,Lloyds,41283719,,Northbridge Trading Ltd Current,BGC,BGC FAIRBANK WHOLESALE INV67747,,707.55,-0.0,707.55,536559.26,Fairbank Wholesale,FAIRBANK WHOLESALE,,,False,Lloyds_41283719_Oct24-Mar26.csv,1609
LLOYDS-Lloyds_41283719_Oct24-Mar26-1610,2026-01-08,Lloyds,41283719,,Northbridge Trading Ltd Current,BGC,BGC GLENMORE TRADING INV89993,,2144.65,-0.0,2144.65,538703.91,Glenmore Trading,GLENMORE TRADING,,,False,Lloyds_41283719_Oct24-Mar26.csv,1610
LLOYDS-Lloyds_41283719_Oct24-Mar26-1611,2026-01-08,Lloyds,41283719,,Northbridge Trading Ltd Current,FPO,FPO BRIGHTPATH PRINT LTD REF 3357,3357,0.0,3312.7,-3312.7,535391.21,Brightpath Print Ltd,BRIGHTPATH PRINT LTD,,,False,Lloyds_41283719_Oct24-Mar26.csv,1611
LLOYDS-Lloyds_41283719_Oct24-Mar26-1612,2026-01-08,Lloyds,41283719,,Northbridge Trading Ltd Current,FPO,FPO BRITISH GAS BUSINESS REF 4578,4578,0.0,3741.7,-3741.7,531649.51,British Gas Business,BRITISH GAS BUSINESS,,,False,Lloyds_41283719_Oct24-Mar26.csv,1612
LLOYDS-Lloyds_41283719_Oct24-Mar26-1613,2026-01-09,Lloyds,41283719,,Northbridge Trading Ltd Current,BGC,BGC CASTLEFORD STORES INV84887,,3612.42,-0.0,3612.42,535261.93,Castleford Stores,CASTLEFORD STORES,,,False,Lloyds_41283719_Oct24-Mar26.csv,1613
LLOYDS-Lloyds_41283719_Oct24-Mar26-1614,2026-01-09,Lloyds,41283719,,Northbridge Trading Ltd Current,FPO,FPO ELLERY LEGAL LLP REF 1014,1014,0.0,5607.43,-5607.43,529654.5,Ellery Legal Llp,ELLERY LEGAL LLP,,,False,Lloyds_41283719_Oct24-Mar26.csv,1614
LLOYDS-Lloyds_41283719_Oct24-Mar26-1615,2026-01-09,Lloyds,41283719,,Northbridge Trading Ltd Current,FPO,FPO MERIDIAN PACKAGING LTD REF 9154,9154,0.0,1020.8,-1020.8,528633.7,Meridian Packaging Ltd,MERIDIAN PACKAGING LTD,,,False,Lloyds_41283719_Oct24-Mar26.csv,1615
NATWEST-NatWest_77120931_statement-247,2026-01-09,NatWest,77120931,,Northbridge Trading Ltd,FPO,FPO JANE SMITH REPAYMENT,,0.0,15000.0,-15000.0,104656.66,Jane Smith,JANE SMITH,,,False,NatWest_77120931_statement.xlsx,247
LLOYDS-Lloyds_41283719_Oct24-Mar26-1616,2026-01-12,Lloyds,41283719,,Northbridge Trading Ltd Current,BGC,BGC ALDERTON RETAIL LTD INV77552,,3462.09,-0.0,3462.09,532095.79,Alderton Retail Ltd,ALDERTON RETAIL LTD,,,False,Lloyds_41283719_Oct24-Mar26.csv,1616
LLOYDS-Lloyds_41283719_Oct24-Mar26-1617,2026-01-12,Lloyds,41283719,,Northbridge Trading Ltd Current,BGC,BGC CASTLEFORD STORES INV80795,,1370.29,-0.0,1370.29,533466.08,Castleford Stores,CASTLEFORD STORES,,,False,Lloyds_41283719_Oct24-Mar26.csv,1617
LLOYDS-Lloyds_41283719_Oct24-Mar26-1618,2026-01-12,Lloyds,41283719,,Northbridge Trading Ltd Current,BGC,BGC PEMBROKE LIVING INV72670,,2283.03,-0.0,2283.03,535749.11,Pembroke Living,PEMBROKE LIVING,,,False,Lloyds_41283719_Oct24-Mar26.csv,1618
LLOYDS-Lloyds_41283719_Oct24-Mar26-1619,2026-01-12,Lloyds,41283719,,Northbridge Trading Ltd Current,DD,DD BRITISH GAS BUSINESS,,0.0,665.4,-665.4,535083.71,British Gas Business,BRITISH GAS BUSINESS,,,False,Lloyds_41283719_Oct24-Mar26.csv,1619
LLOYDS-Lloyds_41283719_Oct24-Mar26-1620,2026-01-12,Lloyds,41283719,,Northbridge Trading Ltd Current,DD,DD BT BUSINESS,,0.0,341.23,-341.23,534742.48,Bt Business,BT BUSINESS,,,False,Lloyds_41283719_Oct24-Mar26.csv,1620
LLOYDS-Lloyds_41283719_Oct24-Mar26-1621,2026-01-12,Lloyds,41283719,,Northbridge Trading Ltd Current,DD,DD LUMEN ENERGY LTD,,0.0,1131.63,-1131.63,533610.85,Lumen Energy Ltd,LUMEN ENERGY LTD,,,False,Lloyds_41283719_Oct24-Mar26.csv,1621
LLOYDS-Lloyds_41283719_Oct24-Mar26-1622,2026-01-12,Lloyds,41283719,,Northbridge Trading Ltd Current,DD,DD THAMES WATER,,0.0,244.59,-244.59,533366.26,Thames Water,THAMES WATER,,,False,Lloyds_41283719_Oct24-Mar26.csv,1622
LLOYDS-Lloyds_41283719_Oct24-Mar26-1623,2026-01-12,Lloyds,41283719,,Northbridge Trading Ltd Current,FPO,FPO LUMEN ENERGY LTD REF 6463,6463,0.0,4138.74,-4138.74,529227.52,Lumen Energy Ltd,LUMEN ENERGY LTD,,,False,Lloyds_41283719_Oct24-Mar26.csv,1623
LLOYDS-Lloyds_41283719_Oct24-Mar26-1624,2026-01-12,Lloyds,41283719,,Northbridge Trading Ltd Current,FPO,FPO VODAFONE BUSINESS REF 2985,2985,0.0,3468.38,-3468.38,525759.14,Vodafone Business,VODAFONE BUSINESS,,,False,Lloyds_41283719_Oct24-Mar26.csv,1624
LLOYDS-Lloyds_41283719_Oct24-Mar26-1625,2026-01-13,Lloyds,41283719,,Northbridge Trading Ltd Current,BGC,BGC ORWELL FURNISHINGS LTD INV48005,,3183.21,-0.0,3183.21,528942.35,Orwell Furnishings Ltd,ORWELL FURNISHINGS LTD,,,False,Lloyds_41283719_Oct24-Mar26.csv,1625
LLOYDS-Lloyds_41283719_Oct24-Mar26-1626,2026-01-13,Lloyds,41283719,,Northbridge Trading Ltd Current,FPO,FPO SABLE MARKETING LTD REF 1644,1644,0.0,5809.95,-5809.95,523132.4,Sable Marketing Ltd,SABLE MARKETING LTD,,,False,Lloyds_41283719_Oct24-Mar26.csv,1626
BARCLAYS-Barclays_90311276_export-111,2026-01-14,Barclays,90311276,20-45-18,Northbridge Trading Ltd,,CARD PAYMENT ROYAL MAIL,,0.0,249.85,-249.85,47288.03,Royal Mail,ROYAL MAIL,,,False,Barclays_90311276_export.csv,111
LLOYDS-Lloyds_41283719_Oct24-Mar26-1627,2026-01-14,Lloyds,41283719,,Northbridge Trading Ltd Current,BGC,BGC DENBY GARDEN CENTRES INV92656,,3340.13,-0.0,3340.13,526472.53,Denby Garden Centres,DENBY GARDEN CENTRES,,,False,Lloyds_41283719_Oct24-Mar26.csv,1627
LLOYDS-Lloyds_41283719_Oct24-Mar26-1628,2026-01-14,Lloyds,41283719,,Northbridge Trading Ltd Current,BGC,BGC ORWELL FURNISHINGS LTD INV34833,,985.36,-0.0,985.36,527457.89,Orwell Furnishings Ltd,ORWELL FURNISHINGS LTD,,,False,Lloyds_41283719_Oct24-Mar26.csv,1628
LLOYDS-Lloyds_41283719_Oct24-Mar26-1629,2026-01-14,Lloyds,41283719,,Northbridge Trading Ltd Current,BGC,BGC PEMBROKE LIVING INV21123,,4182.57,-0.0,4182.57,531640.46,Pembroke Living,PEMBROKE LIVING,,,False,Lloyds_41283719_Oct24-Mar26.csv,1629
LLOYDS-Lloyds_41283719_Oct24-Mar26-1630,2026-01-14,Lloyds,41283719,,Northbridge Trading Ltd Current,FPO,FPO MERIDIAN PACKAGING LTD REF 4907,4907,0.0,3012.01,-3012.01,528628.45,Meridian Packaging Ltd,MERIDIAN PACKAGING LTD,,,False,Lloyds_41283719_Oct24-Mar26.csv,1630
BARCLAYS-Barclays_90311276_export-112,2026-01-15,Barclays,90311276,20-45-18,Northbridge Trading Ltd,,CARD PAYMENT SCREWFIX,,0.0,244.89,-244.89,47043.14,Screwfix,SCREWFIX,,,False,Barclays_90311276_export.csv,112
BARCLAYS-Barclays_90311276_export-113,2026-01-15,Barclays,90311276,20-45-18,Northbridge Trading Ltd,,CASH WDL 15JAN,,0.0,300.0,-300.0,46743.14,CASH,CASH,,,False,Barclays_90311276_export.csv,113
BARCLAYS-Barclays_90311276_export-114,2026-01-15,Barclays,90311276,20-45-18,Northbridge Trading Ltd,,TFR FROM 30-96-26 41283719,,4000.0,0.0,4000.0,50743.14,Northbridge Trading Ltd,NORTHBRIDGE TRADING LTD,30-96-26,41283719,True,Barclays_90311276_export.csv,114
LLOYDS-Lloyds_41283719_Oct24-Mar26-1631,2026-01-15,Lloyds,41283719,,Northbridge Trading Ltd Current,BGC,BGC ALDERTON RETAIL LTD INV14855,,1829.38,-0.0,1829.38,530457.83,Alderton Retail Ltd,ALDERTON RETAIL LTD,,,False,Lloyds_41283719_Oct24-Mar26.csv,1631
LLOYDS-Lloyds_41283719_Oct24-Mar26-1632,2026-01-15,Lloyds,41283719,,Northbridge Trading Ltd Current,BGC,BGC GLENMORE TRADING INV95701,,3228.1,-0.0,3228.1,533685.93,Glenmore Trading,GLENMORE TRADING,,,False,Lloyds_41283719_Oct24-Mar26.csv,1632
LLOYDS-Lloyds_41283719_Oct24-Mar26-1633,2026-01-15,Lloyds,41283719,,Northbridge Trading Ltd Current,BGC,BGC KINGSMEAD DISTRIBUTION INV15611,,2111.75,-0.0,2111.75,535797.68,Kingsmead Distribution,KINGSMEAD DISTRIBUTION,,,False,Lloyds_41283719_Oct24-Mar26.csv,1633
LLOYDS-Lloyds_41283719_Oct24-Mar26-1634,2026-01-15,Lloyds,41283719,,Northbridge Trading Ltd Current,FPO,FPO BRAMBLE ACCOUNTANTS REF 9791,9791,0.0,1021.38,-1021.38,534776.3,Bramble Accountants,BRAMBLE ACCOUNTANTS,,,False,Lloyds_41283719_Oct24-Mar26.csv,1634
LLOYDS-Lloyds_41283719_Oct24-Mar26-1635,2026-01-15,Lloyds,41283719,,Northbridge Trading Ltd Current,FPO,FPO CARROW SECURITY LTD REF 4817,4817,0.0,5560.17,-5560.17,529216.13,Carrow Security Ltd,CARROW SECURITY LTD,,,False,Lloyds_41283719_Oct24-Mar26.csv,1635
LLOYDS-Lloyds_41283719_Oct24-Mar26-1636,2026-01-15,Lloyds,41283719,,Northbridge Trading Ltd Current,TFR,TFR TO 20-45-18 90311276,,0.0,4000.0,-4000.0,525216.13,Northbridge Trading Ltd,NORTHBRIDGE TRADING LTD,20-45-18,90311276,True,Lloyds_41283719_Oct24-Mar26.csv,1636
LLOYDS-Lloyds_41283719_Oct24-Mar26-1637,2026-01-16,Lloyds,41283719,,Northbridge Trading Ltd Current,BGC,BGC HEXHAM SUPPLIES LTD INV95037,,933.55,-0.0,933.55,526149.68,Hexham Supplies Ltd,HEXHAM SUPPLIES LTD,,,False,Lloyds_41283719_Oct24-Mar26.csv,1637
LLOYDS-Lloyds_41283719_Oct24-Mar26-1638,2026-01-16,Lloyds,41283719,,Northbridge Trading Ltd Current,FPO,FPO ELLERY LEGAL LLP REF 1818,1818,0.0,5442.27,-5442.27,520707.41,Ellery Legal Llp,ELLERY LEGAL LLP,,,False,Lloyds_41283719_Oct24-Mar26.csv,1638
LLOYDS-Lloyds_41283719_Oct24-Mar26-1639,2026-01-19,Lloyds,41283719,,Northbridge Trading Ltd Current,BGC,BGC DENBY GARDEN CENTRES INV24965,,2441.45,-0.0,2441.45,523148.86,Denby Garden Centres,DENBY GARDEN CENTRES,,,False,Lloyds_41283719_Oct24-Mar26.csv,1639
LLOYDS-Lloyds_41283719_Oct24-Mar26-1640,2026-01-19,Lloyds,41283719,,Northbridge Trading Ltd Current,FPO,FPO BRAMBLE ACCOUNTANTS REF 7586,7586,0.0,2046.77,-2046.77,521102.09,Bramble Accountants,BRAMBLE ACCOUNTANTS,,,False,Lloyds_41283719_Oct24-Mar26.csv,1640
LLOYDS-Lloyds_41283719_Oct24-Mar26-1641,2026-01-19,Lloyds,41283719,,Northbridge Trading Ltd Current,FPO,FPO BRITISH GAS BUSINESS REF 6527,6527,0.0,4897.4,-4897.4,516204.69,British Gas Business,BRITISH GAS BUSINESS,,,False,Lloyds_41283719_Oct24-Mar26.csv,1641
LLOYDS-Lloyds_41283719_Oct24-Mar26-1642,2026-01-19,Lloyds,41283719,,Northbridge Trading Ltd Current,FPO,FPO HALCYON IT SERVICES REF 2033,2033,0.0,4856.05,-4856.05,511348.64,Halcyon It Services,HALCYON IT SERVICES,,,False,Lloyds_41283719_Oct24-Mar26.csv,1642
LLOYDS-Lloyds_41283719_Oct24-Mar26-1643,2026-01-19,Lloyds,41283719,,Northbridge Trading Ltd Current,FPO,FPO SABLE MARKETING LTD,,0.0,21300.0,-21300.0,490048.64,Sable Marketing Ltd,SABLE MARKETING LTD,,,False,Lloyds_41283719_Oct24-Mar26.csv,1643
BARCLAYS-Barclays_90311276_export-115,2026-01-20,Barclays,90311276,20-45-18,Northbridge Trading Ltd,,CARD PAYMENT DHL EXPRESS,,0.0,274.57,-274.57,50468.57,Dhl Express,DHL EXPRESS,,,False,Barclays_90311276_export.csv,115
LLOYDS-Lloyds_41283719_Oct24-Mar26-1644,2026-01-20,Lloyds,41283719,,Northbridge Trading Ltd Current,BGC,BGC KINGSMEAD DISTRIBUTION INV37948,,3530.32,-0.0,3530.32,493578.96,Kingsmead Distribution,KINGSMEAD DISTRIBUTION,,,False,Lloyds_41283719_Oct24-Mar26.csv,1644
LLOYDS-Lloyds_41283719_Oct24-Mar26-1645,2026-01-20,Lloyds,41283719,,Northbridge Trading Ltd Current,BGC,BGC SELBY HOME STORES INV32734,,1757.97,-0.0,1757.97,495336.93,Selby Home Stores,SELBY HOME STORES,,,False,Lloyds_41283719_Oct24-Mar26.csv,1645
LLOYDS-Lloyds_41283719_Oct24-Mar26-1646,2026-01-20,Lloyds,41283719,,Northbridge Trading Ltd Current,FPO,FPO REDGATE CLEANING LTD REF 3314,3314,0.0,4581.67,-4581.67,490755.26,Redgate Cleaning Ltd,REDGATE CLEANING LTD,,,False,Lloyds_41283719_Oct24-Mar26.csv,1646
LLOYDS-Lloyds_41283719_Oct24-Mar26-1647,2026-01-20,Lloyds,41283719,,Northbridge Trading Ltd Current,TFR,TFR TO 60-12-44 77120931,,0.0,56000.0,-56000.0,434755.26,Northbridge Trading Ltd,NORTHBRIDGE TRADING LTD,60-12-44,77120931,True,Lloyds_41283719_Oct24-Mar26.csv,1647
NATWEST-NatWest_77120931_statement-248,2026-01-20,NatWest,77120931,,Northbridge Trading Ltd,TFR,TFR FROM 30-96-26 41283719,,56000.0,0.0,56000.0,160656.66,Northbridge Trading Ltd,NORTHBRIDGE TRADING LTD,30-96-26,41283719,True,NatWest_77120931_statement.xlsx,248
LLOYDS-Lloyds_41283719_Oct24-Mar26-1648,2026-01-21,Lloyds,41283719,,Northbridge Trading Ltd Current,BGC,BGC ALDERTON RETAIL LTD INV73827,,700.28,-0.0,700.28,435455.54,Alderton Retail Ltd,ALDERTON RETAIL LTD,,,False,Lloyds_41283719_Oct24-Mar26.csv,1648
LLOYDS-Lloyds_41283719_Oct24-Mar26-1649,2026-01-21,Lloyds,41283719,,Northbridge Trading Ltd Current,BGC,BGC BEXLEY HOMEWARE PLC INV27481,,779.33,-0.0,779.33,436234.87,Bexley Homeware Plc,BEXLEY HOMEWARE PLC,,,False,Lloyds_41283719_Oct24-Mar26.csv,1649
LLOYDS-Lloyds_41283719_Oct24-Mar26-1650,2026-01-21,Lloyds,41283719,,Northbridge Trading Ltd Current,BGC,BGC TAMAR TRADERS INV59300,,3563.3,-0.0,3563.3,439798.17,Tamar Traders,TAMAR TRADERS,,,False,Lloyds_41283719_Oct24-Mar26.csv,1650
LLOYDS-Lloyds_41283719_Oct24-Mar26-1651,2026-01-21,Lloyds,41283719,,Northbridge Trading Ltd Current,FPO,FPO PENNANT FREIGHT LTD REF 2460,2460,0.0,4284.44,-4284.44,435513.73,Pennant Freight Ltd,PENNANT FREIGHT LTD,,,False,Lloyds_41283719_Oct24-Mar26.csv,1651
LLOYDS-Lloyds_41283719_Oct24-Mar26-1652,2026-01-22,Lloyds,41283719,,Northbridge Trading Ltd Current,BGC,BGC BEXLEY HOMEWARE PLC INV88154,,1101.1,-0.0,1101.1,436614.83,Bexley Homeware Plc,BEXLEY HOMEWARE PLC,,,False,Lloyds_41283719_Oct24-Mar26.csv,1652
LLOYDS-Lloyds_41283719_Oct24-Mar26-1653,2026-01-22,Lloyds,41283719,,Northbridge Trading Ltd Current,BGC,BGC HEXHAM SUPPLIES LTD INV32878,,2858.55,-0.0,2858.55,439473.38,Hexham Supplies Ltd,HEXHAM SUPPLIES LTD,,,False,Lloyds_41283719_Oct24-Mar26.csv,1653
LLOYDS-Lloyds_41283719_Oct24-Mar26-1654,2026-01-22,Lloyds,41283719,,Northbridge Trading Ltd Current,BGC,BGC ISLEY & CO INV78562,,2204.94,-0.0,2204.94,441678.32,Isley & Co,ISLEY AND CO,,,False,Lloyds_41283719_Oct24-Mar26.csv,1654
LLOYDS-Lloyds_41283719_Oct24-Mar26-1655,2026-01-22,Lloyds,41283719,,Northbridge Trading Ltd Current,BGC,BGC PEMBROKE LIVING INV26632,,1207.88,-0.0,1207.88,442886.2,Pembroke Living,PEMBROKE LIVING,,,False,Lloyds_41283719_Oct24-Mar26.csv,1655
LLOYDS-Lloyds_41283719_Oct24-Mar26-1656,2026-01-22,Lloyds,41283719,,Northbridge Trading Ltd Current,FPO,FPO STONEBRIDGE INSURANCE BROKERS REF 6699,6699,0.0,2599.9,-2599.9,440286.3,Stonebridge Insurance Brokers,STONEBRIDGE INSURANCE BROKERS,,,False,Lloyds_41283719_Oct24-Mar26.csv,1656
LLOYDS-Lloyds_41283719_Oct24-Mar26-1657,2026-01-22,Lloyds,41283719,,Northbridge Trading Ltd Current,FPO,FPO VANTAGE PROPERTY SERVICES LTD,,0.0,30000.0,-30000.0,410286.3,Vantage Property Services Ltd,VANTAGE PROPERTY SERVICES LTD,,,False,Lloyds_41283719_Oct24-Mar26.csv,1657
LLOYDS-Lloyds_41283719_Oct24-Mar26-1658,2026-01-22,Lloyds,41283719,,Northbridge Trading Ltd Current,FPO,FPO WEXFORD CATERING LTD REF 2442,2442,0.0,3819.07,-3819.07,406467.23,Wexford Catering Ltd,WEXFORD CATERING LTD,,,False,Lloyds_41283719_Oct24-Mar26.csv,1658
NATWEST-NatWest_77120931_statement-249,2026-01-22,NatWest,77120931,,Northbridge Trading Ltd,FPO,FPO HMRC PAYE 0126,,0.0,9863.56,-9863.56,150793.1,HMRC,HMRC,,,False,NatWest_77120931_statement.xlsx,249
LLOYDS-Lloyds_41283719_Oct24-Mar26-1659,2026-01-23,Lloyds,41283719,,Northbridge Trading Ltd Current,BGC,BGC TAMAR TRADERS INV57435,,3863.24,-0.0,3863.24,410330.47,Tamar Traders,TAMAR TRADERS,,,False,Lloyds_41283719_Oct24-Mar26.csv,1659
LLOYDS-Lloyds_41283719_Oct24-Mar26-1660,2026-01-23,Lloyds,41283719,,Northbridge Trading Ltd Current,FPO,FPO ELLERY LEGAL LLP REF 4409,4409,0.0,1767.1,-1767.1,408563.37,Ellery Legal Llp,ELLERY LEGAL LLP,,,False,Lloyds_41283719_Oct24-Mar26.csv,1660
LLOYDS-Lloyds_41283719_Oct24-Mar26-1661,2026-01-23,Lloyds,41283719,,Northbridge Trading Ltd Current,FPO,FPO FENWICK COMPONENTS LTD REF 2846,2846,0.0,4810.19,-4810.19,403753.18,Fenwick Components Ltd,FENWICK COMPONENTS LTD,,,False,Lloyds_41283719_Oct24-Mar26.csv,1661
LLOYDS-Lloyds_41283719_Oct24-Mar26-1662,2026-01-23,Lloyds,41283719,,Northbridge Trading Ltd Current,FPO,FPO RIDLEY TOOLS LTD REF 4592,4592,0.0,2865.66,-2865.66,400887.52,Ridley Tools Ltd,RIDLEY TOOLS LTD,,,False,Lloyds_41283719_Oct24-Mar26.csv,1662
LLOYDS-Lloyds_41283719_Oct24-Mar26-1663,2026-01-26,Lloyds,41283719,,Northbridge Trading Ltd Current,BGC,BGC PEMBROKE LIVING INV77489,,818.71,-0.0,818.71,401706.23,Pembroke Living,PEMBROKE LIVING,,,False,Lloyds_41283719_Oct24-Mar26.csv,1663
LLOYDS-Lloyds_41283719_Oct24-Mar26-1664,2026-01-26,Lloyds,41283719,,Northbridge Trading Ltd Current,FPO,FPO BT BUSINESS REF 6340,6340,0.0,2601.54,-2601.54,399104.69,Bt Business,BT BUSINESS,,,False,Lloyds_41283719_Oct24-Mar26.csv,1664
NATWEST-NatWest_77120931_statement-250,2026-01-26,NatWest,77120931,,Northbridge Trading Ltd,FPO,FPO A PATEL SALARY JAN26,,0.0,2199.75,-2199.75,148593.35,A Patel,A PATEL,,,False,NatWest_77120931_statement.xlsx,250
NATWEST-NatWest_77120931_statement-251,2026-01-26,NatWest,77120931,,Northbridge Trading Ltd,FPO,FPO C WALSH SALARY JAN26,,0.0,3268.76,-3268.76,145324.59,C Walsh,C WALSH,,,False,NatWest_77120931_statement.xlsx,251
NATWEST-NatWest_77120931_statement-252,2026-01-26,NatWest,77120931,,Northbridge Trading Ltd,FPO,FPO D O'BRIEN SALARY JAN26,,0.0,3189.29,-3189.29,142135.3,D O'Brien,D O'BRIEN,,,False,NatWest_77120931_statement.xlsx,252
NATWEST-NatWest_77120931_statement-253,2026-01-26,NatWest,77120931,,Northbridge Trading Ltd,FPO,FPO E MORGAN SALARY JAN26,,0.0,2638.94,-2638.94,139496.36,E Morgan,E MORGAN,,,False,NatWest_77120931_statement.xlsx,253
NATWEST-NatWest_77120931_statement-254,2026-01-26,NatWest,77120931,,Northbridge Trading Ltd,FPO,FPO H SCHMIDT SALARY JAN26,,0.0,1973.64,-1973.64,137522.72,H Schmidt,H SCHMIDT,,,False,NatWest_77120931_statement.xlsx,254
NATWEST-NatWest_77120931_statement-255,2026-01-26,NatWest,77120931,,Northbridge Trading Ltd,FPO,FPO J SMITH SALARY JAN26,,0.0,4200.0,-4200.0,133322.72,J Smith,J SMITH,,,False,NatWest_77120931_statement.xlsx,255
NATWEST-NatWest_77120931_statement-256,2026-01-26,NatWest,77120931,,Northbridge Trading Ltd,FPO,FPO J TAYLOR SALARY JAN26,,0.0,3472.26,-3472.26,129850.46,J Taylor,J TAYLOR,,,False,NatWest_77120931_statement.xlsx,256
NATWEST-NatWest_77120931_statement-257,2026-01-26,NatWest,77120931,,Northbridge Trading Ltd,FPO,FPO L KOWALSKI SALARY JAN26,,0.0,1973.3,-1973.3,127877.16,L Kowalski,L KOWALSKI,,,False,NatWest_77120931_statement.xlsx,257
NATWEST-NatWest_77120931_statement-258,2026-01-26,NatWest,77120931,,Northbridge Trading Ltd,FPO,FPO M HUGHES SALARY JAN26,,0.0,2996.26,-2996.26,124880.9,M Hughes,M HUGHES,,,False,NatWest_77120931_statement.xlsx,258
NATWEST-NatWest_77120931_statement-259,2026-01-26,NatWest,77120931,,Northbridge Trading Ltd,FPO,FPO P SINGH SALARY JAN26,,0.0,3158.71,-3158.71,121722.19,P Singh,P SINGH,,,False,NatWest_77120931_statement.xlsx,259
NATWEST-NatWest_77120931_statement-260,2026-01-26,NatWest,77120931,,Northbridge Trading Ltd,FPO,FPO R DAVIES SALARY JAN26,,0.0,2384.61,-2384.61,119337.58,R Davies,R DAVIES,,,False,NatWest_77120931_statement.xlsx,260
NATWEST-NatWest_77120931_statement-261,2026-01-26,NatWest,77120931,,Northbridge Trading Ltd,FPO,FPO S OKAFOR SALARY JAN26,,0.0,3039.24,-3039.24,116298.34,S Okafor,S OKAFOR,,,False,NatWest_77120931_statement.xlsx,261
NATWEST-NatWest_77120931_statement-262,2026-01-26,NatWest,77120931,,Northbridge Trading Ltd,FPO,FPO T NGUYEN SALARY JAN26,,0.0,2468.3,-2468.3,113830.04,T Nguyen,T NGUYEN,,,False,NatWest_77120931_statement.xlsx,262
BARCLAYS-Barclays_90311276_export-116,2026-01-27,Barclays,90311276,20-45-18,Northbridge Trading Ltd,,CARD PAYMENT MICROSOFT,,0.0,101.91,-101.91,50366.66,Microsoft,MICROSOFT,,,False,Barclays_90311276_export.csv,116
LLOYDS-Lloyds_41283719_Oct24-Mar26-1665,2026-01-27,Lloyds,41283719,,Northbridge Trading Ltd Current,BGC,BGC DENBY GARDEN CENTRES INV52746,,1254.86,-0.0,1254.86,400359.55,Denby Garden Centres,DENBY GARDEN CENTRES,,,False,Lloyds_41283719_Oct24-Mar26.csv,1665
LLOYDS-Lloyds_41283719_Oct24-Mar26-1666,2026-01-27,Lloyds,41283719,,Northbridge Trading Ltd Current,BGC,BGC HEXHAM SUPPLIES LTD INV64079,,3792.46,-0.0,3792.46,404152.01,Hexham Supplies Ltd,HEXHAM SUPPLIES LTD,,,False,Lloyds_41283719_Oct24-Mar26.csv,1666
LLOYDS-Lloyds_41283719_Oct24-Mar26-1667,2026-01-27,Lloyds,41283719,,Northbridge Trading Ltd Current,FPO,FPO HALCYON IT SERVICES REF 2204,2204,0.0,2905.29,-2905.29,401246.72,Halcyon It Services,HALCYON IT SERVICES,,,False,Lloyds_41283719_Oct24-Mar26.csv,1667
LLOYDS-Lloyds_41283719_Oct24-Mar26-1668,2026-01-27,Lloyds,41283719,,Northbridge Trading Ltd Current,FPO,FPO VODAFONE BUSINESS REF 1890,1890,0.0,5359.36,-5359.36,395887.36,Vodafone Business,VODAFONE BUSINESS,,,False,Lloyds_41283719_Oct24-Mar26.csv,1668
BARCLAYS-Barclays_90311276_export-117,2026-01-28,Barclays,90311276,20-45-18,Northbridge Trading Ltd,,CARD PAYMENT DHL EXPRESS,,0.0,121.13,-121.13,50245.53,Dhl Express,DHL EXPRESS,,,False,Barclays_90311276_export.csv,117
LLOYDS-Lloyds_41283719_Oct24-Mar26-1669,2026-01-28,Lloyds,41283719,,Northbridge Trading Ltd Current,BGC,BGC BEXLEY HOMEWARE PLC INV84536,,586.53,-0.0,586.53,396473.89,Bexley Homeware Plc,BEXLEY HOMEWARE PLC,,,False,Lloyds_41283719_Oct24-Mar26.csv,1669
LLOYDS-Lloyds_41283719_Oct24-Mar26-1670,2026-01-28,Lloyds,41283719,,Northbridge Trading Ltd Current,BGC,BGC GLENMORE TRADING INV92840,,1760.16,-0.0,1760.16,398234.05,Glenmore Trading,GLENMORE TRADING,,,False,Lloyds_41283719_Oct24-Mar26.csv,1670
LLOYDS-Lloyds_41283719_Oct24-Mar26-1671,2026-01-28,Lloyds,41283719,,Northbridge Trading Ltd Current,BGC,BGC ISLEY & CO INV36504,,1671.04,-0.0,1671.04,399905.09,Isley & Co,ISLEY AND CO,,,False,Lloyds_41283719_Oct24-Mar26.csv,1671
LLOYDS-Lloyds_41283719_Oct24-Mar26-1672,2026-01-28,Lloyds,41283719,,Northbridge Trading Ltd Current,DEB,ACCOUNT FEE,,0.0,42.38,-42.38,399862.71,Lloyds,LLOYDS,,,False,Lloyds_41283719_Oct24-Mar26.csv,1672
LLOYDS-Lloyds_41283719_Oct24-Mar26-1673,2026-01-28,Lloyds,41283719,,Northbridge Trading Ltd Current,FPO,FPO BRIGHTPATH PRINT LTD REF 8627,8627,0.0,2832.69,-2832.69,397030.02,Brightpath Print Ltd,BRIGHTPATH PRINT LTD,,,False,Lloyds_41283719_Oct24-Mar26.csv,1673
LLOYDS-Lloyds_41283719_Oct24-Mar26-1674,2026-01-28,Lloyds,41283719,,Northbridge Trading Ltd Current,FPO,FPO SMITH CONSULTING LTD FINAL SETTLEMENT,,0.0,62900.0,-62900.0,334130.02,Smith Consulting Ltd,SMITH CONSULTING LTD,,,False,Lloyds_41283719_Oct24-Mar26.csv,1674
NATWEST-NatWest_77120931_statement-263,2026-01-28,NatWest,77120931,,Northbridge Trading Ltd,DEB,ACCOUNT CHARGES,,0.0,23.14,-23.14,113806.9,NatWest,NATWEST,,,False,NatWest_77120931_statement.xlsx,263
LLOYDS-Lloyds_41283719_Oct24-Mar26-1675,2026-01-29,Lloyds,41283719,,Northbridge Trading Ltd Current,BGC,BGC FAIRBANK WHOLESALE INV85775,,4133.53,-0.0,4133.53,338263.55,Fairbank Wholesale,FAIRBANK WHOLESALE,,,False,Lloyds_41283719_Oct24-Mar26.csv,1675
LLOYDS-Lloyds_41283719_Oct24-Mar26-1676,2026-01-29,Lloyds,41283719,,Northbridge Trading Ltd Current,BGC,BGC HEXHAM SUPPLIES LTD INV21334,,1955.61,-0.0,1955.61,340219.16,Hexham Supplies Ltd,HEXHAM SUPPLIES LTD,,,False,Lloyds_41283719_Oct24-Mar26.csv,1676
LLOYDS-Lloyds_41283719_Oct24-Mar26-1677,2026-01-29,Lloyds,41283719,,Northbridge Trading Ltd Current,BGC,BGC QUAYSIDE RETAIL INV74122,,3712.58,-0.0,3712.58,343931.74,Quayside Retail,QUAYSIDE RETAIL,,,False,Lloyds_41283719_Oct24-Mar26.csv,1677
LLOYDS-Lloyds_41283719_Oct24-Mar26-1678,2026-01-29,Lloyds,41283719,,Northbridge Trading Ltd Current,FPO,FPO CARROW SECURITY LTD REF 8757,8757,0.0,5046.39,-5046.39,338885.35,Carrow Security Ltd,CARROW SECURITY LTD,,,False,Lloyds_41283719_Oct24-Mar26.csv,1678
LLOYDS-Lloyds_41283719_Oct24-Mar26-1679,2026-01-30,Lloyds,41283719,,Northbridge Trading Ltd Current,BGC,BGC ALDERTON RETAIL LTD INV64758,,4144.9,-0.0,4144.9,343030.25,Alderton Retail Ltd,ALDERTON RETAIL LTD,,,False,Lloyds_41283719_Oct24-Mar26.csv,1679
LLOYDS-Lloyds_41283719_Oct24-Mar26-1680,2026-01-30,Lloyds,41283719,,Northbridge Trading Ltd Current,BGC,BGC HEXHAM SUPPLIES LTD INV42483,,1615.61,-0.0,1615.61,344645.86,Hexham Supplies Ltd,HEXHAM SUPPLIES LTD,,,False,Lloyds_41283719_Oct24-Mar26.csv,1680
LLOYDS-Lloyds_41283719_Oct24-Mar26-1681,2026-01-30,Lloyds,41283719,,Northbridge Trading Ltd Current,BGC,BGC SELBY HOME STORES INV29525,,3887.55,-0.0,3887.55,348533.41,Selby Home Stores,SELBY HOME STORES,,,False,Lloyds_41283719_Oct24-Mar26.csv,1681
LLOYDS-Lloyds_41283719_Oct24-Mar26-1682,2026-01-30,Lloyds,41283719,,Northbridge Trading Ltd Current,BGC,BGC SELBY HOME STORES INV39151,,3802.59,-0.0,3802.59,352336.0,Selby Home Stores,SELBY HOME STORES,,,False,Lloyds_41283719_Oct24-Mar26.csv,1682
LLOYDS-Lloyds_41283719_Oct24-Mar26-1683,2026-01-30,Lloyds,41283719,,Northbridge Trading Ltd Current,FPO,FPO VODAFONE BUSINESS REF 9261,9261,0.0,346.68,-346.68,351989.32,Vodafone Business,VODAFONE BUSINESS,,,False,Lloyds_41283719_Oct24-Mar26.csv,1683
BARCLAYS-Barclays_90311276_export-118,2026-02-02,Barclays,90311276,20-45-18,Northbridge Trading Ltd,,CARD PAYMENT MICROSOFT,,0.0,414.64,-414.64,49830.89,Microsoft,MICROSOFT,,,False,Barclays_90311276_export.csv,118
LLOYDS-Lloyds_41283719_Oct24-Mar26-1684,2026-02-02,Lloyds,41283719,,Northbridge Trading Ltd Current,BGC,BGC ALDERTON RETAIL LTD INV63296,,3946.62,-0.0,3946.62,355935.94,Alderton Retail Ltd,ALDERTON RETAIL LTD,,,False,Lloyds_41283719_Oct24-Mar26.csv,1684
LLOYDS-Lloyds_41283719_Oct24-Mar26-1685,2026-02-02,Lloyds,41283719,,Northbridge Trading Ltd Current,BGC,BGC EVERLY INTERIORS LTD INV56976,,1463.49,-0.0,1463.49,357399.43,Everly Interiors Ltd,EVERLY INTERIORS LTD,,,False,Lloyds_41283719_Oct24-Mar26.csv,1685
LLOYDS-Lloyds_41283719_Oct24-Mar26-1686,2026-02-02,Lloyds,41283719,,Northbridge Trading Ltd Current,BGC,BGC PEMBROKE LIVING INV41524,,656.08,-0.0,656.08,358055.51,Pembroke Living,PEMBROKE LIVING,,,False,Lloyds_41283719_Oct24-Mar26.csv,1686
LLOYDS-Lloyds_41283719_Oct24-Mar26-1687,2026-02-02,Lloyds,41283719,,Northbridge Trading Ltd Current,DD,DD HARTWELL FINANCE PLC,,0.0,3180.4,-3180.4,354875.11,Hartwell Finance plc,HARTWELL FINANCE PLC,,,False,Lloyds_41283719_Oct24-Mar26.csv,1687
LLOYDS-Lloyds_41283719_Oct24-Mar26-1688,2026-02-02,Lloyds,41283719,,Northbridge Trading Ltd Current,FPO,FPO MERIDIAN PACKAGING LTD REF 8860,8860,0.0,4063.86,-4063.86,350811.25,Meridian Packaging Ltd,MERIDIAN PACKAGING LTD,,,False,Lloyds_41283719_Oct24-Mar26.csv,1688
LLOYDS-Lloyds_41283719_Oct24-Mar26-1689,2026-02-02,Lloyds,41283719,,Northbridge Trading Ltd Current,SO,SO ASHCOMBE ESTATES RENT,,0.0,6250.0,-6250.0,344561.25,Ashcombe Estates,ASHCOMBE ESTATES,,,False,Lloyds_41283719_Oct24-Mar26.csv,1689
LLOYDS-Lloyds_41283719_Oct24-Mar26-1690,2026-02-02,Lloyds,41283719,,Northbridge Trading Ltd Current,TFR,TFR TO 40-11-07 55820019,,0.0,20000.0,-20000.0,324561.25,Unknown account,UNKNOWN ACCOUNT,40-11-07,55820019,False,Lloyds_41283719_Oct24-Mar26.csv,1690
BARCLAYS-Barclays_90311276_export-119,2026-02-03,Barclays,90311276,20-45-18,Northbridge Trading Ltd,,CARD PAYMENT DHL EXPRESS,,0.0,264.22,-264.22,49566.67,Dhl Express,DHL EXPRESS,,,False,Barclays_90311276_export.csv,119
LLOYDS-Lloyds_41283719_Oct24-Mar26-1691,2026-02-03,Lloyds,41283719,,Northbridge Trading Ltd Current,BGC,BGC ORWELL FURNISHINGS LTD INV70786,,3248.15,-0.0,3248.15,327809.4,Orwell Furnishings Ltd,ORWELL FURNISHINGS LTD,,,False,Lloyds_41283719_Oct24-Mar26.csv,1691
LLOYDS-Lloyds_41283719_Oct24-Mar26-1692,2026-02-03,Lloyds,41283719,,Northbridge Trading Ltd Current,FPO,FPO ELLERY LEGAL LLP REF 1022,1022,0.0,5183.24,-5183.24,322626.16,Ellery Legal Llp,ELLERY LEGAL LLP,,,False,Lloyds_41283719_Oct24-Mar26.csv,1692
LLOYDS-Lloyds_41283719_Oct24-Mar26-1693,2026-02-03,Lloyds,41283719,,Northbridge Trading Ltd Current,FPO,FPO PENNANT FREIGHT LTD REF 7068,7068,0.0,3816.84,-3816.84,318809.32,Pennant Freight Ltd,PENNANT FREIGHT LTD,,,False,Lloyds_41283719_Oct24-Mar26.csv,1693
BARCLAYS-Barclays_90311276_export-120,2026-02-04,Barclays,90311276,20-45-18,Northbridge Trading Ltd,,CARD PAYMENT DHL EXPRESS,,0.0,234.06,-234.06,49332.61,Dhl Express,DHL EXPRESS,,,False,Barclays_90311276_export.csv,120
LLOYDS-Lloyds_41283719_Oct24-Mar26-1694,2026-02-04,Lloyds,41283719,,Northbridge Trading Ltd Current,BGC,BGC GLENMORE TRADING INV99740,,639.11,-0.0,639.11,319448.43,Glenmore Trading,GLENMORE TRADING,,,False,Lloyds_41283719_Oct24-Mar26.csv,1694
LLOYDS-Lloyds_41283719_Oct24-Mar26-1695,2026-02-04,Lloyds,41283719,,Northbridge Trading Ltd Current,BGC,BGC TAMAR TRADERS INV81098,,2489.66,-0.0,2489.66,321938.09,Tamar Traders,TAMAR TRADERS,,,False,Lloyds_41283719_Oct24-Mar26.csv,1695
LLOYDS-Lloyds_41283719_Oct24-Mar26-1696,2026-02-04,Lloyds,41283719,,Northbridge Trading Ltd Current,FPO,FPO BRAMBLE ACCOUNTANTS REF 6963,6963,0.0,5344.67,-5344.67,316593.42,Bramble Accountants,BRAMBLE ACCOUNTANTS,,,False,Lloyds_41283719_Oct24-Mar26.csv,1696
LLOYDS-Lloyds_41283719_Oct24-Mar26-1697,2026-02-04,Lloyds,41283719,,Northbridge Trading Ltd Current,FPO,FPO COASTLINE LOGISTICS LTD REF 9433,9433,0.0,5680.14,-5680.14,310913.28,Coastline Logistics Ltd,COASTLINE LOGISTICS LTD,,,False,Lloyds_41283719_Oct24-Mar26.csv,1697
BARCLAYS-Barclays_90311276_export-121,2026-02-05,Barclays,90311276,20-45-18,Northbridge Trading Ltd,,CARD PAYMENT MICROSOFT,,0.0,359.19,-359.19,48973.42,Microsoft,MICROSOFT,,,False,Barclays_90311276_export.csv,121
LLOYDS-Lloyds_41283719_Oct24-Mar26-1698,2026-02-05,Lloyds,41283719,,Northbridge Trading Ltd Current,BGC,BGC CASTLEFORD STORES INV83499,,2970.98,-0.0,2970.98,313884.26,Castleford Stores,CASTLEFORD STORES,,,False,Lloyds_41283719_Oct24-Mar26.csv,1698
LLOYDS-Lloyds_41283719_Oct24-Mar26-1699,2026-02-05,Lloyds,41283719,,Northbridge Trading Ltd Current,BGC,BGC FAIRBANK WHOLESALE INV94957,,2411.25,-0.0,2411.25,316295.51,Fairbank Wholesale,FAIRBANK WHOLESALE,,,False,Lloyds_41283719_Oct24-Mar26.csv,1699
LLOYDS-Lloyds_41283719_Oct24-Mar26-1700,2026-02-05,Lloyds,41283719,,Northbridge Trading Ltd Current,FPO,FPO NORTHBRIDGE HOLDINGS LTD INTERCO,,0.0,66000.0,-66000.0,250295.51,Northbridge Holdings Ltd,NORTHBRIDGE HOLDINGS LTD,,,False,Lloyds_41283719_Oct24-Mar26.csv,1700
LLOYDS-Lloyds_41283719_Oct24-Mar26-1701,2026-02-05,Lloyds,41283719,,Northbridge Trading Ltd Current,FPO,FPO OAKLINE OFFICE LTD REF 6487,6487,0.0,1546.0,-1546.0,248749.51,Oakline Office Ltd,OAKLINE OFFICE LTD,,,False,Lloyds_41283719_Oct24-Mar26.csv,1701
LLOYDS-Lloyds_41283719_Oct24-Mar26-1702,2026-02-06,Lloyds,41283719,,Northbridge Trading Ltd Current,BGC,BGC GLENMORE TRADING INV39548,,1514.49,-0.0,1514.49,250264.0,Glenmore Trading,GLENMORE TRADING,,,False,Lloyds_41283719_Oct24-Mar26.csv,1702
LLOYDS-Lloyds_41283719_Oct24-Mar26-1703,2026-02-06,Lloyds,41283719,,Northbridge Trading Ltd Current,BGC,BGC ISLEY & CO INV17138,,565.29,-0.0,565.29,250829.29,Isley & Co,ISLEY AND CO,,,False,Lloyds_41283719_Oct24-Mar26.csv,1703
LLOYDS-Lloyds_41283719_Oct24-Mar26-1704,2026-02-06,Lloyds,41283719,,Northbridge Trading Ltd Current,BGC,BGC ISLEY & CO INV76003,,2842.73,-0.0,2842.73,253672.02,Isley & Co,ISLEY AND CO,,,False,Lloyds_41283719_Oct24-Mar26.csv,1704
LLOYDS-Lloyds_41283719_Oct24-Mar26-1705,2026-02-06,Lloyds,41283719,,Northbridge Trading Ltd Current,BGC,BGC LARKHILL LTD INV69298,,2126.48,-0.0,2126.48,255798.5,Larkhill Ltd,LARKHILL LTD,,,False,Lloyds_41283719_Oct24-Mar26.csv,1705
LLOYDS-Lloyds_41283719_Oct24-Mar26-1706,2026-02-06,Lloyds,41283719,,Northbridge Trading Ltd Current,FPO,FPO BRAMBLE ACCOUNTANTS REF 9730,9730,0.0,5411.79,-5411.79,250386.71,Bramble Accountants,BRAMBLE ACCOUNTANTS,,,False,Lloyds_41283719_Oct24-Mar26.csv,1706
LLOYDS-Lloyds_41283719_Oct24-Mar26-1707,2026-02-06,Lloyds,41283719,,Northbridge Trading Ltd Current,FPO,FPO BRIGHTPATH PRINT LTD REF 8703,8703,0.0,4302.48,-4302.48,246084.23,Brightpath Print Ltd,BRIGHTPATH PRINT LTD,,,False,Lloyds_41283719_Oct24-Mar26.csv,1707
LLOYDS-Lloyds_41283719_Oct24-Mar26-1708,2026-02-06,Lloyds,41283719,,Northbridge Trading Ltd Current,FPO,FPO BT BUSINESS REF 7031,7031,0.0,4829.44,-4829.44,241254.79,Bt Business,BT BUSINESS,,,False,Lloyds_41283719_Oct24-Mar26.csv,1708
BARCLAYS-Barclays_90311276_export-122,2026-02-09,Barclays,90311276,20-45-18,Northbridge Trading Ltd,,CARD PAYMENT NORTHGATE VEHICLE HIRE,,0.0,154.86,-154.86,48818.56,Northgate Vehicle Hire,NORTHGATE VEHICLE HIRE,,,False,Barclays_90311276_export.csv,122
LLOYDS-Lloyds_41283719_Oct24-Mar26-1709,2026-02-09,Lloyds,41283719,,Northbridge Trading Ltd Current,BGC,BGC CASTLEFORD STORES INV20508,,1736.26,-0.0,1736.26,242991.05,Castleford Stores,CASTLEFORD STORES,,,False,Lloyds_41283719_Oct24-Mar26.csv,1709
LLOYDS-Lloyds_41283719_Oct24-Mar26-1710,2026-02-09,Lloyds,41283719,,Northbridge Trading Ltd Current,BGC,BGC CASTLEFORD STORES INV24334,,919.8,-0.0,919.8,243910.85,Castleford Stores,CASTLEFORD STORES,,,False,Lloyds_41283719_Oct24-Mar26.csv,1710
LLOYDS-Lloyds_41283719_Oct24-Mar26-1711,2026-02-09,Lloyds,41283719,,Northbridge Trading Ltd Current,BGC,BGC FAIRBANK WHOLESALE INV47797,,3787.47,-0.0,3787.47,247698.32,Fairbank Wholesale,FAIRBANK WHOLESALE,,,False,Lloyds_41283719_Oct24-Mar26.csv,1711
LLOYDS-Lloyds_41283719_Oct24-Mar26-1712,2026-02-09,Lloyds,41283719,,Northbridge Trading Ltd Current,FPO,FPO OAKLINE OFFICE LTD REF 9131,9131,0.0,1030.41,-1030.41,246667.91,Oakline Office Ltd,OAKLINE OFFICE LTD,,,False,Lloyds_41283719_Oct24-Mar26.csv,1712
BARCLAYS-Barclays_90311276_export-123,2026-02-10,Barclays,90311276,20-45-18,Northbridge Trading Ltd,,CASH WDL 10FEB,,0.0,1500.0,-1500.0,47318.56,CASH,CASH,,,False,Barclays_90311276_export.csv,123
LLOYDS-Lloyds_41283719_Oct24-Mar26-1713,2026-02-10,Lloyds,41283719,,Northbridge Trading Ltd Current,BGC,BGC EVERLY INTERIORS LTD INV72115,,1565.96,-0.0,1565.96,248233.87,Everly Interiors Ltd,EVERLY INTERIORS LTD,,,False,Lloyds_41283719_Oct24-Mar26.csv,1713
LLOYDS-Lloyds_41283719_Oct24-Mar26-1714,2026-02-10,Lloyds,41283719,,Northbridge Trading Ltd Current,BGC,BGC GLENMORE TRADING INV18250,,401.07,-0.0,401.07,248634.94,Glenmore Trading,GLENMORE TRADING,,,False,Lloyds_41283719_Oct24-Mar26.csv,1714
LLOYDS-Lloyds_41283719_Oct24-Mar26-1715,2026-02-10,Lloyds,41283719,,Northbridge Trading Ltd Current,BGC,BGC ORWELL FURNISHINGS LTD INV94500,,399.08,-0.0,399.08,249034.02,Orwell Furnishings Ltd,ORWELL FURNISHINGS LTD,,,False,Lloyds_41283719_Oct24-Mar26.csv,1715
LLOYDS-Lloyds_41283719_Oct24-Mar26-1716,2026-02-10,Lloyds,41283719,,Northbridge Trading Ltd Current,FPO,FPO RIDLEY TOOLS LTD REF 6503,6503,0.0,2558.4,-2558.4,246475.62,Ridley Tools Ltd,RIDLEY TOOLS LTD,,,False,Lloyds_41283719_Oct24-Mar26.csv,1716
BARCLAYS-Barclays_90311276_export-124,2026-02-11,Barclays,90311276,20-45-18,Northbridge Trading Ltd,,CARD PAYMENT DHL EXPRESS,,0.0,466.53,-466.53,46852.03,Dhl Express,DHL EXPRESS,,,False,Barclays_90311276_export.csv,124
LLOYDS-Lloyds_41283719_Oct24-Mar26-1717,2026-02-11,Lloyds,41283719,,Northbridge Trading Ltd Current,BGC,BGC PEMBROKE LIVING INV87772,,2691.44,-0.0,2691.44,249167.06,Pembroke Living,PEMBROKE LIVING,,,False,Lloyds_41283719_Oct24-Mar26.csv,1717
LLOYDS-Lloyds_41283719_Oct24-Mar26-1718,2026-02-11,Lloyds,41283719,,Northbridge Trading Ltd Current,BGC,BGC QUAYSIDE RETAIL INV81888,,1905.67,-0.0,1905.67,251072.73,Quayside Retail,QUAYSIDE RETAIL,,,False,Lloyds_41283719_Oct24-Mar26.csv,1718
LLOYDS-Lloyds_41283719_Oct24-Mar26-1719,2026-02-11,Lloyds,41283719,,Northbridge Trading Ltd Current,FPO,FPO CARROW SECURITY LTD REF 3161,3161,0.0,5404.95,-5404.95,245667.78,Carrow Security Ltd,CARROW SECURITY LTD,,,False,Lloyds_41283719_Oct24-Mar26.csv,1719
LLOYDS-Lloyds_41283719_Oct24-Mar26-1720,2026-02-11,Lloyds,41283719,,Northbridge Trading Ltd Current,FPO,FPO STONEBRIDGE INSURANCE BROKERS REF 3813,3813,0.0,4767.22,-4767.22,240900.56,Stonebridge Insurance Brokers,STONEBRIDGE INSURANCE BROKERS,,,False,Lloyds_41283719_Oct24-Mar26.csv,1720
LLOYDS-Lloyds_41283719_Oct24-Mar26-1721,2026-02-12,Lloyds,41283719,,Northbridge Trading Ltd Current,BGC,BGC EVERLY INTERIORS LTD INV56284,,1322.91,-0.0,1322.91,242223.47,Everly Interiors Ltd,EVERLY INTERIORS LTD,,,False,Lloyds_41283719_Oct24-Mar26.csv,1721
LLOYDS-Lloyds_41283719_Oct24-Mar26-1722,2026-02-12,Lloyds,41283719,,Northbridge Trading Ltd Current,DD,DD BRITISH GAS BUSINESS,,0.0,730.86,-730.86,241492.61,British Gas Business,BRITISH GAS BUSINESS,,,False,Lloyds_41283719_Oct24-Mar26.csv,1722
LLOYDS-Lloyds_41283719_Oct24-Mar26-1723,2026-02-12,Lloyds,41283719,,Northbridge Trading Ltd Current,DD,DD BT BUSINESS,,0.0,411.51,-411.51,241081.1,Bt Business,BT BUSINESS,,,False,Lloyds_41283719_Oct24-Mar26.csv,1723
LLOYDS-Lloyds_41283719_Oct24-Mar26-1724,2026-02-12,Lloyds,41283719,,Northbridge Trading Ltd Current,DD,DD LUMEN ENERGY LTD,,0.0,1175.9,-1175.9,239905.2,Lumen Energy Ltd,LUMEN ENERGY LTD,,,False,Lloyds_41283719_Oct24-Mar26.csv,1724
LLOYDS-Lloyds_41283719_Oct24-Mar26-1725,2026-02-12,Lloyds,41283719,,Northbridge Trading Ltd Current,DD,DD THAMES WATER,,0.0,236.89,-236.89,239668.31,Thames Water,THAMES WATER,,,False,Lloyds_41283719_Oct24-Mar26.csv,1725
LLOYDS-Lloyds_41283719_Oct24-Mar26-1726,2026-02-12,Lloyds,41283719,,Northbridge Trading Ltd Current,FPO,FPO WEXFORD CATERING LTD REF 3634,3634,0.0,4314.1,-4314.1,235354.21,Wexford Catering Ltd,WEXFORD CATERING LTD,,,False,Lloyds_41283719_Oct24-Mar26.csv,1726
BARCLAYS-Barclays_90311276_export-125,2026-02-13,Barclays,90311276,20-45-18,Northbridge Trading Ltd,,CARD PAYMENT MICROSOFT,,0.0,268.34,-268.34,46583.69,Microsoft,MICROSOFT,,,False,Barclays_90311276_export.csv,125
LLOYDS-Lloyds_41283719_Oct24-Mar26-1727,2026-02-13,Lloyds,41283719,,Northbridge Trading Ltd Current,BGC,BGC DENBY GARDEN CENTRES INV15393,,3803.14,-0.0,3803.14,239157.35,Denby Garden Centres,DENBY GARDEN CENTRES,,,False,Lloyds_41283719_Oct24-Mar26.csv,1727
LLOYDS-Lloyds_41283719_Oct24-Mar26-1728,2026-02-13,Lloyds,41283719,,Northbridge Trading Ltd Current,BGC,BGC SELBY HOME STORES INV26577,,1862.52,-0.0,1862.52,241019.87,Selby Home Stores,SELBY HOME STORES,,,False,Lloyds_41283719_Oct24-Mar26.csv,1728
LLOYDS-Lloyds_41283719_Oct24-Mar26-1729,2026-02-13,Lloyds,41283719,,Northbridge Trading Ltd Current,FPO,FPO COASTLINE LOGISTICS LTD REF 6192,6192,0.0,5871.43,-5871.43,235148.44,Coastline Logistics Ltd,COASTLINE LOGISTICS LTD,,,False,Lloyds_41283719_Oct24-Mar26.csv,1729
LLOYDS-Lloyds_41283719_Oct24-Mar26-1730,2026-02-13,Lloyds,41283719,,Northbridge Trading Ltd Current,FPO,FPO PENNANT FREIGHT LTD REF 4361,4361,0.0,3440.55,-3440.55,231707.89,Pennant Freight Ltd,PENNANT FREIGHT LTD,,,False,Lloyds_41283719_Oct24-Mar26.csv,1730
BARCLAYS-Barclays_90311276_export-126,2026-02-16,Barclays,90311276,20-45-18,Northbridge Trading Ltd,,CASH WDL 16FEB,,0.0,3000.0,-3000.0,43583.69,CASH,CASH,,,False,Barclays_90311276_export.csv,126
BARCLAYS-Barclays_90311276_export-127,2026-02-16,Barclays,90311276,20-45-18,Northbridge Trading Ltd,,TFR FROM 30-96-26 41283719,,4000.0,0.0,4000.0,47583.69,Northbridge Trading Ltd,NORTHBRIDGE TRADING LTD,30-96-26,41283719,True,Barclays_90311276_export.csv,127
LLOYDS-Lloyds_41283719_Oct24-Mar26-1731,2026-02-16,Lloyds,41283719,,Northbridge Trading Ltd Current,BGC,BGC KINGSMEAD DISTRIBUTION INV30454,,330.07,-0.0,330.07,232037.96,Kingsmead Distribution,KINGSMEAD DISTRIBUTION,,,False,Lloyds_41283719_Oct24-Mar26.csv,1731
LLOYDS-Lloyds_41283719_Oct24-Mar26-1732,2026-02-16,Lloyds,41283719,,Northbridge Trading Ltd Current,BGC,BGC PEMBROKE LIVING INV29055,,3641.74,-0.0,3641.74,235679.7,Pembroke Living,PEMBROKE LIVING,,,False,Lloyds_41283719_Oct24-Mar26.csv,1732
LLOYDS-Lloyds_41283719_Oct24-Mar26-1733,2026-02-16,Lloyds,41283719,,Northbridge Trading Ltd Current,BGC,BGC RAVENSCOURT LTD INV76507,,1477.8,-0.0,1477.8,237157.5,Ravenscourt Ltd,RAVENSCOURT LTD,,,False,Lloyds_41283719_Oct24-Mar26.csv,1733
LLOYDS-Lloyds_41283719_Oct24-Mar26-1734,2026-02-16,Lloyds,41283719,,Northbridge Trading Ltd Current,FPO,FPO CARROW SECURITY LTD REF 3409,3409,0.0,4827.52,-4827.52,232329.98,Carrow Security Ltd,CARROW SECURITY LTD,,,False,Lloyds_41283719_Oct24-Mar26.csv,1734
LLOYDS-Lloyds_41283719_Oct24-Mar26-1735,2026-02-16,Lloyds,41283719,,Northbridge Trading Ltd Current,FPO,FPO VODAFONE BUSINESS REF 5748,5748,0.0,5822.19,-5822.19,226507.79,Vodafone Business,VODAFONE BUSINESS,,,False,Lloyds_41283719_Oct24-Mar26.csv,1735
LLOYDS-Lloyds_41283719_Oct24-Mar26-1736,2026-02-16,Lloyds,41283719,,Northbridge Trading Ltd Current,TFR,TFR TO 20-45-18 90311276,,0.0,4000.0,-4000.0,222507.79,Northbridge Trading Ltd,NORTHBRIDGE TRADING LTD,20-45-18,90311276,True,Lloyds_41283719_Oct24-Mar26.csv,1736
BARCLAYS-Barclays_90311276_export-128,2026-02-17,Barclays,90311276,20-45-18,Northbridge Trading Ltd,,CASH WDL 17FEB,,0.0,3000.0,-3000.0,44583.69,CASH,CASH,,,False,Barclays_90311276_export.csv,128
LLOYDS-Lloyds_41283719_Oct24-Mar26-1737,2026-02-17,Lloyds,41283719,,Northbridge Trading Ltd Current,BGC,BGC DENBY GARDEN CENTRES INV72781,,3474.61,-0.0,3474.61,225982.4,Denby Garden Centres,DENBY GARDEN CENTRES,,,False,Lloyds_41283719_Oct24-Mar26.csv,1737
LLOYDS-Lloyds_41283719_Oct24-Mar26-1738,2026-02-17,Lloyds,41283719,,Northbridge Trading Ltd Current,BGC,BGC EVERLY INTERIORS LTD INV98867,,2248.87,-0.0,2248.87,228231.27,Everly Interiors Ltd,EVERLY INTERIORS LTD,,,False,Lloyds_41283719_Oct24-Mar26.csv,1738
LLOYDS-Lloyds_41283719_Oct24-Mar26-1739,2026-02-17,Lloyds,41283719,,Northbridge Trading Ltd Current,FPO,FPO HALCYON IT SERVICES REF 8306,8306,0.0,2240.75,-2240.75,225990.52,Halcyon It Services,HALCYON IT SERVICES,,,False,Lloyds_41283719_Oct24-Mar26.csv,1739
LLOYDS-Lloyds_41283719_Oct24-Mar26-1740,2026-02-17,Lloyds,41283719,,Northbridge Trading Ltd Current,FPO,FPO MERIDIAN PACKAGING LTD REF 7580,7580,0.0,3762.5,-3762.5,222228.02,Meridian Packaging Ltd,MERIDIAN PACKAGING LTD,,,False,Lloyds_41283719_Oct24-Mar26.csv,1740
LLOYDS-Lloyds_41283719_Oct24-Mar26-1741,2026-02-18,Lloyds,41283719,,Northbridge Trading Ltd Current,BGC,BGC ISLEY & CO INV35652,,394.15,-0.0,394.15,222622.17,Isley & Co,ISLEY AND CO,,,False,Lloyds_41283719_Oct24-Mar26.csv,1741
LLOYDS-Lloyds_41283719_Oct24-Mar26-1742,2026-02-18,Lloyds,41283719,,Northbridge Trading Ltd Current,BGC,BGC SELBY HOME STORES INV79000,,1094.72,-0.0,1094.72,223716.89,Selby Home Stores,SELBY HOME STORES,,,False,Lloyds_41283719_Oct24-Mar26.csv,1742
LLOYDS-Lloyds_41283719_Oct24-Mar26-1743,2026-02-18,Lloyds,41283719,,Northbridge Trading Ltd Current,FPO,FPO BT BUSINESS REF 2431,2431,0.0,5858.66,-5858.66,217858.23,Bt Business,BT BUSINESS,,,False,Lloyds_41283719_Oct24-Mar26.csv,1743
LLOYDS-Lloyds_41283719_Oct24-Mar26-1744,2026-02-18,Lloyds,41283719,,Northbridge Trading Ltd Current,FPO,FPO THAMES WATER REF 4185,4185,0.0,3019.22,-3019.22,214839.01,Thames Water,THAMES WATER,,,False,Lloyds_41283719_Oct24-Mar26.csv,1744
LLOYDS-Lloyds_41283719_Oct24-Mar26-1745,2026-02-18,Lloyds,41283719,,Northbridge Trading Ltd Current,FPO,FPO WEXFORD CATERING LTD REF 9381,9381,0.0,5668.9,-5668.9,209170.11,Wexford Catering Ltd,WEXFORD CATERING LTD,,,False,Lloyds_41283719_Oct24-Mar26.csv,1745
LLOYDS-Lloyds_41283719_Oct24-Mar26-1746,2026-02-19,Lloyds,41283719,,Northbridge Trading Ltd Current,BGC,BGC ALDERTON RETAIL LTD INV47309,,1525.67,-0.0,1525.67,210695.78,Alderton Retail Ltd,ALDERTON RETAIL LTD,,,False,Lloyds_41283719_Oct24-Mar26.csv,1746
LLOYDS-Lloyds_41283719_Oct24-Mar26-1747,2026-02-19,Lloyds,41283719,,Northbridge Trading Ltd Current,BGC,BGC NEWHAM HARDWARE INV58448,,1670.26,-0.0,1670.26,212366.04,Newham Hardware,NEWHAM HARDWARE,,,False,Lloyds_41283719_Oct24-Mar26.csv,1747
LLOYDS-Lloyds_41283719_Oct24-Mar26-1748,2026-02-19,Lloyds,41283719,,Northbridge Trading Ltd Current,FPO,FPO BT BUSINESS REF 2435,2435,0.0,1411.82,-1411.82,210954.22,Bt Business,BT BUSINESS,,,False,Lloyds_41283719_Oct24-Mar26.csv,1748
LLOYDS-Lloyds_41283719_Oct24-Mar26-1749,2026-02-19,Lloyds,41283719,,Northbridge Trading Ltd Current,FPO,FPO BT BUSINESS REF 7809,7809,0.0,4851.56,-4851.56,206102.66,Bt Business,BT BUSINESS,,,False,Lloyds_41283719_Oct24-Mar26.csv,1749
BARCLAYS-Barclays_90311276_export-129,2026-02-20,Barclays,90311276,20-45-18,Northbridge Trading Ltd,,CASH WDL 20FEB,,0.0,3000.0,-3000.0,41583.69,CASH,CASH,,,False,Barclays_90311276_export.csv,129
LLOYDS-Lloyds_41283719_Oct24-Mar26-1750,2026-02-20,Lloyds,41283719,,Northbridge Trading Ltd Current,BGC,BGC JARROW BUILDERS MERCHANTS INV72208,,3784.22,-0.0,3784.22,209886.88,Jarrow Builders Merchants,JARROW BUILDERS MERCHANTS,,,False,Lloyds_41283719_Oct24-Mar26.csv,1750
LLOYDS-Lloyds_41283719_Oct24-Mar26-1751,2026-02-20,Lloyds,41283719,,Northbridge Trading Ltd Current,BGC,BGC NEWHAM HARDWARE INV28293,,3247.65,-0.0,3247.65,213134.53,Newham Hardware,NEWHAM HARDWARE,,,False,Lloyds_41283719_Oct24-Mar26.csv,1751
LLOYDS-Lloyds_41283719_Oct24-Mar26-1752,2026-02-20,Lloyds,41283719,,Northbridge Trading Ltd Current,BGC,BGC TAMAR TRADERS INV21282,,819.17,-0.0,819.17,213953.7,Tamar Traders,TAMAR TRADERS,,,False,Lloyds_41283719_Oct24-Mar26.csv,1752
LLOYDS-Lloyds_41283719_Oct24-Mar26-1753,2026-02-20,Lloyds,41283719,,Northbridge Trading Ltd Current,FPO,FPO BRITISH GAS BUSINESS REF 5478,5478,0.0,2574.91,-2574.91,211378.79,British Gas Business,BRITISH GAS BUSINESS,,,False,Lloyds_41283719_Oct24-Mar26.csv,1753
LLOYDS-Lloyds_41283719_Oct24-Mar26-1754,2026-02-20,Lloyds,41283719,,Northbridge Trading Ltd Current,FPO,FPO CARROW SECURITY LTD REF 7156,7156,0.0,667.42,-667.42,210711.37,Carrow Security Ltd,CARROW SECURITY LTD,,,False,Lloyds_41283719_Oct24-Mar26.csv,1754
LLOYDS-Lloyds_41283719_Oct24-Mar26-1755,2026-02-20,Lloyds,41283719,,Northbridge Trading Ltd Current,FPO,FPO KESTREL FUEL CARDS REF 2083,2083,0.0,5608.95,-5608.95,205102.42,Kestrel Fuel Cards,KESTREL FUEL CARDS,,,False,Lloyds_41283719_Oct24-Mar26.csv,1755
LLOYDS-Lloyds_41283719_Oct24-Mar26-1756,2026-02-20,Lloyds,41283719,,Northbridge Trading Ltd Current,TFR,TFR TO 60-12-44 77120931,,0.0,56000.0,-56000.0,149102.42,Northbridge Trading Ltd,NORTHBRIDGE TRADING LTD,60-12-44,77120931,True,Lloyds_41283719_Oct24-Mar26.csv,1756
NATWEST-NatWest_77120931_statement-264,2026-02-20,NatWest,77120931,,Northbridge Trading Ltd,TFR,TFR FROM 30-96-26 41283719,,56000.0,0.0,56000.0,169806.9,Northbridge Trading Ltd,NORTHBRIDGE TRADING LTD,30-96-26,41283719,True,NatWest_77120931_statement.xlsx,264
LLOYDS-Lloyds_41283719_Oct24-Mar26-1757,2026-02-23,Lloyds,41283719,,Northbridge Trading Ltd Current,BGC,BGC JARROW BUILDERS MERCHANTS INV82596,,2036.96,-0.0,2036.96,151139.38,Jarrow Builders Merchants,JARROW BUILDERS MERCHANTS,,,False,Lloyds_41283719_Oct24-Mar26.csv,1757
LLOYDS-Lloyds_41283719_Oct24-Mar26-1758,2026-02-23,Lloyds,41283719,,Northbridge Trading Ltd Current,BGC,BGC JARROW BUILDERS MERCHANTS INV86704,,1381.74,-0.0,1381.74,152521.12,Jarrow Builders Merchants,JARROW BUILDERS MERCHANTS,,,False,Lloyds_41283719_Oct24-Mar26.csv,1758
LLOYDS-Lloyds_41283719_Oct24-Mar26-1759,2026-02-23,Lloyds,41283719,,Northbridge Trading Ltd Current,BGC,BGC RAVENSCOURT LTD INV70745,,1103.07,-0.0,1103.07,153624.19,Ravenscourt Ltd,RAVENSCOURT LTD,,,False,Lloyds_41283719_Oct24-Mar26.csv,1759
LLOYDS-Lloyds_41283719_Oct24-Mar26-1760,2026-02-23,Lloyds,41283719,,Northbridge Trading Ltd Current,FPO,FPO OAKLINE OFFICE LTD REF 5303,5303,0.0,1905.99,-1905.99,151718.2,Oakline Office Ltd,OAKLINE OFFICE LTD,,,False,Lloyds_41283719_Oct24-Mar26.csv,1760
NATWEST-NatWest_77120931_statement-265,2026-02-23,NatWest,77120931,,Northbridge Trading Ltd,FPO,FPO HMRC PAYE 0226,,0.0,9616.17,-9616.17,160190.73,HMRC,HMRC,,,False,NatWest_77120931_statement.xlsx,265
BARCLAYS-Barclays_90311276_export-130,2026-02-24,Barclays,90311276,20-45-18,Northbridge Trading Ltd,,CASH WDL 24FEB,,0.0,2000.0,-2000.0,39583.69,CASH,CASH,,,False,Barclays_90311276_export.csv,130
LLOYDS-Lloyds_41283719_Oct24-Mar26-1761,2026-02-24,Lloyds,41283719,,Northbridge Trading Ltd Current,BGC,BGC JARROW BUILDERS MERCHANTS INV64677,,944.6,-0.0,944.6,152662.8,Jarrow Builders Merchants,JARROW BUILDERS MERCHANTS,,,False,Lloyds_41283719_Oct24-Mar26.csv,1761
LLOYDS-Lloyds_41283719_Oct24-Mar26-1762,2026-02-24,Lloyds,41283719,,Northbridge Trading Ltd Current,FPO,FPO MERIDIAN PACKAGING LTD REF 2955,2955,0.0,4623.6,-4623.6,148039.2,Meridian Packaging Ltd,MERIDIAN PACKAGING LTD,,,False,Lloyds_41283719_Oct24-Mar26.csv,1762
LLOYDS-Lloyds_41283719_Oct24-Mar26-1763,2026-02-25,Lloyds,41283719,,Northbridge Trading Ltd Current,BGC,BGC LARKHILL LTD INV86161,,2001.51,-0.0,2001.51,150040.71,Larkhill Ltd,LARKHILL LTD,,,False,Lloyds_41283719_Oct24-Mar26.csv,1763
LLOYDS-Lloyds_41283719_Oct24-Mar26-1764,2026-02-25,Lloyds,41283719,,Northbridge Trading Ltd Current,BGC,BGC NEWHAM HARDWARE INV43804,,2519.27,-0.0,2519.27,152559.98,Newham Hardware,NEWHAM HARDWARE,,,False,Lloyds_41283719_Oct24-Mar26.csv,1764
LLOYDS-Lloyds_41283719_Oct24-Mar26-1765,2026-02-25,Lloyds,41283719,,Northbridge Trading Ltd Current,BGC,BGC PEMBROKE LIVING INV25674,,1624.94,-0.0,1624.94,154184.92,Pembroke Living,PEMBROKE LIVING,,,False,Lloyds_41283719_Oct24-Mar26.csv,1765
LLOYDS-Lloyds_41283719_Oct24-Mar26-1766,2026-02-25,Lloyds,41283719,,Northbridge Trading Ltd Current,FPO,FPO COASTLINE LOGISTICS LTD REF 3394,3394,0.0,2020.13,-2020.13,152164.79,Coastline Logistics Ltd,COASTLINE LOGISTICS LTD,,,False,Lloyds_41283719_Oct24-Mar26.csv,1766
LLOYDS-Lloyds_41283719_Oct24-Mar26-1767,2026-02-25,Lloyds,41283719,,Northbridge Trading Ltd Current,FPO,FPO MERIDIAN PACKAGING LTD REF 5252,5252,0.0,1102.66,-1102.66,151062.13,Meridian Packaging Ltd,MERIDIAN PACKAGING LTD,,,False,Lloyds_41283719_Oct24-Mar26.csv,1767
LLOYDS-Lloyds_41283719_Oct24-Mar26-1768,2026-02-25,Lloyds,41283719,,Northbridge Trading Ltd Current,FPO,FPO OAKLINE OFFICE LTD REF 6855,6855,0.0,1105.36,-1105.36,149956.77,Oakline Office Ltd,OAKLINE OFFICE LTD,,,False,Lloyds_41283719_Oct24-Mar26.csv,1768
NATWEST-NatWest_77120931_statement-266,2026-02-25,NatWest,77120931,,Northbridge Trading Ltd,FPO,FPO A PATEL SALARY FEB26,,0.0,2613.17,-2613.17,157577.56,A Patel,A PATEL,,,False,NatWest_77120931_statement.xlsx,266
NATWEST-NatWest_77120931_statement-267,2026-02-25,NatWest,77120931,,Northbridge Trading Ltd,FPO,FPO C WALSH SALARY FEB26,,0.0,3202.95,-3202.95,154374.61,C Walsh,C WALSH,,,False,NatWest_77120931_statement.xlsx,267
NATWEST-NatWest_77120931_statement-268,2026-02-25,NatWest,77120931,,Northbridge Trading Ltd,FPO,FPO D O'BRIEN SALARY FEB26,,0.0,2211.52,-2211.52,152163.09,D O'Brien,D O'BRIEN,,,False,NatWest_77120931_statement.xlsx,268
NATWEST-NatWest_77120931_statement-269,2026-02-25,NatWest,77120931,,Northbridge Trading Ltd,FPO,FPO E MORGAN SALARY FEB26,,0.0,3491.74,-3491.74,148671.35,E Morgan,E MORGAN,,,False,NatWest_77120931_statement.xlsx,269
NATWEST-NatWest_77120931_statement-270,2026-02-25,NatWest,77120931,,Northbridge Trading Ltd,FPO,FPO H SCHMIDT SALARY FEB26,,0.0,2060.66,-2060.66,146610.69,H Schmidt,H SCHMIDT,,,False,NatWest_77120931_statement.xlsx,270
NATWEST-NatWest_77120931_statement-271,2026-02-25,NatWest,77120931,,Northbridge Trading Ltd,FPO,FPO J SMITH SALARY FEB26,,0.0,4200.0,-4200.0,142410.69,J Smith,J SMITH,,,False,NatWest_77120931_statement.xlsx,271
NATWEST-NatWest_77120931_statement-272,2026-02-25,NatWest,77120931,,Northbridge Trading Ltd,FPO,FPO J TAYLOR SALARY FEB26,,0.0,2824.31,-2824.31,139586.38,J Taylor,J TAYLOR,,,False,NatWest_77120931_statement.xlsx,272
NATWEST-NatWest_77120931_statement-273,2026-02-25,NatWest,77120931,,Northbridge Trading Ltd,FPO,FPO L KOWALSKI SALARY FEB26,,0.0,2505.17,-2505.17,137081.21,L Kowalski,L KOWALSKI,,,False,NatWest_77120931_statement.xlsx,273
NATWEST-NatWest_77120931_statement-274,2026-02-25,NatWest,77120931,,Northbridge Trading Ltd,FPO,FPO M HUGHES SALARY FEB26,,0.0,2392.76,-2392.76,134688.45,M Hughes,M HUGHES,,,False,NatWest_77120931_statement.xlsx,274
NATWEST-NatWest_77120931_statement-275,2026-02-25,NatWest,77120931,,Northbridge Trading Ltd,FPO,FPO P SINGH SALARY FEB26,,0.0,3179.47,-3179.47,131508.98,P Singh,P SINGH,,,False,NatWest_77120931_statement.xlsx,275
NATWEST-NatWest_77120931_statement-276,2026-02-25,NatWest,77120931,,Northbridge Trading Ltd,FPO,FPO R DAVIES SALARY FEB26,,0.0,2800.34,-2800.34,128708.64,R Davies,R DAVIES,,,False,NatWest_77120931_statement.xlsx,276
NATWEST-NatWest_77120931_statement-277,2026-02-25,NatWest,77120931,,Northbridge Trading Ltd,FPO,FPO S OKAFOR SALARY FEB26,,0.0,3450.58,-3450.58,125258.06,S Okafor,S OKAFOR,,,False,NatWest_77120931_statement.xlsx,277
NATWEST-NatWest_77120931_statement-278,2026-02-25,NatWest,77120931,,Northbridge Trading Ltd,FPO,FPO T NGUYEN SALARY FEB26,,0.0,2773.57,-2773.57,122484.49,T Nguyen,T NGUYEN,,,False,NatWest_77120931_statement.xlsx,278
LLOYDS-Lloyds_41283719_Oct24-Mar26-1769,2026-02-26,Lloyds,41283719,,Northbridge Trading Ltd Current,BGC,BGC JARROW BUILDERS MERCHANTS INV45580,,2720.91,-0.0,2720.91,152677.68,Jarrow Builders Merchants,JARROW BUILDERS MERCHANTS,,,False,Lloyds_41283719_Oct24-Mar26.csv,1769
LLOYDS-Lloyds_41283719_Oct24-Mar26-1770,2026-02-26,Lloyds,41283719,,Northbridge Trading Ltd Current,BGC,BGC LARKHILL LTD INV22561,,2190.82,-0.0,2190.82,154868.5,Larkhill Ltd,LARKHILL LTD,,,False,Lloyds_41283719_Oct24-Mar26.csv,1770
LLOYDS-Lloyds_41283719_Oct24-Mar26-1771,2026-02-26,Lloyds,41283719,,Northbridge Trading Ltd Current,BGC,BGC LARKHILL LTD INV28837,,360.27,-0.0,360.27,155228.77,Larkhill Ltd,LARKHILL LTD,,,False,Lloyds_41283719_Oct24-Mar26.csv,1771
LLOYDS-Lloyds_41283719_Oct24-Mar26-1772,2026-02-26,Lloyds,41283719,,Northbridge Trading Ltd Current,BGC,BGC QUAYSIDE RETAIL INV46885,,1624.28,-0.0,1624.28,156853.05,Quayside Retail,QUAYSIDE RETAIL,,,False,Lloyds_41283719_Oct24-Mar26.csv,1772
LLOYDS-Lloyds_41283719_Oct24-Mar26-1773,2026-02-26,Lloyds,41283719,,Northbridge Trading Ltd Current,FPO,FPO BRITISH GAS BUSINESS REF 6575,6575,0.0,5537.31,-5537.31,151315.74,British Gas Business,BRITISH GAS BUSINESS,,,False,Lloyds_41283719_Oct24-Mar26.csv,1773
LLOYDS-Lloyds_41283719_Oct24-Mar26-1774,2026-02-26,Lloyds,41283719,,Northbridge Trading Ltd Current,FPO,FPO PENNANT FREIGHT LTD REF 2678,2678,0.0,1424.58,-1424.58,149891.16,Pennant Freight Ltd,PENNANT FREIGHT LTD,,,False,Lloyds_41283719_Oct24-Mar26.csv,1774
BARCLAYS-Barclays_90311276_export-131,2026-02-27,Barclays,90311276,20-45-18,Northbridge Trading Ltd,,CASH WDL 27FEB,,0.0,1500.0,-1500.0,38083.69,CASH,CASH,,,False,Barclays_90311276_export.csv,131
LLOYDS-Lloyds_41283719_Oct24-Mar26-1775,2026-02-27,Lloyds,41283719,,Northbridge Trading Ltd Current,BGC,BGC CASTLEFORD STORES INV25278,,3189.15,-0.0,3189.15,153080.31,Castleford Stores,CASTLEFORD STORES,,,False,Lloyds_41283719_Oct24-Mar26.csv,1775
LLOYDS-Lloyds_41283719_Oct24-Mar26-1776,2026-02-27,Lloyds,41283719,,Northbridge Trading Ltd Current,BGC,BGC RAVENSCOURT LTD INV24937,,1779.89,-0.0,1779.89,154860.2,Ravenscourt Ltd,RAVENSCOURT LTD,,,False,Lloyds_41283719_Oct24-Mar26.csv,1776
LLOYDS-Lloyds_41283719_Oct24-Mar26-1777,2026-02-27,Lloyds,41283719,,Northbridge Trading Ltd Current,BGC,BGC TAMAR TRADERS INV78898,,3284.7,-0.0,3284.7,158144.9,Tamar Traders,TAMAR TRADERS,,,False,Lloyds_41283719_Oct24-Mar26.csv,1777
LLOYDS-Lloyds_41283719_Oct24-Mar26-1778,2026-02-27,Lloyds,41283719,,Northbridge Trading Ltd Current,FPO,FPO VODAFONE BUSINESS REF 6705,6705,0.0,1972.7,-1972.7,156172.2,Vodafone Business,VODAFONE BUSINESS,,,False,Lloyds_41283719_Oct24-Mar26.csv,1778
BARCLAYS-Barclays_90311276_export-132,2026-03-02,Barclays,90311276,20-45-18,Northbridge Trading Ltd,,CARD PAYMENT NORTHGATE VEHICLE HIRE,,0.0,235.78,-235.78,37847.91,Northgate Vehicle Hire,NORTHGATE VEHICLE HIRE,,,False,Barclays_90311276_export.csv,132
LLOYDS-Lloyds_41283719_Oct24-Mar26-1779,2026-03-02,Lloyds,41283719,,Northbridge Trading Ltd Current,BGC,BGC DENBY GARDEN CENTRES INV39144,,766.79,-0.0,766.79,156938.99,Denby Garden Centres,DENBY GARDEN CENTRES,,,False,Lloyds_41283719_Oct24-Mar26.csv,1779
LLOYDS-Lloyds_41283719_Oct24-Mar26-1780,2026-03-02,Lloyds,41283719,,Northbridge Trading Ltd Current,BGC,BGC EVERLY INTERIORS LTD INV39697,,1394.07,-0.0,1394.07,158333.06,Everly Interiors Ltd,EVERLY INTERIORS LTD,,,False,Lloyds_41283719_Oct24-Mar26.csv,1780
LLOYDS-Lloyds_41283719_Oct24-Mar26-1781,2026-03-02,Lloyds,41283719,,Northbridge Trading Ltd Current,BGC,BGC GLENMORE TRADING INV27067,,3758.69,-0.0,3758.69,162091.75,Glenmore Trading,GLENMORE TRADING,,,False,Lloyds_41283719_Oct24-Mar26.csv,1781
LLOYDS-Lloyds_41283719_Oct24-Mar26-1782,2026-03-02,Lloyds,41283719,,Northbridge Trading Ltd Current,BGC,BGC JARROW BUILDERS MERCHANTS INV13769,,2928.06,-0.0,2928.06,165019.81,Jarrow Builders Merchants,JARROW BUILDERS MERCHANTS,,,False,Lloyds_41283719_Oct24-Mar26.csv,1782
LLOYDS-Lloyds_41283719_Oct24-Mar26-1783,2026-03-02,Lloyds,41283719,,Northbridge Trading Ltd Current,DD,DD HARTWELL FINANCE PLC,,0.0,3180.4,-3180.4,161839.41,Hartwell Finance plc,HARTWELL FINANCE PLC,,,False,Lloyds_41283719_Oct24-Mar26.csv,1783
LLOYDS-Lloyds_41283719_Oct24-Mar26-1784,2026-03-02,Lloyds,41283719,,Northbridge Trading Ltd Current,DEB,ACCOUNT FEE,,0.0,57.24,-57.24,161782.17,Lloyds,LLOYDS,,,False,Lloyds_41283719_Oct24-Mar26.csv,1784
LLOYDS-Lloyds_41283719_Oct24-Mar26-1785,2026-03-02,Lloyds,41283719,,Northbridge Trading Ltd Current,FPO,FPO BRIGHTPATH PRINT LTD REF 2273,2273,0.0,260.02,-260.02,161522.15,Brightpath Print Ltd,BRIGHTPATH PRINT LTD,,,False,Lloyds_41283719_Oct24-Mar26.csv,1785
LLOYDS-Lloyds_41283719_Oct24-Mar26-1786,2026-03-02,Lloyds,41283719,,Northbridge Trading Ltd Current,FPO,FPO VODAFONE BUSINESS REF 8065,8065,0.0,398.72,-398.72,161123.43,Vodafone Business,VODAFONE BUSINESS,,,False,Lloyds_41283719_Oct24-Mar26.csv,1786
LLOYDS-Lloyds_41283719_Oct24-Mar26-1787,2026-03-02,Lloyds,41283719,,Northbridge Trading Ltd Current,SO,SO ASHCOMBE ESTATES RENT,,0.0,6250.0,-6250.0,154873.43,Ashcombe Estates,ASHCOMBE ESTATES,,,False,Lloyds_41283719_Oct24-Mar26.csv,1787
NATWEST-NatWest_77120931_statement-279,2026-03-02,NatWest,77120931,,Northbridge Trading Ltd,DEB,ACCOUNT CHARGES,,0.0,31.95,-31.95,122452.54,NatWest,NATWEST,,,False,NatWest_77120931_statement.xlsx,279
BARCLAYS-Barclays_90311276_export-133,2026-03-03,Barclays,90311276,20-45-18,Northbridge Trading Ltd,,CARD PAYMENT DHL EXPRESS,,0.0,33.46,-33.46,37814.45,Dhl Express,DHL EXPRESS,,,False,Barclays_90311276_export.csv,133
LLOYDS-Lloyds_41283719_Oct24-Mar26-1788,2026-03-03,Lloyds,41283719,,Northbridge Trading Ltd Current,BGC,BGC CASTLEFORD STORES INV49537,,2658.23,-0.0,2658.23,157531.66,Castleford Stores,CASTLEFORD STORES,,,False,Lloyds_41283719_Oct24-Mar26.csv,1788
LLOYDS-Lloyds_41283719_Oct24-Mar26-1789,2026-03-03,Lloyds,41283719,,Northbridge Trading Ltd Current,FPO,FPO BRIGHTPATH PRINT LTD REF 4365,4365,0.0,3587.48,-3587.48,153944.18,Brightpath Print Ltd,BRIGHTPATH PRINT LTD,,,False,Lloyds_41283719_Oct24-Mar26.csv,1789
LLOYDS-Lloyds_41283719_Oct24-Mar26-1790,2026-03-04,Lloyds,41283719,,Northbridge Trading Ltd Current,BGC,BGC CASTLEFORD STORES INV22989,,3191.75,-0.0,3191.75,157135.93,Castleford Stores,CASTLEFORD STORES,,,False,Lloyds_41283719_Oct24-Mar26.csv,1790
LLOYDS-Lloyds_41283719_Oct24-Mar26-1791,2026-03-04,Lloyds,41283719,,Northbridge Trading Ltd Current,BGC,BGC FAIRBANK WHOLESALE INV75619,,3055.62,-0.0,3055.62,160191.55,Fairbank Wholesale,FAIRBANK WHOLESALE,,,False,Lloyds_41283719_Oct24-Mar26.csv,1791
LLOYDS-Lloyds_41283719_Oct24-Mar26-1792,2026-03-04,Lloyds,41283719,,Northbridge Trading Ltd Current,BGC,BGC ISLEY & CO INV85989,,1535.91,-0.0,1535.91,161727.46,Isley & Co,ISLEY AND CO,,,False,Lloyds_41283719_Oct24-Mar26.csv,1792
LLOYDS-Lloyds_41283719_Oct24-Mar26-1793,2026-03-04,Lloyds,41283719,,Northbridge Trading Ltd Current,BGC,BGC TAMAR TRADERS INV41696,,2087.23,-0.0,2087.23,163814.69,Tamar Traders,TAMAR TRADERS,,,False,Lloyds_41283719_Oct24-Mar26.csv,1793
LLOYDS-Lloyds_41283719_Oct24-Mar26-1794,2026-03-04,Lloyds,41283719,,Northbridge Trading Ltd Current,FPO,FPO RIDLEY TOOLS LTD REF 4555,4555,0.0,4337.5,-4337.5,159477.19,Ridley Tools Ltd,RIDLEY TOOLS LTD,,,False,Lloyds_41283719_Oct24-Mar26.csv,1794
LLOYDS-Lloyds_41283719_Oct24-Mar26-1795,2026-03-05,Lloyds,41283719,,Northbridge Trading Ltd Current,BGC,BGC ALDERTON RETAIL LTD INV22934,,3559.05,-0.0,3559.05,163036.24,Alderton Retail Ltd,ALDERTON RETAIL LTD,,,False,Lloyds_41283719_Oct24-Mar26.csv,1795
LLOYDS-Lloyds_41283719_Oct24-Mar26-1796,2026-03-05,Lloyds,41283719,,Northbridge Trading Ltd Current,BGC,BGC QUAYSIDE RETAIL INV72221,,1601.29,-0.0,1601.29,164637.53,Quayside Retail,QUAYSIDE RETAIL,,,False,Lloyds_41283719_Oct24-Mar26.csv,1796
LLOYDS-Lloyds_41283719_Oct24-Mar26-1797,2026-03-05,Lloyds,41283719,,Northbridge Trading Ltd Current,BGC,BGC SELBY HOME STORES INV34264,,1858.23,-0.0,1858.23,166495.76,Selby Home Stores,SELBY HOME STORES,,,False,Lloyds_41283719_Oct24-Mar26.csv,1797
LLOYDS-Lloyds_41283719_Oct24-Mar26-1798,2026-03-05,Lloyds,41283719,,Northbridge Trading Ltd Current,FPO,FPO PENNANT FREIGHT LTD REF 6813,6813,0.0,5890.61,-5890.61,160605.15,Pennant Freight Ltd,PENNANT FREIGHT LTD,,,False,Lloyds_41283719_Oct24-Mar26.csv,1798
LLOYDS-Lloyds_41283719_Oct24-Mar26-1799,2026-03-06,Lloyds,41283719,,Northbridge Trading Ltd Current,BGC,BGC DENBY GARDEN CENTRES INV51193,,748.89,-0.0,748.89,161354.04,Denby Garden Centres,DENBY GARDEN CENTRES,,,False,Lloyds_41283719_Oct24-Mar26.csv,1799
LLOYDS-Lloyds_41283719_Oct24-Mar26-1800,2026-03-06,Lloyds,41283719,,Northbridge Trading Ltd Current,BGC,BGC DENBY GARDEN CENTRES INV78121,,792.05,-0.0,792.05,162146.09,Denby Garden Centres,DENBY GARDEN CENTRES,,,False,Lloyds_41283719_Oct24-Mar26.csv,1800
LLOYDS-Lloyds_41283719_Oct24-Mar26-1801,2026-03-06,Lloyds,41283719,,Northbridge Trading Ltd Current,BGC,BGC LARKHILL LTD INV47784,,2270.53,-0.0,2270.53,164416.62,Larkhill Ltd,LARKHILL LTD,,,False,Lloyds_41283719_Oct24-Mar26.csv,1801
LLOYDS-Lloyds_41283719_Oct24-Mar26-1802,2026-03-06,Lloyds,41283719,,Northbridge Trading Ltd Current,FPO,FPO ASHFORD STEEL SUPPLIES REF 6375,6375,0.0,3038.22,-3038.22,161378.4,Ashford Steel Supplies,ASHFORD STEEL SUPPLIES,,,False,Lloyds_41283719_Oct24-Mar26.csv,1802
LLOYDS-Lloyds_41283719_Oct24-Mar26-1803,2026-03-09,Lloyds,41283719,,Northbridge Trading Ltd Current,BGC,BGC HEXHAM SUPPLIES LTD INV82602,,1744.56,-0.0,1744.56,163122.96,Hexham Supplies Ltd,HEXHAM SUPPLIES LTD,,,False,Lloyds_41283719_Oct24-Mar26.csv,1803
LLOYDS-Lloyds_41283719_Oct24-Mar26-1804,2026-03-09,Lloyds,41283719,,Northbridge Trading Ltd Current,BGC,BGC NEWHAM HARDWARE INV34744,,3322.28,-0.0,3322.28,166445.24,Newham Hardware,NEWHAM HARDWARE,,,False,Lloyds_41283719_Oct24-Mar26.csv,1804
LLOYDS-Lloyds_41283719_Oct24-Mar26-1805,2026-03-09,Lloyds,41283719,,Northbridge Trading Ltd Current,BGC,BGC PEMBROKE LIVING INV99015,,1604.72,-0.0,1604.72,168049.96,Pembroke Living,PEMBROKE LIVING,,,False,Lloyds_41283719_Oct24-Mar26.csv,1805
LLOYDS-Lloyds_41283719_Oct24-Mar26-1806,2026-03-09,Lloyds,41283719,,Northbridge Trading Ltd Current,FPO,FPO BRAMBLE ACCOUNTANTS REF 9055,9055,0.0,4081.76,-4081.76,163968.2,Bramble Accountants,BRAMBLE ACCOUNTANTS,,,False,Lloyds_41283719_Oct24-Mar26.csv,1806
LLOYDS-Lloyds_41283719_Oct24-Mar26-1807,2026-03-10,Lloyds,41283719,,Northbridge Trading Ltd Current,BGC,BGC CASTLEFORD STORES INV25626,,818.22,-0.0,818.22,164786.42,Castleford Stores,CASTLEFORD STORES,,,False,Lloyds_41283719_Oct24-Mar26.csv,1807
LLOYDS-Lloyds_41283719_Oct24-Mar26-1808,2026-03-10,Lloyds,41283719,,Northbridge Trading Ltd Current,BGC,BGC FAIRBANK WHOLESALE INV18481,,1591.62,-0.0,1591.62,166378.04,Fairbank Wholesale,FAIRBANK WHOLESALE,,,False,Lloyds_41283719_Oct24-Mar26.csv,1808
LLOYDS-Lloyds_41283719_Oct24-Mar26-1809,2026-03-10,Lloyds,41283719,,Northbridge Trading Ltd Current,BGC,BGC GLENMORE TRADING INV54385,,1017.92,-0.0,1017.92,167395.96,Glenmore Trading,GLENMORE TRADING,,,False,Lloyds_41283719_Oct24-Mar26.csv,1809
LLOYDS-Lloyds_41283719_Oct24-Mar26-1810,2026-03-10,Lloyds,41283719,,Northbridge Trading Ltd Current,BGC,BGC MARSDEN DIY INV87405,,3746.27,-0.0,3746.27,171142.23,Marsden Diy,MARSDEN DIY,,,False,Lloyds_41283719_Oct24-Mar26.csv,1810
LLOYDS-Lloyds_41283719_Oct24-Mar26-1811,2026-03-10,Lloyds,41283719,,Northbridge Trading Ltd Current,FPO,FPO BRIGHTPATH PRINT LTD REF 4815,4815,0.0,5052.94,-5052.94,166089.29,Brightpath Print Ltd,BRIGHTPATH PRINT LTD,,,False,Lloyds_41283719_Oct24-Mar26.csv,1811
LLOYDS-Lloyds_41283719_Oct24-Mar26-1812,2026-03-10,Lloyds,41283719,,Northbridge Trading Ltd Current,FPO,FPO VODAFONE BUSINESS REF 5563,5563,0.0,4624.18,-4624.18,161465.11,Vodafone Business,VODAFONE BUSINESS,,,False,Lloyds_41283719_Oct24-Mar26.csv,1812
BARCLAYS-Barclays_90311276_export-134,2026-03-11,Barclays,90311276,20-45-18,Northbridge Trading Ltd,,CARD PAYMENT AMAZON BUSINESS,,0.0,249.14,-249.14,37565.31,Amazon Business,AMAZON BUSINESS,,,False,Barclays_90311276_export.csv,134
BARCLAYS-Barclays_90311276_export-135,2026-03-11,Barclays,90311276,20-45-18,Northbridge Trading Ltd,,CASH WDL 11MAR,,0.0,150.0,-150.0,37415.31,CASH,CASH,,,False,Barclays_90311276_export.csv,135
LLOYDS-Lloyds_41283719_Oct24-Mar26-1813,2026-03-11,Lloyds,41283719,,Northbridge Trading Ltd Current,BGC,BGC MARSDEN DIY INV56674,,1985.15,-0.0,1985.15,163450.26,Marsden Diy,MARSDEN DIY,,,False,Lloyds_41283719_Oct24-Mar26.csv,1813
LLOYDS-Lloyds_41283719_Oct24-Mar26-1814,2026-03-11,Lloyds,41283719,,Northbridge Trading Ltd Current,BGC,BGC ORWELL FURNISHINGS LTD INV24160,,743.89,-0.0,743.89,164194.15,Orwell Furnishings Ltd,ORWELL FURNISHINGS LTD,,,False,Lloyds_41283719_Oct24-Mar26.csv,1814
LLOYDS-Lloyds_41283719_Oct24-Mar26-1815,2026-03-11,Lloyds,41283719,,Northbridge Trading Ltd Current,BGC,BGC QUAYSIDE RETAIL INV46554,,832.28,-0.0,832.28,165026.43,Quayside Retail,QUAYSIDE RETAIL,,,False,Lloyds_41283719_Oct24-Mar26.csv,1815
LLOYDS-Lloyds_41283719_Oct24-Mar26-1816,2026-03-11,Lloyds,41283719,,Northbridge Trading Ltd Current,BGC,BGC TAMAR TRADERS INV63011,,3781.21,-0.0,3781.21,168807.64,Tamar Traders,TAMAR TRADERS,,,False,Lloyds_41283719_Oct24-Mar26.csv,1816
LLOYDS-Lloyds_41283719_Oct24-Mar26-1817,2026-03-11,Lloyds,41283719,,Northbridge Trading Ltd Current,FPO,FPO OAKLINE OFFICE LTD REF 1486,1486,0.0,732.68,-732.68,168074.96,Oakline Office Ltd,OAKLINE OFFICE LTD,,,False,Lloyds_41283719_Oct24-Mar26.csv,1817
LLOYDS-Lloyds_41283719_Oct24-Mar26-1818,2026-03-11,Lloyds,41283719,,Northbridge Trading Ltd Current,FPO,FPO VODAFONE BUSINESS REF 4781,4781,0.0,3825.97,-3825.97,164248.99,Vodafone Business,VODAFONE BUSINESS,,,False,Lloyds_41283719_Oct24-Mar26.csv,1818
LLOYDS-Lloyds_41283719_Oct24-Mar26-1819,2026-03-12,Lloyds,41283719,,Northbridge Trading Ltd Current,BGC,BGC CASTLEFORD STORES INV96649,,2953.15,-0.0,2953.15,167202.14,Castleford Stores,CASTLEFORD STORES,,,False,Lloyds_41283719_Oct24-Mar26.csv,1819
LLOYDS-Lloyds_41283719_Oct24-Mar26-1820,2026-03-12,Lloyds,41283719,,Northbridge Trading Ltd Current,BGC,BGC JARROW BUILDERS MERCHANTS INV91522,,2502.55,-0.0,2502.55,169704.69,Jarrow Builders Merchants,JARROW BUILDERS MERCHANTS,,,False,Lloyds_41283719_Oct24-Mar26.csv,1820
LLOYDS-Lloyds_41283719_Oct24-Mar26-1821,2026-03-12,Lloyds,41283719,,Northbridge Trading Ltd Current,BGC,BGC TAMAR TRADERS INV99024,,1462.62,-0.0,1462.62,171167.31,Tamar Traders,TAMAR TRADERS,,,False,Lloyds_41283719_Oct24-Mar26.csv,1821
LLOYDS-Lloyds_41283719_Oct24-Mar26-1822,2026-03-12,Lloyds,41283719,,Northbridge Trading Ltd Current,DD,DD BRITISH GAS BUSINESS,,0.0,699.42,-699.42,170467.89,British Gas Business,BRITISH GAS BUSINESS,,,False,Lloyds_41283719_Oct24-Mar26.csv,1822
LLOYDS-Lloyds_41283719_Oct24-Mar26-1823,2026-03-12,Lloyds,41283719,,Northbridge Trading Ltd Current,DD,DD BT BUSINESS,,0.0,332.71,-332.71,170135.18,Bt Business,BT BUSINESS,,,False,Lloyds_41283719_Oct24-Mar26.csv,1823
LLOYDS-Lloyds_41283719_Oct24-Mar26-1824,2026-03-12,Lloyds,41283719,,Northbridge Trading Ltd Current,DD,DD LUMEN ENERGY LTD,,0.0,1208.69,-1208.69,168926.49,Lumen Energy Ltd,LUMEN ENERGY LTD,,,False,Lloyds_41283719_Oct24-Mar26.csv,1824
LLOYDS-Lloyds_41283719_Oct24-Mar26-1825,2026-03-12,Lloyds,41283719,,Northbridge Trading Ltd Current,DD,DD THAMES WATER,,0.0,217.61,-217.61,168708.88,Thames Water,THAMES WATER,,,False,Lloyds_41283719_Oct24-Mar26.csv,1825
LLOYDS-Lloyds_41283719_Oct24-Mar26-1826,2026-03-12,Lloyds,41283719,,Northbridge Trading Ltd Current,FPO,FPO BT BUSINESS REF 4308,4308,0.0,1867.34,-1867.34,166841.54,Bt Business,BT BUSINESS,,,False,Lloyds_41283719_Oct24-Mar26.csv,1826
LLOYDS-Lloyds_41283719_Oct24-Mar26-1827,2026-03-12,Lloyds,41283719,,Northbridge Trading Ltd Current,FPO,FPO VODAFONE BUSINESS REF 9032,9032,0.0,3103.05,-3103.05,163738.49,Vodafone Business,VODAFONE BUSINESS,,,False,Lloyds_41283719_Oct24-Mar26.csv,1827
BARCLAYS-Barclays_90311276_export-136,2026-03-13,Barclays,90311276,20-45-18,Northbridge Trading Ltd,,CARD PAYMENT SAGE SOFTWARE,,0.0,81.86,-81.86,37333.45,Sage Software,SAGE SOFTWARE,,,False,Barclays_90311276_export.csv,136
LLOYDS-Lloyds_41283719_Oct24-Mar26-1828,2026-03-13,Lloyds,41283719,,Northbridge Trading Ltd Current,BGC,BGC MARSDEN DIY INV68997,,1419.1,-0.0,1419.1,165157.59,Marsden Diy,MARSDEN DIY,,,False,Lloyds_41283719_Oct24-Mar26.csv,1828
LLOYDS-Lloyds_41283719_Oct24-Mar26-1829,2026-03-13,Lloyds,41283719,,Northbridge Trading Ltd Current,FPO,FPO BT BUSINESS REF 8531,8531,0.0,360.49,-360.49,164797.1,Bt Business,BT BUSINESS,,,False,Lloyds_41283719_Oct24-Mar26.csv,1829
LLOYDS-Lloyds_41283719_Oct24-Mar26-1830,2026-03-13,Lloyds,41283719,,Northbridge Trading Ltd Current,FPO,FPO PENNANT FREIGHT LTD REF 5965,5965,0.0,5325.5,-5325.5,159471.6,Pennant Freight Ltd,PENNANT FREIGHT LTD,,,False,Lloyds_41283719_Oct24-Mar26.csv,1830
BARCLAYS-Barclays_90311276_export-137,2026-03-16,Barclays,90311276,20-45-18,Northbridge Trading Ltd,,CARD PAYMENT AMAZON BUSINESS,,0.0,412.6,-412.6,36920.85,Amazon Business,AMAZON BUSINESS,,,False,Barclays_90311276_export.csv,137
LLOYDS-Lloyds_41283719_Oct24-Mar26-1831,2026-03-18,Lloyds,41283719,,Northbridge Trading Ltd Current,FPO,FPO SMITH CONSULTING LTD,,0.0,4000.0,-4000.0,155471.6,Smith Consulting Ltd,SMITH CONSULTING LTD,,,False,Lloyds_41283719_Oct24-Mar26.csv,1831
